display_order,subtype_0_prob,subtype_1_prob
1,0.9983998693795164,0.0016001306204828
2,0.9975960945740164,0.0024039054259837
3,0.9924845374284929,0.0075154625715074
4,0.9911832976782092,0.0088167023217915
5,0.989704778066759,0.0102952219332428
6,0.9888135785985612,0.0111864214014389
7,0.9873406318478744,0.0126593681521266
8,0.9861972255311998,0.0138027744688002
9,0.9834985398051342,0.0165014601948652
10,0.9829907779683266,0.0170092220316735
11,0.981448549178294,0.0185514508217062
12,0.981234152126232,0.0187658478737694
13,0.981018278601624,0.0189817213983742
14,0.9792986337418536,0.0207013662581452
15,0.977440815887526,0.0225591841124745
16,0.975703602513472,0.0242963974865287
17,0.9735333567605596,0.0264666432394388
18,0.9714185726254924,0.0285814273745082
19,0.9680525017641982,0.0319474982358023
20,0.9665983732447284,0.0334016267552722
21,0.9653223803262104,0.0346776196737906
22,0.9652848150214736,0.0347151849785281
23,0.9642225842701386,0.0357774157298617
24,0.9613542349112956,0.0386457650887049
25,0.9613253785734102,0.0386746214265904
26,0.959492903232968,0.0405070967670314
27,0.959492903232968,0.0405070967670314
28,0.9593115830838264,0.0406884169161741
29,0.9564527331445238,0.043547266855477
30,0.9560769757218996,0.0439230242781006
31,0.9549069665498956,0.0450930334501031
32,0.9518415134096866,0.0481584865903145
33,0.9512014156918968,0.0487985843081023
34,0.9507094526016666,0.0492905473983342
35,0.9496715183296116,0.0503284816703889
36,0.9487786505709542,0.0512213494290453
37,0.9394465098925728,0.060553490107426
38,0.9344110644980892,0.0655889355019111
39,0.934347529393023,0.0656524706069776
40,0.9341547076583762,0.0658452923416244
41,0.9206019354494888,0.0793980645505109
42,0.9194712191232418,0.0805287808767595
43,0.9175769268070754,0.0824230731929255
44,0.9069758571828108,0.0930241428171879
45,0.9054237393180736,0.0945762606819252
46,0.8991308202561549,0.1008691797438447
47,0.8968751855773127,0.1031248144226884
48,0.887640224587191,0.1123597754128086
49,0.8839456116554338,0.1160543883445668
50,0.8819891131845455,0.1180108868154544
51,0.8814420926189913,0.1185579073810076
52,0.8763289038469417,0.1236710961530583
53,0.8675068499992445,0.1324931500007535
54,0.8572556952990653,0.1427443047009339
55,0.8522988976821165,0.1477011023178844
56,0.8478398714231377,0.1521601285768615
57,0.8423869345981061,0.1576130654018948
58,0.839745778626327,0.1602542213736748
59,0.8143648144711,0.1856351855289003
60,0.8108747576542625,0.1891252423457368
61,0.7993372449472579,0.2006627550527424
62,0.798250144311393,0.2017498556886066
63,0.7892689483186177,0.2107310516813817
64,0.788207555159081,0.21179244484092
65,0.778824359169846,0.2211756408301539
66,0.7597354062599937,0.2402645937400069
67,0.7504420230139642,0.2495579769860363
68,0.7504420230139642,0.2495579769860363
69,0.73927206002474,0.2607279399752605
70,0.6932247628471863,0.3067752371528138
71,0.6876325332336034,0.3123674667663966
72,0.6770996096522456,0.3229003903477543
73,0.6510251656256191,0.3489748343743822
74,0.6484851524732066,0.3515148475267954
75,0.6481290389751364,0.3518709610248643
76,0.6456886476126872,0.3543113523873123
77,0.6349160659323916,0.3650839340676111
78,0.6009485933470583,0.3990514066529413
79,0.5593599818666706,0.4406400181333296
80,0.5217085996331334,0.4782914003668667
81,0.9978994210198704,0.0021005789801294
82,0.9963822931112408,0.0036177068887586
83,0.9958192366417749,0.0041807633582243
84,0.9954415447248144,0.0045584552751847
85,0.9946171714098409,0.0053828285901603
86,0.9939394094449544,0.0060605905550448
87,0.9898691466306456,0.0101308533693536
88,0.989136966818584,0.0108630331814167
89,0.9883049207161976,0.0116950792838026
90,0.9866650606512414,0.0133349393487579
91,0.9857907841230532,0.014209215876946
92,0.9857760058467064,0.0142239941532949
93,0.9832800098167022,0.0167199901832992
94,0.9798611207921528,0.0201388792078462
95,0.9795931947656032,0.0204068052343981
96,0.9698122880267024,0.0301877119732965
97,0.9683596497584104,0.0316403502415894
98,0.9680875169094648,0.0319124830905356
99,0.9665423067221705,0.0334576932778291
100,0.9630583973675656,0.0369416026324348
101,0.9591641217368972,0.040835878263104
102,0.9571507991236526,0.0428492008763476
103,0.9563009753465116,0.0436990246534882
104,0.954925066292836,0.0450749337071641
105,0.9532815765798212,0.0467184234201791
106,0.951948088181178,0.0480519118188219
107,0.9513938890723462,0.0486061109276546
108,0.950701808530836,0.0492981914691626
109,0.9488180415173366,0.0511819584826647
110,0.9458801379221052,0.0541198620778961
111,0.9457272987129008,0.0542727012870988
112,0.939668472225848,0.060331527774153
113,0.9380411900082396,0.0619588099917607
114,0.9353640518492452,0.0646359481507558
115,0.9338567479341328,0.0661432520658668
116,0.9312590580284792,0.0687409419715209
117,0.9196112520653522,0.0803887479346485
118,0.9166522621327836,0.0833477378672165
119,0.907141715685998,0.092858284314001
120,0.8828426819174735,0.1171573180825241
121,0.8810466848947853,0.118953315105216
122,0.8623462183004783,0.1376537816995227
123,0.841525334219298,0.1584746657807035
124,0.8337253460546994,0.1662746539452976
125,0.8269126147357461,0.173087385264254
126,0.8143360977689573,0.1856639022310439
127,0.807872037982487,0.1921279620175133
128,0.7857622271849244,0.2142377728150765
129,0.7799934487327739,0.2200065512672266
130,0.7724726224755938,0.227527377524406
131,0.75677868766375,0.2432213123362504
132,0.7321339959379136,0.2678660040620884
133,0.6980935829268964,0.3019064170731045
134,0.6945702291626878,0.3054297708373109
135,0.6776333732579084,0.322366626742091
136,0.6735582927069438,0.3264417072930571
137,0.6732503211475377,0.3267496788524621
138,0.6206606610157326,0.3793393389842655
139,0.6194606025731328,0.3805393974268657
140,0.5433158487793237,0.4566841512206767
141,0.9999233138462044,7.668615379572181e-05
142,0.9996068447816848,0.000393155218316
143,0.9991443742004078,0.0008556257995924
144,0.9990459222866528,0.0009540777133473
145,0.998834960271038,0.0011650397289633
146,0.9984164142495944,0.0015835857504043
147,0.998145994497869,0.0018540055021305
148,0.9980058173629988,0.0019941826370017
149,0.9970282844872052,0.0029717155127934
150,0.996828802157764,0.0031711978422352
151,0.9966366347859914,0.0033633652140083
152,0.9965915259028634,0.0034084740971364
153,0.9961943341377236,0.0038056658622765
154,0.9959094467245572,0.0040905532754416
155,0.9926205903347348,0.0073794096652652
156,0.9878189641837056,0.0121810358162948
157,0.9871653704897853,0.0128346295102156
158,0.984525275589657,0.0154747244103431
159,0.984525275589657,0.0154747244103431
160,0.981883784177156,0.0181162158228439
161,0.981740487098098,0.0182595129019025
162,0.9816639755783452,0.0183360244216549
163,0.9816639755783452,0.0183360244216549
164,0.98052910608698,0.0194708939130189
165,0.9799514675596404,0.0200485324403602
166,0.9770990528869644,0.0229009471130359
167,0.9757266753353516,0.0242733246646497
168,0.9686591804090277,0.0313408195909716
169,0.9633243664507642,0.0366756335492363
170,0.9632449986288996,0.036755001371101
171,0.9628836189847662,0.0371163810152332
172,0.9617289939730154,0.0382710060269853
173,0.9587832202487168,0.0412167797512834
174,0.9543374548903598,0.045662545109641
175,0.9488619114172304,0.0511380885827708
176,0.9398150653554928,0.0601849346445065
177,0.9395645108755594,0.0604354891244407
178,0.93764141222299,0.0623585877770092
179,0.9272873376014352,0.0727126623985647
180,0.9253036003112646,0.0746963996887353
181,0.9101460880670754,0.0898539119329255
182,0.9079677189279448,0.0920322810720554
183,0.9074035914264312,0.0925964085735698
184,0.9063896076156984,0.0936103923843023
185,0.9042745241449176,0.0957254758550833
186,0.8917153638543495,0.1082846361456506
187,0.8527676077232392,0.1472323922767612
188,0.8501927943190597,0.1498072056809387
189,0.8438461386513307,0.1561538613486691
190,0.8272913673004526,0.172708632699547
191,0.8002540356669438,0.1997459643330561
192,0.7972420161959353,0.2027579838040649
193,0.7945114607641286,0.2054885392358717
194,0.7922008531852319,0.2077991468147678
195,0.7592042822631481,0.2407957177368518
196,0.7340246824836161,0.2659753175163846
197,0.6010103098390503,0.3989896901609492
198,0.5701567839110514,0.4298432160889495
199,0.5510409341174515,0.4489590658825479
200,0.99996247132169,3.7528678311282194e-05
201,0.9997962349906746,0.0002037650093246
202,0.9997761268970178,0.0002238731029824
203,0.9997013843794704,0.0002986156205293
204,0.9994651680825204,0.0005348319174799
205,0.9990712085862132,0.0009287914137865
206,0.9972520782304476,0.002747921769553
207,0.9970863762860718,0.0029136237139278
208,0.9964692355765192,0.003530764423481
209,0.9963557279846698,0.0036442720153299
210,0.9951924247438776,0.0048075752561232
211,0.992902566327517,0.0070974336724838
212,0.9924962469100402,0.0075037530899605
213,0.9902531633817228,0.009746836618278
214,0.9851256514305636,0.0148743485694368
215,0.9845243907313532,0.0154756092686463
216,0.9815157041913636,0.0184842958086364
217,0.975843110978312,0.0241568890216877
218,0.9712289069388496,0.0287710930611504
219,0.9711692932764108,0.0288307067235894
220,0.9653436161501106,0.0346563838498897
221,0.9524741262521572,0.0475258737478421
222,0.9446637793702792,0.0553362206297189
223,0.9405692348276632,0.0594307651723368
224,0.9304097576932348,0.0695902423067647
225,0.9237116783255298,0.0762883216744708
226,0.9059641791919416,0.0940358208080587
227,0.9020175875575032,0.0979824124424963
228,0.8703299511442949,0.1296700488557038
229,0.8613002067496572,0.1386997932503431
230,0.8538066518418673,0.146193348158134
231,0.8380657668119055,0.1619342331880952
232,0.8337620143318752,0.1662379856681248
233,0.823987440717667,0.1760125592823323
234,0.8188788581342701,0.1811211418657299
235,0.8067189610803306,0.1932810389196699
236,0.8024671971783477,0.1975328028216516
237,0.7456728516779726,0.2543271483220267
238,0.673487946089381,0.3265120539106206
239,0.6053280220365017,0.3946719779634978
240,0.6047587403433449,0.3952412596566544
241,0.5937514252346924,0.4062485747653085
242,0.5332222690024498,0.4667777309975486
243,0.999998691061432,1.308938567165068e-06
244,0.9999929428645058,7.0571354928585e-06
245,0.9999884440932616,1.1555906736391624e-05
246,0.9999757035742624,2.429642573606872e-05
247,0.999958106286888,4.189371311127182e-05
248,0.9998143108508608,0.000185689149138
249,0.9997194879062976,0.0002805120937039
250,0.999667154516889,0.0003328454831113
251,0.9994822109635332,0.0005177890364672
252,0.9992537027240428,0.0007462972759573
253,0.9991361182939708,0.0008638817060297
254,0.9985477175611756,0.0014522824388238
255,0.9976012916209656,0.002398708379034
256,0.997133506220214,0.0028664937797851
257,0.9970253495812296,0.002974650418771
258,0.9933696565808544,0.0066303434191455
259,0.992630554758426,0.0073694452415743
260,0.9906214979600731,0.0093785020399269
261,0.9898218599966656,0.0101781400033336
262,0.985776291959432,0.0142237080405684
263,0.9793237296819468,0.0206762703180545
264,0.9791628478044954,0.0208371521955038
265,0.97461829637029,0.0253817036297092
266,0.9744290560195163,0.0255709439804829
267,0.9739797882384266,0.0260202117615728
268,0.9692236175397532,0.0307763824602479
269,0.9630662610948402,0.036933738905161
270,0.9559628070538336,0.0440371929461654
271,0.9469528549005776,0.053047145099422
272,0.9158179353203664,0.0841820646796328
273,0.7984601673751015,0.2015398326249001
274,0.7705054678608726,0.2294945321391271
275,0.7430402815903335,0.2569597184096665
276,0.732241946261491,0.2677580537385074
277,0.7262518769695531,0.2737481230304484
278,0.7215652172933518,0.2784347827066502
279,0.6209836467831371,0.3790163532168641
280,0.6039647704974532,0.3960352295025474
281,0.5539863958432739,0.4460136041567269
282,0.5254047326545429,0.4745952673454574
283,0.9999984939825745,1.5060174260674348e-06
284,0.999994451945582,5.548054418920229e-06
285,0.9999785927562382,2.140724376100287e-05
286,0.9999609670643458,3.903293565366924e-05
287,0.9999482448047612,5.1755195239066e-05
288,0.9999454663353144,5.4533664685897646e-05
289,0.9999149000729848,8.509992701586731e-05
290,0.9998915161870824,0.0001084838129167
291,0.9998854302969268,0.000114569703073
292,0.9998771670522176,0.0001228329477828
293,0.9998094202491702,0.0001905797508291
294,0.9997024212044564,0.0002975787955449
295,0.9996533121009704,0.0003466878990302
296,0.9993718383868956,0.0006281616131035
297,0.9991915048121284,0.0008084951878731
298,0.9984468044493144,0.0015531955506851
299,0.9981074824597632,0.0018925175402341
300,0.9975977982066272,0.0024022017933717
301,0.9972182350731538,0.0027817649268455
302,0.9970957643489604,0.0029042356510397
303,0.9963380270862008,0.0036619729137992
304,0.995326774436044,0.0046732255639563
305,0.99207735155035,0.00792264844965
306,0.9858414760236102,0.0141585239763907
307,0.9848034366641204,0.0151965633358793
308,0.9830200667216654,0.0169799332783352
309,0.9809787371747036,0.019021262825296
310,0.9788869598062172,0.0211130401937832
311,0.9782017725358336,0.021798227464166
312,0.975774946833669,0.0242250531663312
313,0.96901783058107,0.0309821694189308
314,0.963056737501506,0.0369432624984934
315,0.9588556364295544,0.0411443635704467
316,0.9542062691818776,0.0457937308181211
317,0.9156805812538538,0.0843194187461458
318,0.9093915092098144,0.0906084907901859
319,0.8769483836167988,0.1230516163832006
320,0.8100342817192425,0.1899657182807585
321,0.8016860825168929,0.1983139174831064
322,0.7453069118267556,0.2546930881732457
323,0.5982665229434255,0.4017334770565751
324,0.5851783754395906,0.4148216245604093
325,0.5666490972092262,0.4333509027907758
326,0.5413152378899041,0.4586847621100967
327,0.5141161536044029,0.4858838463955971
328,0.9999998779620158,1.2203798506860604e-07
329,0.9999997536740328,2.463259673334416e-07
330,0.9999997380537616,2.619462370847577e-07
331,0.999999144003312,8.559966871151236e-07
332,0.9999934098522354,6.590147764613272e-06
333,0.9999913955365486,8.604463450917087e-06
334,0.9999862709910547,1.3729008945418337e-05
335,0.999978696449956,2.1303550044644817e-05
336,0.9999713439227886,2.865607721065105e-05
337,0.9999713439227886,2.865607721065105e-05
338,0.9999713439227886,2.865607721065105e-05
339,0.9999713439227886,2.865607721065105e-05
340,0.9999713439227886,2.865607721065105e-05
341,0.9999713439227886,2.865607721065105e-05
342,0.999957904489958,4.20955100414537e-05
343,0.9999158255799776,8.417442002308059e-05
344,0.9997393496921576,0.0002606503078429
345,0.9997262614076076,0.0002737385923917
346,0.9997189888194176,0.0002810111805829
347,0.999647445680396,0.0003525543196038
348,0.9996464110020526,0.0003535889979474
349,0.9996338430029322,0.0003661569970685
350,0.999103865059388,0.0008961349406112
351,0.998410578950386,0.0015894210496136
352,0.998021179688092,0.0019788203119092
353,0.9979092074122446,0.002090792587755
354,0.9976110001735652,0.0023889998264349
355,0.9965990910090916,0.0034009089909085
356,0.9961360265329546,0.003863973467045
357,0.995739722217408,0.0042602777825934
358,0.99478298659134,0.0052170134086611
359,0.9927844103287408,0.0072155896712581
360,0.9924481543820104,0.0075518456179907
361,0.9909357771886916,0.0090642228113104
362,0.986978100379957,0.0130218996200428
363,0.9858949032531432,0.0141050967468558
364,0.9752471633934992,0.0247528366065001
365,0.9576048484754972,0.0423951515245026
366,0.9539734067042503,0.0460265932957483
367,0.9340016792718334,0.0659983207281665
368,0.9326417323196066,0.0673582676803933
369,0.93081899662011,0.0691810033798904
370,0.9149835349541476,0.0850164650458523
371,0.9102207965794096,0.0897792034205905
372,0.8503873044045129,0.1496126955954867
373,0.8486545307128945,0.1513454692871057
374,0.8153334199255927,0.1846665800744066
375,0.7927010713859651,0.2072989286140351
376,0.7548110979292272,0.2451889020707726
377,0.7429494865673499,0.25705051343265
378,0.7299664880349459,0.2700335119650563
379,0.6723162516936344,0.3276837483063649
380,0.6317595566747914,0.3682404433252084
381,0.5891187758743485,0.410881224125651
382,0.5664022296574295,0.4335977703425696
383,0.9999999973892388,2.610762525882945e-09
384,0.9999999645857056,3.541429396044404e-08
385,0.9999998115300708,1.884699284664543e-07
386,0.999999810395647,1.8960435443895746e-07
387,0.9999992343708116,7.656291873931462e-07
388,0.9999970628486068,2.937151394453664e-06
389,0.9999967056850614,3.2943149403242674e-06
390,0.9999862023738518,1.37976261493701e-05
391,0.9999825111237404,1.7488876257939946e-05
392,0.9999780425844004,2.195741560009877e-05
393,0.99997722086879,2.2779131210344307e-05
394,0.9999728612331016,2.713876689927978e-05
395,0.9998892525171852,0.000110747482815
396,0.99988276672588,0.0001172332741199
397,0.9998683426508967,0.0001316573491032
398,0.999843809326645,0.0001561906733532
399,0.9997784259282508,0.0002215740717497
400,0.9997492238174764,0.0002507761825235
401,0.9995586351465504,0.0004413648534502
402,0.9995036703197075,0.0004963296802931
403,0.998733739326235,0.0012662606737652
404,0.9984904273054324,0.0015095726945681
405,0.998272931686945,0.0017270683130559
406,0.9978152258497762,0.0021847741502233
407,0.9971610772683496,0.0028389227316502
408,0.9930470430032288,0.0069529569967709
409,0.991801567141288,0.0081984328587133
410,0.9849724542795772,0.0150275457204235
411,0.6566781617791251,0.343321838220876
412,0.6551737302802658,0.3448262697197363
413,0.9999999999970524,2.948454413478234e-12
414,0.9999999999329996,6.700059399801158e-11
415,0.9999999999317984,6.820151953405708e-11
416,0.9999999998544152,1.4558467011144927e-10
417,0.9999999998382596,1.6174073197293228e-10
418,0.9999999998379764,1.6202224633185108e-10
419,0.9999999992408336,7.591666961474801e-10
420,0.9999999992274468,7.725532032613407e-10
421,0.999999998801637,1.198363638348498e-09
422,0.999999993856702,6.143297821694059e-09
423,0.9999999897698826,1.0230117730334036e-08
424,0.9999999687562652,3.1243735704322404e-08
425,0.9999997358585718,2.6414142705976984e-07
426,0.9999997358585718,2.6414142705976984e-07
427,0.9999993613991076,6.38600892808371e-07
428,0.9999949884055764,5.011594423718325e-06
429,0.999990397906812,9.602093187505852e-06
430,0.999947714242493,5.228575750865463e-05
431,0.999824774161341,0.0001752258386587
432,0.999481775986492,0.000518224013507
433,0.998531720464896,0.0014682795351045
434,0.9977155891133866,0.002284410886613
435,0.9956815997745624,0.004318400225438
436,0.9948241865513548,0.0051758134486445
437,0.9942687723918504,0.0057312276081493
438,0.9906495828560308,0.0093504171439685
439,0.9787115622582568,0.0212884377417424
440,0.9617821102030168,0.0382178897969833
441,0.8963471471532201,0.1036528528467804
442,0.8911959291443066,0.1088040708556931
443,0.8387122489483774,0.1612877510516228
444,0.5010234861682028,0.4989765138317954
445,0.9999999999999952,8.652953487871179e-16
446,0.9999999999998072,1.9274157208328843e-13
447,0.9999999999929748,7.026542215984536e-12
448,0.9999999999807696,1.923052290306369e-11
449,0.9999999999734306,2.656847811357385e-11
450,0.9999999999253678,7.46309403239403e-11
451,0.9999999955034602,4.496539320674349e-09
452,0.999999989057806,1.0942194160435548e-08
453,0.999999989057806,1.0942194160435548e-08
454,0.999999989057806,1.0942194160435548e-08
455,0.999999878816133,1.211838682620877e-07
456,0.9999997789088036,2.2109119684539627e-07
457,0.9999993516044966,6.483955036594376e-07
458,0.9999986450520272,1.354947971996432e-06
459,0.9999923084298592,7.691570139918256e-06
460,0.9999841304990854,1.5869500913448578e-05
461,0.999944340271282,5.565972871781124e-05
462,0.9997764097465468,0.0002235902534534
463,0.9997557087972256,0.0002442912027747
464,0.999524514925236,0.0004754850747659
465,0.999423033276821,0.0005769667231778
466,0.9993923969114096,0.000607603088589
467,0.9993777266844156,0.0006222733155849
468,0.9993246297344548,0.0006753702655451
469,0.9986692947904806,0.00133070520952
470,0.9972503169260336,0.0027496830739664
471,0.995378890983022,0.0046211090169783
472,0.995252203779894,0.0047477962201061
473,0.9931435110588416,0.0068564889411573
474,0.9595364517758584,0.0404635482241413
475,0.9050208871930884,0.0949791128069122
476,0.8962895622863728,0.1037104377136267
477,0.82609790691217,0.173902093087832
478,0.9999999999999516,2.8389398230173034e-14
479,0.9999999999997006,2.987138119018231e-13
480,0.9999999999906012,9.398734710187556e-12
481,0.99999999997849,2.1509772560935413e-11
482,0.99999999997849,2.1509772560935413e-11
483,0.9999999999747357,2.526408816712604e-11
484,0.9999999999090872,9.091330660753262e-11
485,0.999999998928739,1.0712609580338972e-09
486,0.9999999965964464,3.4035545599385363e-09
487,0.9999999963413752,3.6586246582671534e-09
488,0.9999999299684336,7.00315666150224e-08
489,0.99999981776535,1.822346503460887e-07
490,0.9999995888210582,4.11178942772645e-07
491,0.9999994166675488,5.833324512217868e-07
492,0.999999298536436,7.014635644741262e-07
493,0.9999991145901932,8.85409807190652e-07
494,0.9999964725350944,3.527464906544208e-06
495,0.9999940460123042,5.953987695050316e-06
496,0.9999849613077324,1.5038692266219112e-05
497,0.9999817034181636,1.829658183812744e-05
498,0.9999685051050456,3.149489495543133e-05
499,0.9999267940744532,7.320592554711066e-05
500,0.9999241712578713,7.58287421291024e-05
501,0.999857381145532,0.0001426188544671
502,0.9990491955968182,0.0009508044031827
503,0.9982846212067914,0.0017153787932089
504,0.9968312146616504,0.0031687853383487
505,0.9849768046935892,0.0150231953064099
506,0.9765971880063772,0.0234028119936222
507,0.976243000448548,0.023756999551453
508,0.8453722717589419,0.1546277282410569
509,0.830189512819451,0.1698104871805492
510,0.6557739334127272,0.344226066587276
511,0.6217877822536246,0.3782122177463742
512,0.9999999999880168,1.1983469589801554e-11
513,0.9999999999872372,1.2763475926965748e-11
514,0.9999999992117056,7.882958301342263e-10
515,0.9999999877331168,1.2266884100940404e-08
516,0.9999999527927697,4.720723241154189e-08
517,0.9999998978954814,1.021045183115625e-07
518,0.999999840455101,1.595449001791801e-07
519,0.9999996273148296,3.726851696847287e-07
520,0.9999993427140912,6.572859101343093e-07
521,0.999997458257198,2.541742800731941e-06
522,0.9999963131531944,3.686846804188194e-06
523,0.999995478375062,4.521624938650468e-06
524,0.999965618467273,3.4381532726084446e-05
525,0.999964633156461,3.536684353938569e-05
526,0.9999567859238336,4.321407616734698e-05
527,0.9999549435063638,4.505649363583776e-05
528,0.9994898624644524,0.000510137535547
529,0.999042154984406,0.0009578450155949
530,0.9988541625605138,0.0011458374394853
531,0.990346324193464,0.0096536758065369
532,0.9355442448907744,0.0644557551092268
533,0.8832206739863053,0.1167793260136957
534,0.8064173303628446,0.1935826696371555
535,0.5350246909268214,0.4649753090731796
536,0.9999999999965404,3.458751761833085e-12
537,0.9999999999821528,1.784810425862208e-11
538,0.9999999999208904,7.91098456191025e-11
539,0.999999999749837,2.5016432121336007e-10
540,0.999999998686146,1.3138547341879434e-09
541,0.9999999969826652,3.017335331971488e-09
542,0.9999999462815856,5.371841432869471e-08
543,0.9999997317611244,2.682388741735408e-07
544,0.999999132471026,8.67528974191703e-07
545,0.9993497590099236,0.0006502409900767
546,0.9990627213726,0.0009372786273998
547,0.998936775575739,0.0010632244242626
548,0.998483373352075,0.0015166266479252
549,0.9983113989852436,0.0016886010147565
550,0.9974740833210594,0.0025259166789396
551,0.9968972792076818,0.0031027207923188
552,0.995114475581625,0.004885524418376
553,0.995114475581625,0.004885524418376
554,0.9927367083987458,0.0072632916012543
555,0.9918507698486264,0.0081492301513751
556,0.9910047253479848,0.0089952746520158
557,0.9866658746878144,0.0133341253121864
558,0.9860969230828318,0.0139030769171689
559,0.9404434267277124,0.0595565732722885
560,0.708389175686313,0.2916108243136857
561,0.999999999995786,4.214849028255971e-12
562,0.999999999853202,1.4679777164920375e-10
563,0.9999999937677304,6.2322677801122175e-09
564,0.999999969461396,3.053860433371267e-08
565,0.9999998874608756,1.125391240105504e-07
566,0.9999993518265884,6.481734118685213e-07
567,0.999998755474105,1.2445258962305529e-06
568,0.9999982274697026,1.772530297676535e-06
569,0.9999971789870168,2.821012982445152e-06
570,0.9999902664048086,9.733595191968844e-06
571,0.9999814089504696,1.859104953089153e-05
572,0.9999625503384852,3.7449661513544165e-05
573,0.9999568708219708,4.3129178028572136e-05
574,0.9999499884629056,5.0011537095280685e-05
575,0.9998567166463056,0.0001432833536923
576,0.999728298869492,0.0002717011305069
577,0.9965619657783676,0.0034380342216325
578,0.99181682041119,0.0081831795888094
579,0.9845815449830388,0.0154184550169621
580,0.8805393074556717,0.1194606925443291
581,0.5812514049841749,0.4187485950158244
582,0.999999999066747,9.332527004895115e-10
583,0.999999998719198,1.2808016407396167e-09
584,0.9999999986262008,1.3737991348444687e-09
585,0.999999997488958,2.5110434247005183e-09
586,0.9999999973687976,2.631201915017662e-09
587,0.9999999911692126,8.830787717276772e-09
588,0.9999999875372844,1.2462715930031705e-08
589,0.9999999265909668,7.340903370023203e-08
590,0.9999997106185268,2.8938147433719615e-07
591,0.9999956114095534,4.388590446252742e-06
592,0.9999847024371508,1.5297562850266523e-05
593,0.9999811475677192,1.885243228084771e-05
594,0.9999619721319908,3.802786800919834e-05
595,0.9997512971780148,0.000248702821986
596,0.9985233222861126,0.0014766777138863
597,0.9437975800530212,0.0562024199469782
598,0.5081519405617225,0.4918480594382774
599,0.9999999957243604,4.275638966702735e-09
600,0.9999999878813264,1.2118672765874746e-08
601,0.9999999744256722,2.5574328115657253e-08
602,0.9999999592449668,4.0755034355465695e-08
603,0.9999999412299893,5.877001204785143e-08
604,0.9999996917661258,3.0823387489148616e-07
605,0.9999995482705016,4.5172949835905225e-07
606,0.99999823620104,1.7637989576699098e-06
607,0.9999976423123544,2.357687645557845e-06
608,0.9999964122672172,3.587732783222728e-06
609,0.9999920349178848,7.965082114676088e-06
610,0.9999533647568728,4.663524312864565e-05
611,0.9725557242509212,0.0274442757490802
612,0.999999999818173,1.81826799790202e-10
613,0.9999999998008516,1.9914741997215903e-10
614,0.9999999623130672,3.768693453539724e-08
615,0.9999999219314288,7.80685712086386e-08
616,0.9999998739183282,1.260816720314592e-07
617,0.999999775637424,2.243625763124333e-07
618,0.999999756202962,2.4379703772209124e-07
619,0.9999995298387508,4.701612497744024e-07
620,0.9999993954171856,6.045828140477907e-07
621,0.9999988454235134,1.154576485235754e-06
622,0.9999980050943909,1.9949056090648053e-06
623,0.9999954296493614,4.570350639596569e-06
624,0.9999803613810724,1.963861892689516e-05
625,0.9999675322782512,3.246772175026945e-05
626,0.9999675322782512,3.246772175026945e-05
627,0.999961594998624,3.840500137833248e-05
628,0.9999608749830404,3.9125016959468005e-05
629,0.9997855749628766,0.0002144250371233
630,0.9999999996446504,3.553491243577045e-10
631,0.99999999802226,1.977739633253382e-09
632,0.9999998953579072,1.0464209428386303e-07
633,0.99999985951676,1.4048324146715744e-07
634,0.9999993645304432,6.354695554105992e-07
635,0.9999990032794486,9.96720550168254e-07
636,0.9999955576297233,4.442370275366775e-06
637,0.9999591809346016,4.081906539804897e-05
638,0.9997792847572022,0.0002207152427979
639,0.9999966757347604,3.324265239516943e-06
640,0.9999880722856104,1.1927714388981566e-05
641,0.9998079553464962,0.0001920446535044
642,0.9999999994215052,5.78495389709576e-10
643,0.9999999990829448,9.170561930900279e-10
644,0.9999999986041506,1.3958494936888635e-09
645,0.9999999822284068,1.7771593280485442e-08
646,0.9999999770597078,2.2940292405962073e-08
647,0.9999999653673264,3.463267319191665e-08
648,0.9999999637613411,3.623865873324951e-08
649,0.9999999550947194,4.49052803103232e-08
650,0.9999999513210358,4.8678964402891695e-08
651,0.9999999290760276,7.092397306485063e-08
652,0.9999999216215272,7.837847292014827e-08
653,0.999999799918006,2.000819934153767e-07
654,0.999999799918006,2.000819934153767e-07
655,0.9999996587350906,3.412649089283196e-07
656,0.9999996573508576,3.426491417553812e-07
657,0.999999647916936,3.52083063557885e-07
658,0.9999996360947012,3.639052992611804e-07
659,0.9999993912254768,6.087745238233515e-07
660,0.999999217485657,7.825143431711554e-07
661,0.9999976859716996,2.3140283006389275e-06
662,0.9999965015223448,3.498477654523211e-06
663,0.9999965015223448,3.498477654523211e-06
664,0.9999960570639166,3.942936082293696e-06
665,0.9999960393623492,3.960637649812282e-06
666,0.9999958335009028,4.166499097923833e-06
667,0.999994908622164,5.091377835247412e-06
668,0.9999910449469768,8.955053024222164e-06
669,0.9999877114678144,1.2288532184307165e-05
670,0.9999871582819656,1.2841718033769447e-05
671,0.999983656846977,1.6343153022862837e-05
672,0.9999697234057268,3.027659427285035e-05
673,0.9999456310272592,5.436897274101498e-05
674,0.9999337223387388,6.627766126257885e-05
675,0.99980523697407,0.0001947630259318
676,0.9999999450923694,5.490763088976694e-08
677,0.999999752173779,2.478262221301801e-07
678,0.999999061706146,9.38293854425326e-07
679,0.9999978087251647,2.191274835915994e-06
680,0.9999973775854362,2.622414563109698e-06
681,0.9999970884073042,2.911592696473277e-06
682,0.9999966254044842,3.3745955156722763e-06
683,0.9999960037387232,3.996261276769369e-06
684,0.999995403825009,4.596174990331232e-06
685,0.9999953006331318,4.699366868460433e-06
686,0.9999950522092396,4.947790760226991e-06
687,0.9999933729741518,6.62702584772119e-06
688,0.9999930110110185,6.988988981777068e-06
689,0.9999928383899788,7.161610020672166e-06
690,0.9999923962837602,7.603716241286946e-06
691,0.9999910357895972,8.964210403605528e-06
692,0.9999890161394598,1.0983860540316304e-05
693,0.9999883428067996,1.1657193199703975e-05
694,0.999984777969936,1.5222030064699102e-05
695,0.999984777969936,1.5222030064699102e-05
696,0.9999841071740708,1.5892825929352745e-05
697,0.9999821474037156,1.7852596285139708e-05
698,0.9999816403415364,1.835965846501259e-05
699,0.9999663571543056,3.3642845694671004e-05
700,0.9999653714139832,3.462858601652834e-05
701,0.9999617474544552,3.8252545546106864e-05
702,0.99996055296347,3.94470365311799e-05
703,0.9999578559875184,4.214401248252612e-05
704,0.9999575457214872,4.245427851226906e-05
705,0.9999572461732932,4.275382670745676e-05
706,0.9999515546734596,4.844532654109775e-05
707,0.9999505114150004,4.948858499985405e-05
708,0.99994801216734,5.19878326599825e-05
709,0.9999434081994254,5.6591800574400434e-05
710,0.9999376655903456,6.233440965545404e-05
711,0.999932964243452,6.703575654983343e-05
712,0.9999300907118508,6.990928814769788e-05
713,0.9999275234533066,7.247654669357165e-05
714,0.9999262457235928,7.375427640707465e-05
715,0.999924129002951,7.587099704886414e-05
716,0.9999209668922068,7.903310779431869e-05
717,0.9999181669338688,8.183306613290948e-05
718,0.9999163753261786,8.362467382229864e-05
719,0.9999089466465356,9.105335346359072e-05
720,0.9999041866661842,9.581333381535192e-05
721,0.999900981137672,9.901886232798482e-05
722,0.9998923575380064,0.0001076424619938
723,0.9998869122920392,0.000113087707962
724,0.9998849756299238,0.0001150243700768
725,0.9998839636194068,0.0001160363805918
726,0.9998834956663848,0.000116504333615
727,0.9998727724654808,0.0001272275345197
728,0.9998674078500366,0.0001325921499635
729,0.9998657246909496,0.000134275309049
730,0.9998476188814284,0.0001523811185726
731,0.9998452269100848,0.0001547730899149
732,0.9998426098587618,0.0001573901412375
733,0.9998036428885811,0.000196357111417
734,0.9997992184803264,0.0002007815196727
735,0.9997992184803264,0.0002007815196727
736,0.9997992184803264,0.0002007815196727
737,0.9997992184803264,0.0002007815196727
738,0.9997964743289052,0.0002035256710936
739,0.9997943475702296,0.0002056524297706
740,0.9997757467331432,0.0002242532668566
741,0.9997611995809218,0.0002388004190779
742,0.9997555200676722,0.0002444799323285
743,0.9997368191553954,0.0002631808446057
744,0.9997194095187332,0.0002805904812671
745,0.999718384498029,0.0002816155019707
746,0.999711687154782,0.0002883128452185
747,0.9996956250549344,0.0003043749450657
748,0.999687998662075,0.0003120013379242
749,0.999685596042399,0.0003144039576007
750,0.9996560815636988,0.0003439184363004
751,0.9996427139565058,0.0003572860434944
752,0.9996330045301888,0.0003669954698111
753,0.9996229061985136,0.0003770938014848
754,0.9995957886467994,0.0004042113532011
755,0.999561411158614,0.0004385888413856
756,0.999531650467368,0.0004683495326316
757,0.9994096351907998,0.0005903648092011
758,0.9993730443576796,0.0006269556423217
759,0.9993700087405228,0.0006299912594783
760,0.9993619608282746,0.0006380391717268
761,0.9993267720240996,0.0006732279759014
762,0.9993089285809172,0.0006910714190828
763,0.9992806114439162,0.0007193885560833
764,0.999279952946944,0.0007200470530578
765,0.9992160831885756,0.0007839168114233
766,0.9991660735600438,0.0008339264399556
767,0.9991655077908744,0.0008344922091263
768,0.999124561462754,0.0008754385372459
769,0.999124561462754,0.0008754385372459
770,0.999124561462754,0.0008754385372459
771,0.9986160680705852,0.0013839319294148
772,0.9980267183776992,0.0019732816223013
773,0.9976213635251652,0.0023786364748347
774,0.9975692252223612,0.0024307747776378
775,0.9974146226762828,0.0025853773237175
776,0.9958960055478951,0.0041039944521054
777,0.9940181944726352,0.0059818055273652
778,0.9926748656832588,0.0073251343167392
779,0.9995794631162864,0.0004205368837126
780,0.9995731792723068,0.0004268207276925
781,0.999557833490197,0.0004421665098037
782,0.9994403218500412,0.0005596781499588
783,0.999319918578526,0.0006800814214741
784,0.9992989483262964,0.0007010516737044
785,0.9992603106951816,0.0007396893048184
786,0.9992088321890354,0.0007911678109634
787,0.9991223979758947,0.0008776020241042
788,0.9990872363265187,0.0009127636734808
789,0.9990440197327514,0.0009559802672478
790,0.99904090152987,0.0009590984701302
791,0.9989775192969856,0.0010224807030147
792,0.9988703787436928,0.0011296212563081
793,0.998695598791869,0.0013044012081315
794,0.9986185968275963,0.001381403172404
795,0.9985250237053618,0.0014749762946371
796,0.9984525318071475,0.0015474681928524
797,0.9983738943529747,0.001626105647026
798,0.998305411656856,0.0016945883431431
799,0.998255615038145,0.0017443849618548
800,0.9981113802539068,0.0018886197460941
801,0.9980036866344264,0.001996313365574
802,0.997986074457058,0.0020139255429413
803,0.997888286147308,0.0021117138526921
804,0.997734010425332,0.0022659895746687
805,0.9975980171427732,0.0024019828572258
806,0.997487869751413,0.0025121302485878
807,0.99743171283321,0.0025682871667892
808,0.9971974142208516,0.0028025857791477
809,0.9971236732076124,0.0028763267923889
810,0.996674382953526,0.0033256170464749
811,0.9965978600096824,0.0034021399903178
812,0.9961325535747528,0.003867446425246
813,0.9960690408051114,0.0039309591948901
814,0.996067815331676,0.0039321846683259
815,0.9960292430579004,0.0039707569420989
816,0.9958274261272568,0.0041725738727416
817,0.9956966799566316,0.0043033200433669
818,0.9956489646324318,0.004351035367568
819,0.9952153050498148,0.0047846949501861
820,0.9950275099700296,0.0049724900299706
821,0.9949553991623518,0.0050446008376481
822,0.9946637586632836,0.0053362413367155
823,0.9943385922918346,0.0056614077081657
824,0.9942111050420942,0.0057888949579061
825,0.99414183804892,0.0058581619510806
826,0.9937733320878503,0.0062266679121505
827,0.993743818790768,0.0062561812092315
828,0.9934061324186408,0.0065938675813591
829,0.993124484242652,0.0068755157573487
830,0.993045289233451,0.006954710766549
831,0.9928834682161,0.0071165317839006
832,0.992744498929616,0.007255501070384
833,0.9912861510751124,0.0087138489248876
834,0.9907549474455388,0.0092450525544613
835,0.9906440819911704,0.0093559180088298
836,0.9904964582120368,0.0095035417879632
837,0.9899968464625034,0.0100031535374976
838,0.9891744665185216,0.0108255334814781
839,0.988783509032647,0.0112164909673541
840,0.988771037949066,0.011228962050933
841,0.98869509052703,0.0113049094729681
842,0.9886614856766944,0.0113385143233048
843,0.9885067245081852,0.011493275491813
844,0.9884215797863376,0.0115784202136624
845,0.9880502528627808,0.01194974713722
846,0.9878085926189616,0.0121914073810388
847,0.9875768359636444,0.0124231640363546
848,0.9872900532750916,0.0127099467249072
849,0.9872461163557428,0.0127538836442555
850,0.9868205797246224,0.0131794202753782
851,0.9864257984560934,0.0135742015439071
852,0.9862641212049796,0.0137358787950208
853,0.9861626955631247,0.0138373044368746
854,0.9859730511582973,0.0140269488417027
855,0.9840065722675972,0.015993427732403
856,0.9839454176530528,0.0160545823469467
857,0.9838303478226492,0.0161696521773496
858,0.9836856804340306,0.0163143195659707
859,0.9835648401177082,0.0164351598822913
860,0.9826257399404252,0.0173742600595737
861,0.9826257399404252,0.0173742600595737
862,0.982448704208038,0.0175512957919625
863,0.9823779732857246,0.0176220267142767
864,0.9823717945974504,0.0176282054025494
865,0.9820714548293478,0.0179285451706521
866,0.981786653431939,0.0182133465680602
867,0.9813640855055524,0.0186359144944491
868,0.9812602579612308,0.0187397420387701
869,0.9804567307955218,0.0195432692044782
870,0.9802131080447756,0.0197868919552235
871,0.9791930702289576,0.0208069297710421
872,0.9790268442847812,0.020973155715219
873,0.9777048126238088,0.0222951873761923
874,0.976886285543719,0.0231137144562805
875,0.9756037469090332,0.0243962530909673
876,0.9745245903481023,0.0254754096518983
877,0.9735502708949132,0.026449729105086
878,0.9713518665846016,0.0286481334153993
879,0.9713192579873816,0.0286807420126187
880,0.9707107126124328,0.0292892873875666
881,0.9693889287621074,0.0306110712378926
882,0.9690984174726,0.0309015825274012
883,0.9685956640002338,0.0314043359997672
884,0.9676946619889326,0.0323053380110665
885,0.9673490179364534,0.0326509820635469
886,0.9666450399183688,0.0333549600816313
887,0.9662005071462364,0.0337994928537645
888,0.9660899516797478,0.0339100483202511
889,0.9660512414367708,0.0339487585632299
890,0.9658583462970688,0.0341416537029314
891,0.964995642998269,0.0350043570017312
892,0.96409180792276,0.0359081920772408
893,0.9623837845580412,0.0376162154419581
894,0.9605175291131572,0.0394824708868435
895,0.9604533982324316,0.0395466017675687
896,0.9604533982324316,0.0395466017675687
897,0.9604533982324316,0.0395466017675687
898,0.9604533982324316,0.0395466017675687
899,0.9603725091317632,0.039627490868238
900,0.9595746100967308,0.0404253899032698
901,0.9574711421370932,0.0425288578629064
902,0.9567479918011303,0.04325200819887
903,0.9545993335409928,0.0454006664590059
904,0.9541054219518073,0.0458945780481921
905,0.9508948588012884,0.0491051411987111
906,0.9495636446244478,0.0504363553755524
907,0.9485143332497104,0.0514856667502897
908,0.9439023910333896,0.0560976089666099
909,0.9429848858662608,0.0570151141337391
910,0.9412007253668616,0.058799274633138
911,0.9410445390788,0.0589554609212007
912,0.9380303607105368,0.0619696392894639
913,0.9317223377451652,0.0682776622548345
914,0.9229270594964328,0.077072940503567
915,0.9190859605764362,0.0809140394235634
916,0.9030078589909908,0.0969921410090113
917,0.8930777193155902,0.1069222806844108
918,0.8697575878643339,0.1302424121356668
919,0.832373726706932,0.1676262732930691
920,0.8189815533132354,0.1810184466867643
921,0.8005058300361118,0.1994941699638907
922,0.7710460788980495,0.2289539211019513
923,0.745740487570108,0.2542595124298926
924,0.7160997755005707,0.2839002244994298
925,0.7150479742924533,0.2849520257075469
926,0.6766372824167768,0.3233627175832225
927,0.977741101722334,0.0222588982776669
928,0.9699133066562824,0.0300866933437167
929,0.968954174507744,0.0310458254922556
930,0.9680033445413412,0.0319966554586589
931,0.9662473825375574,0.0337526174624416
932,0.9653080048683604,0.0346919951316387
933,0.9630216200482972,0.0369783799517036
934,0.96003345499216,0.0399665450078401
935,0.958073988298899,0.0419260117011009
936,0.9568681581739782,0.0431318418260227
937,0.9549906214564016,0.0450093785435992
938,0.9521871079212476,0.0478128920787512
939,0.9516724654274716,0.0483275345725282
940,0.9506101852973404,0.0493898147026598
941,0.949853707595755,0.0501462924042454
942,0.9498405714922422,0.0501594285077578
943,0.9488205491146792,0.0511794508853205
944,0.948491434274734,0.0515085657252653
945,0.9396099823803336,0.0603900176196663
946,0.937496977416576,0.0625030225834261
947,0.9365883761648872,0.0634116238351128
948,0.9344495771273974,0.0655504228726029
949,0.9338157661427056,0.0661842338572949
950,0.9338157661427056,0.0661842338572949
951,0.9323984403468122,0.0676015596531884
952,0.92792896831844,0.0720710316815603
953,0.9274581535756964,0.0725418464243036
954,0.9213307930072776,0.0786692069927226
955,0.9153333132936906,0.0846666867063102
956,0.9103506890502472,0.0896493109497542
957,0.9088773196554636,0.0911226803445348
958,0.9012298440034586,0.0987701559965412
959,0.887681479320056,0.1123185206799438
960,0.8863210398750071,0.1136789601249935
961,0.886179401476669,0.1138205985233318
962,0.8634903661119188,0.1365096338880815
963,0.8604684813025733,0.1395315186974264
964,0.8506762057737954,0.1493237942262047
965,0.84488704812863,0.1551129518713707
966,0.8423974103565104,0.1576025896434883
967,0.8061664295820101,0.1938335704179903
968,0.7373495692982937,0.2626504307017083
969,0.6955361522954066,0.3044638477045933
970,0.6179215358463989,0.3820784641536008
971,0.5657057076501065,0.4342942923498927
972,0.984801692564496,0.0151983074355027
973,0.9842818323359602,0.0157181676640388
974,0.9834735435265838,0.0165264564734177
975,0.9776312746394344,0.0223687253605663
976,0.975399065361944,0.0246009346380578
977,0.9753581754836466,0.0246418245163534
978,0.9735464646466062,0.0264535353533933
979,0.9725513367995332,0.0274486632004669
980,0.9724163645226408,0.0275836354773597
981,0.9711505226808104,0.0288494773191888
982,0.9673684766833466,0.0326315233166529
983,0.9657796112705828,0.0342203887294182
984,0.965235490007687,0.0347645099923135
985,0.9627102002834692,0.0372897997165314
986,0.9623379686505996,0.0376620313494002
987,0.9622181867960258,0.0377818132039746
988,0.9582909696408578,0.0417090303591433
989,0.9576715168710792,0.0423284831289207
990,0.9575077006439252,0.0424922993560761
991,0.9573234183348294,0.0426765816651702
992,0.9572653761179007,0.0427346238820983
993,0.956675771248179,0.0433242287518212
994,0.955136733488335,0.0448632665116644
995,0.95447809885012,0.0455219011498796
996,0.9543863346732658,0.0456136653267347
997,0.953902721753621,0.0460972782463798
998,0.9519995711691552,0.048000428830845
999,0.9516435032276408,0.0483564967723589
1000,0.950810341615939,0.0491896583840605
1001,0.9504534360200864,0.0495465639799142
1002,0.9502775598863252,0.0497224401136753
1003,0.9498353753903918,0.0501646246096083
1004,0.9480916189405026,0.0519083810594963
1005,0.9480192311461288,0.0519807688538722
1006,0.9479903437278784,0.052009656272123
1007,0.9477011621839532,0.0522988378160465
1008,0.9476458019341266,0.0523541980658737
1009,0.9473849482267124,0.0526150517732891
1010,0.9472129201491504,0.0527870798508499
1011,0.9463395333315382,0.0536604666684623
1012,0.9443223460293276,0.0556776539706724
1013,0.9437513612875156,0.0562486387124855
1014,0.9436767873183736,0.0563232126816274
1015,0.9433912801884036,0.0566087198115956
1016,0.9432872456499526,0.0567127543500473
1017,0.9421037143002604,0.0578962856997392
1018,0.9415179445421448,0.0584820554578556
1019,0.9410015581101836,0.0589984418898155
1020,0.9401803443748264,0.0598196556251732
1021,0.9400540639984488,0.059945936001549
1022,0.9393565148612946,0.0606434851387073
1023,0.9390530149992776,0.0609469850007226
1024,0.9387741291657,0.0612258708343005
1025,0.9384644578982364,0.0615355421017629
1026,0.9380816827636396,0.0619183172363617
1027,0.9375693524109469,0.0624306475890517
1028,0.937452654928256,0.0625473450717434
1029,0.9353062410332984,0.064693758966702
1030,0.9352055887324277,0.0647944112675712
1031,0.9345617776567688,0.0654382223432321
1032,0.9344131084916856,0.0655868915083133
1033,0.934219136359734,0.0657808636402661
1034,0.9341501549465198,0.0658498450534808
1035,0.9335400455912216,0.0664599544087781
1036,0.9334533084692446,0.0665466915307542
1037,0.9331518404756118,0.0668481595243878
1038,0.9325142573319444,0.067485742668057
1039,0.931804018943154,0.0681959810568449
1040,0.931385763505124,0.0686142364948762
1041,0.9310577538261324,0.0689422461738679
1042,0.930614789889222,0.0693852101107761
1043,0.9305027490523464,0.0694972509476544
1044,0.9304305096968531,0.0695694903031473
1045,0.9301162569134948,0.069883743086504
1046,0.9299453716665292,0.0700546283334711
1047,0.9297733850884666,0.0702266149115342
1048,0.9289003114623045,0.0710996885376968
1049,0.92850243309118,0.0714975669088212
1050,0.9283938137816784,0.0716061862183213
1051,0.9273358424593204,0.0726641575406772
1052,0.925666700351787,0.0743332996482134
1053,0.9250033248718296,0.0749966751281684
1054,0.924971493557194,0.075028506442807
1055,0.9248431234264634,0.0751568765735373
1056,0.9226513869287892,0.077348613071211
1057,0.9220542737295004,0.0779457262704987
1058,0.9205334046162308,0.0794665953837679
1059,0.9203540974664182,0.0796459025335808
1060,0.920126142458144,0.0798738575418553
1061,0.9199662146635617,0.0800337853364375
1062,0.9193263398708644,0.0806736601291351
1063,0.919312629253132,0.0806873707468686
1064,0.9190216029123838,0.0809783970876192
1065,0.9189415028835222,0.0810584971164781
1066,0.9186693753687672,0.0813306246312324
1067,0.9186492842029568,0.0813507157970434
1068,0.9185780995035868,0.0814219004964129
1069,0.9174909301247468,0.082509069875252
1070,0.9173778912410115,0.0826221087589887
1071,0.9165901547850044,0.0834098452149964
1072,0.916463285856138,0.0835367141438617
1073,0.9164477518575666,0.0835522481424331
1074,0.9155026874985696,0.0844973125014304
1075,0.9151371623785522,0.0848628376214478
1076,0.9151116521769568,0.0848883478230435
1077,0.9150322945791052,0.0849677054208945
1078,0.914940826580908,0.0850591734190928
1079,0.9146775684016358,0.0853224315983635
1080,0.9143685367136086,0.085631463286392
1081,0.91380164874007,0.0861983512599307
1082,0.913525472011017,0.0864745279889824
1083,0.9128765186069032,0.0871234813930969
1084,0.9122067817936242,0.0877932182063757
1085,0.911257421185196,0.088742578814804
1086,0.9110337020251358,0.0889662979748643
1087,0.9109596810104832,0.0890403189895161
1088,0.91071715462952,0.089282845370481
1089,0.910635442896108,0.0893645571038918
1090,0.9104723674932144,0.0895276325067859
1091,0.9102544588833223,0.0897455411166781
1092,0.9102118379125228,0.0897881620874764
1093,0.9095717367383064,0.0904282632616935
1094,0.9093287629959046,0.090671237004096
1095,0.9090441629071424,0.0909558370928576
1096,0.9088684958621626,0.0911315041378369
1097,0.9086042064777444,0.0913957935222572
1098,0.9086042064777444,0.0913957935222572
1099,0.9083181461627494,0.0916818538372508
1100,0.9081469727838414,0.0918530272161585
1101,0.9079491619991517,0.092050838000849
1102,0.9078103049038276,0.0921896950961736
1103,0.9077645856812154,0.0922354143187841
1104,0.9077534927423632,0.0922465072576381
1105,0.9076732951916412,0.0923267048083587
1106,0.9059018253964476,0.0940981746035518
1107,0.9056454477861258,0.0943545522138735
1108,0.9053342864110416,0.0946657135889569
1109,0.903471402679918,0.0965285973200814
1110,0.9031329635672104,0.0968670364327898
1111,0.9025318310199362,0.0974681689800635
1112,0.9024171378995998,0.0975828621004015
1113,0.9021959414402548,0.097804058559747
1114,0.9021590874271034,0.0978409125728973
1115,0.9019544375171042,0.0980455624828966
1116,0.9017234881518658,0.0982765118481343
1117,0.9015272375950968,0.0984727624049038
1118,0.9015242315275026,0.0984757684724974
1119,0.901129321393912,0.098870678606088
1120,0.900946955314724,0.0990530446852755
1121,0.900444855950263,0.0995551440497366
1122,0.9001172369286204,0.0998827630713798
1123,0.8998176967402626,0.1001823032597384
1124,0.8995221947055678,0.1004778052944328
1125,0.89944568914697,0.1005543108530297
1126,0.899229152297201,0.1007708477027975
1127,0.8991179822111961,0.1008820177888042
1128,0.8990905113883121,0.1009094886116877
1129,0.8982439206124134,0.1017560793875844
1130,0.8976851569965546,0.102314843003447
1131,0.8976816758696632,0.1023183241303369
1132,0.8969769086021951,0.1030230913978049
1133,0.8968487488459771,0.1031512511540217
1134,0.8962698634277322,0.1037301365722677
1135,0.8954580893556594,0.1045419106443407
1136,0.8951880567757529,0.1048119432242473
1137,0.8950996561349497,0.1049003438650496
1138,0.8949293372968368,0.1050706627031646
1139,0.8948168080728428,0.1051831919271579
1140,0.8945490346033987,0.1054509653966009
1141,0.8941206648121681,0.1058793351878316
1142,0.894035317223528,0.1059646827764719
1143,0.8932520244737258,0.1067479755262727
1144,0.8920921615214489,0.1079078384785507
1145,0.8919694439467626,0.1080305560532375
1146,0.8915089670620341,0.1084910329379661
1147,0.8912659344948489,0.1087340655051508
1148,0.8909941691186621,0.1090058308813381
1149,0.8907115354345058,0.1092884645654943
1150,0.8895471111123867,0.110452888887614
1151,0.8891338147251661,0.1108661852748337
1152,0.8886449071322197,0.1113550928677817
1153,0.8880798141519014,0.1119201858480994
1154,0.8877193777428902,0.1122806222571086
1155,0.8876112500216157,0.1123887499783842
1156,0.8873255483851392,0.1126744516148619
1157,0.8871958554124051,0.1128041445875945
1158,0.8868466665355047,0.1131533334644949
1159,0.8866258764959486,0.1133741235040509
1160,0.8865896884360045,0.1134103115639963
1161,0.8865715345643406,0.1134284654356604
1162,0.8852745181353918,0.1147254818646071
1163,0.8841942620152685,0.1158057379847307
1164,0.8841737986618653,0.1158262013381343
1165,0.8838928574952478,0.1161071425047538
1166,0.8835524303066121,0.1164475696933882
1167,0.8834051473434997,0.1165948526565003
1168,0.8832518601382896,0.1167481398617109
1169,0.8829992773419552,0.1170007226580457
1170,0.8825668584247104,0.1174331415752904
1171,0.8819378377320551,0.1180621622679451
1172,0.8819326901999602,0.1180673098000398
1173,0.8818066053745158,0.118193394625484
1174,0.8817921550844541,0.118207844915546
1175,0.8817786495682142,0.1182213504317842
1176,0.8816205274989944,0.1183794725010057
1177,0.8808480291279075,0.1191519708720915
1178,0.8808379140474246,0.1191620859525737
1179,0.8806953095210434,0.1193046904789576
1180,0.8805676110875199,0.1194323889124803
1181,0.8804019385789337,0.1195980614210667
1182,0.8803731378026791,0.1196268621973204
1183,0.8803251933558901,0.1196748066441108
1184,0.8800893558180091,0.1199106441819903
1185,0.8797856639953049,0.1202143360046963
1186,0.8795911579583193,0.120408842041682
1187,0.8791780225930212,0.1208219774069801
1188,0.8789783517496683,0.1210216482503332
1189,0.8789660136090318,0.1210339863909685
1190,0.877359037923847,0.1226409620761523
1191,0.8767067183509358,0.1232932816490657
1192,0.8765399604493013,0.1234600395506985
1193,0.8764066076807255,0.1235933923192735
1194,0.8759061766094801,0.1240938233905207
1195,0.8751737784880881,0.1248262215119119
1196,0.8750994797807301,0.1249005202192693
1197,0.8745226811235497,0.1254773188764493
1198,0.8743222879453164,0.1256777120546829
1199,0.8740868680440204,0.1259131319559799
1200,0.874080981159504,0.1259190188404953
1201,0.8740692162528582,0.1259307837471419
1202,0.8738746814226639,0.1261253185773359
1203,0.8723466409002633,0.1276533590997357
1204,0.8722979789920415,0.1277020210079601
1205,0.8722448776662861,0.1277551223337137
1206,0.8715557436850502,0.1284442563149489
1207,0.8714703220163775,0.1285296779836201
1208,0.8714001239399102,0.12859987606009
1209,0.8714001239399102,0.12859987606009
1210,0.8705808953592732,0.1294191046407272
1211,0.8690411964711099,0.1309588035288912
1212,0.8689201675505582,0.1310798324494413
1213,0.8679663265429939,0.1320336734570069
1214,0.8679211257253686,0.1320788742746328
1215,0.8672848525020778,0.1327151474979212
1216,0.8667065130887203,0.133293486911279
1217,0.8666237109893267,0.133376289010673
1218,0.8666237109893267,0.133376289010673
1219,0.8666126430620846,0.1333873569379138
1220,0.8658309287300143,0.1341690712699861
1221,0.865628326450083,0.1343716735499177
1222,0.8643192732445063,0.1356807267554949
1223,0.8631671256386938,0.1368328743613065
1224,0.8628096650575662,0.1371903349424346
1225,0.862346307124021,0.1376536928759791
1226,0.8614277376057468,0.1385722623942503
1227,0.8613356030526859,0.1386643969473146
1228,0.8612977534100732,0.1387022465899264
1229,0.8612324960199482,0.1387675039800515
1230,0.8611544551921108,0.1388455448078894
1231,0.8603918420268902,0.1396081579731104
1232,0.8595338443630203,0.1404661556369796
1233,0.859420741572791,0.1405792584272089
1234,0.8593371184341697,0.1406628815658295
1235,0.8592874526741613,0.1407125473258381
1236,0.8589134800663452,0.1410865199336547
1237,0.8587000619789364,0.1412999380210645
1238,0.8578365685394184,0.1421634314605821
1239,0.8578052244734258,0.1421947755265731
1240,0.8576868612685384,0.142313138731462
1241,0.8573127711558057,0.1426872288441949
1242,0.8571131797370647,0.1428868202629358
1243,0.8564596678880702,0.1435403321119298
1244,0.8557935522489823,0.1442064477510185
1245,0.855711070489918,0.1442889295100833
1246,0.8547208515874702,0.1452791484125301
1247,0.854368604022985,0.1456313959770147
1248,0.8535614569156901,0.1464385430843093
1249,0.8534903606223735,0.1465096393776258
1250,0.8532184678827374,0.146781532117264
1251,0.853043209050461,0.1469567909495384
1252,0.8523279649724945,0.1476720350275059
1253,0.851688052726784,0.1483119472732156
1254,0.8516161214828522,0.1483838785171467
1255,0.8514923877475956,0.1485076122524045
1256,0.8512461607116699,0.1487538392883306
1257,0.8509461425736602,0.1490538574263399
1258,0.8507242798930977,0.1492757201069023
1259,0.8507138498778135,0.1492861501221867
1260,0.8500479003771992,0.1499520996228009
1261,0.849690930462086,0.1503090695379145
1262,0.8495959785925308,0.1504040214074687
1263,0.8495505278303694,0.1504494721696307
1264,0.8494782994440373,0.1505217005559615
1265,0.8491253521242188,0.1508746478757819
1266,0.8487544756761473,0.1512455243238525
1267,0.8487544756761473,0.1512455243238525
1268,0.8485255466246141,0.1514744533753858
1269,0.8483451889043485,0.1516548110956511
1270,0.8483331187201844,0.1516668812798157
1271,0.8482951182389619,0.1517048817610362
1272,0.8477422329427386,0.1522577670572597
1273,0.8473610757898998,0.1526389242101006
1274,0.8464695263962841,0.1535304736037162
1275,0.8459333480640427,0.1540666519359552
1276,0.84559861663062,0.1544013833693811
1277,0.8455680657917406,0.1544319342082591
1278,0.845559218566833,0.1544407814331661
1279,0.8448447409756993,0.1551552590242999
1280,0.8442183221253597,0.1557816778746382
1281,0.8440850533167996,0.1559149466832005
1282,0.8439668622721102,0.1560331377278896
1283,0.8436073522425263,0.1563926477574743
1284,0.8433966329185348,0.1566033670814674
1285,0.8433884378455565,0.1566115621544443
1286,0.8424482725834228,0.1575517274165767
1287,0.8420506632420621,0.1579493367579388
1288,0.8419649973017254,0.1580350026982739
1289,0.8414598312705897,0.1585401687294109
1290,0.8407027225651501,0.1592972774348499
1291,0.8405503906409831,0.1594496093590169
1292,0.8402779968134593,0.1597220031865415
1293,0.840198167595137,0.1598018324048635
1294,0.8398495066779712,0.1601504933220275
1295,0.8398265242976491,0.1601734757023502
1296,0.8397437737605964,0.1602562262394052
1297,0.8391331485169244,0.1608668514830748
1298,0.8390896254491509,0.16091037455085
1299,0.8389567409963288,0.1610432590036709
1300,0.8386979286176407,0.161302071382359
1301,0.8374496910034441,0.1625503089965569
1302,0.8374391876848446,0.1625608123151568
1303,0.8366048345642406,0.1633951654357581
1304,0.8365181627349483,0.1634818372650509
1305,0.8364667426771237,0.1635332573228755
1306,0.8360830398515968,0.1639169601484033
1307,0.8358610973908583,0.1641389026091428
1308,0.8356200851159601,0.1643799148840401
1309,0.8347924793549668,0.1652075206450337
1310,0.8344057248544676,0.1655942751455328
1311,0.8339692509302973,0.1660307490697022
1312,0.8338424265704353,0.166157573429565
1313,0.8331284056859393,0.1668715943140603
1314,0.8327681177731326,0.167231882226868
1315,0.8326724559490748,0.1673275440509253
1316,0.8326673156383113,0.1673326843616898
1317,0.8326167512419399,0.1673832487580584
1318,0.8319287773538957,0.1680712226461048
1319,0.8319137607218456,0.1680862392781555
1320,0.8316282956620475,0.1683717043379527
1321,0.8313870965205021,0.1686129034794968
1322,0.8299198620362112,0.1700801379637897
1323,0.829378887041935,0.1706211129580658
1324,0.8291290077992555,0.1708709922007449
1325,0.8291290077992555,0.1708709922007449
1326,0.8291290077992555,0.1708709922007449
1327,0.8289264509450157,0.171073549054985
1328,0.8288828630378005,0.1711171369622007
1329,0.8287817282548087,0.1712182717451911
1330,0.8270658510918787,0.1729341489081217
1331,0.8268185603740856,0.1731814396259124
1332,0.8265814384598749,0.1734185615401249
1333,0.8261253805588771,0.1738746194411216
1334,0.8254332499664977,0.1745667500335017
1335,0.8250804139887338,0.1749195860112654
1336,0.8250285581088761,0.1749714418911241
1337,0.8244876098589351,0.1755123901410649
1338,0.8239101338218744,0.176089866178126
1339,0.8235316513772166,0.1764683486227844
1340,0.8235108712835165,0.1764891287164839
1341,0.8231384666800894,0.1768615333199109
1342,0.8230844225402237,0.1769155774597756
1343,0.8228456380217125,0.1771543619782861
1344,0.8225539116162333,0.177446088383767
1345,0.8222379824657878,0.1777620175342103
1346,0.8211610811485215,0.1788389188514774
1347,0.8208315957795288,0.1791684042204719
1348,0.8207484690682968,0.1792515309317027
1349,0.8205779078592952,0.179422092140705
1350,0.8202606233272903,0.1797393766727091
1351,0.8202588713058091,0.1797411286941918
1352,0.8197581496192105,0.1802418503807903
1353,0.8191757575444074,0.1808242424555916
1354,0.8191587382914315,0.1808412617085692
1355,0.8180507190922428,0.1819492809077576
1356,0.8175429796427675,0.1824570203572332
1357,0.8170209826862584,0.1829790173137428
1358,0.8168767043219728,0.1831232956780266
1359,0.8167788260906316,0.183221173909368
1360,0.8166105905569525,0.1833894094430481
1361,0.8162519920151524,0.1837480079848472
1362,0.8158813357411393,0.1841186642588606
1363,0.8156292775171057,0.1843707224828938
1364,0.8156292775171057,0.1843707224828938
1365,0.815574990474446,0.1844250095255544
1366,0.8150840868691221,0.1849159131308767
1367,0.8150803040919261,0.1849196959080737
1368,0.814036003422964,0.1859639965770356
1369,0.8136618990862385,0.1863381009137608
1370,0.8132125276786402,0.1867874723213595
1371,0.8130999694214354,0.1869000305785653
1372,0.8129892712796774,0.187010728720322
1373,0.8100589349960464,0.1899410650039524
1374,0.8080458428148216,0.1919541571851771
1375,0.8077213317855105,0.1922786682144879
1376,0.8075691371762892,0.1924308628237107
1377,0.805716303829323,0.1942836961706771
1378,0.804002564179027,0.195997435820973
1379,0.8037878349005434,0.1962121650994559
1380,0.8037122127132943,0.1962877872867047
1381,0.8034663345540868,0.1965336654459138
1382,0.8030101468316224,0.1969898531683778
1383,0.8027317685304154,0.197268231469584
1384,0.8024180348087265,0.1975819651912758
1385,0.8018349606164998,0.1981650393835005
1386,0.8011974962232061,0.1988025037767949
1387,0.8011230878000644,0.1988769121999352
1388,0.7991261930168746,0.2008738069831258
1389,0.7989478036217783,0.2010521963782214
1390,0.7983697557870922,0.2016302442129073
1391,0.7970063982226454,0.2029936017773562
1392,0.7952930357775854,0.2047069642224144
1393,0.7947483127421484,0.2052516872578513
1394,0.7934080738279248,0.2065919261720746
1395,0.793016820985297,0.206983179014703
1396,0.7928918952320402,0.2071081047679596
1397,0.792772418186408,0.207227581813593
1398,0.792456093334105,0.207543906665895
1399,0.7924362509801351,0.2075637490198658
1400,0.7921566429193546,0.2078433570806448
1401,0.7919933477103768,0.2080066522896229
1402,0.791622108476447,0.2083778915235529
1403,0.7913354156959375,0.208664584304062
1404,0.7912050104107506,0.2087949895892492
1405,0.7907332041651769,0.2092667958348219
1406,0.790113332544064,0.2098866674559359
1407,0.7893913607370636,0.2106086392629373
1408,0.78894628910869,0.2110537108913098
1409,0.7885185243817093,0.2114814756182892
1410,0.7885185243817093,0.2114814756182892
1411,0.7881891724916628,0.2118108275083375
1412,0.7879804628067082,0.2120195371932925
1413,0.7879143631310773,0.2120856368689234
1414,0.7873692467347483,0.2126307532652513
1415,0.7873210726297676,0.2126789273702313
1416,0.7870821771779142,0.2129178228220852
1417,0.7848065801562668,0.2151934198437347
1418,0.784448169746779,0.2155518302532222
1419,0.7841523250280347,0.2158476749719657
1420,0.781638428836769,0.218361571163231
1421,0.7804715854015567,0.2195284145984416
1422,0.7798671804404049,0.2201328195595953
1423,0.778629040460602,0.2213709595393973
1424,0.77838385645047,0.2216161435495295
1425,0.7781809089008211,0.221819091099179
1426,0.7781591620584617,0.2218408379415379
1427,0.7777945210241312,0.2222054789758673
1428,0.7768250911998728,0.2231749088001273
1429,0.7768250911998728,0.2231749088001273
1430,0.7758005295300361,0.2241994704699642
1431,0.7757016136253054,0.2242983863746942
1432,0.775339062060474,0.224660937939526
1433,0.7749946965479346,0.2250053034520656
1434,0.7749750199964304,0.2250249800035699
1435,0.7747914112756834,0.2252085887243154
1436,0.7741643678804369,0.2258356321195633
1437,0.7741562744546291,0.2258437255453708
1438,0.7735909597156778,0.2264090402843218
1439,0.7727959389315021,0.2272040610684992
1440,0.7723723783489982,0.2276276216510019
1441,0.772123720798524,0.227876279201477
1442,0.7719308912183094,0.2280691087816905
1443,0.771048457313767,0.2289515426862342
1444,0.7688772078391595,0.2311227921608408
1445,0.7687734709958906,0.2312265290041084
1446,0.7685939967521922,0.2314060032478084
1447,0.7682444811636743,0.2317555188363255
1448,0.7676516625512279,0.2323483374487726
1449,0.7673888579213497,0.2326111420786505
1450,0.7662876703903867,0.2337123296096125
1451,0.7657850257762551,0.2342149742237453
1452,0.7655942725402214,0.2344057274597787
1453,0.7646085348716756,0.2353914651283242
1454,0.7642901918779724,0.2357098081220293
1455,0.7636624238706584,0.2363375761293425
1456,0.7632718956607244,0.236728104339275
1457,0.762972927398585,0.2370270726014172
1458,0.7627982070422019,0.2372017929577969
1459,0.7622022199113365,0.237797780088664
1460,0.7614402250870989,0.2385597749129016
1461,0.759964234388244,0.2400357656117567
1462,0.7594585021408362,0.2405414978591633
1463,0.7594309005225666,0.2405690994774324
1464,0.759327835753023,0.2406721642469768
1465,0.759327835753023,0.2406721642469768
1466,0.7581944213083325,0.2418055786916683
1467,0.7581944213083325,0.2418055786916683
1468,0.7580880158620614,0.2419119841379386
1469,0.7577769250077475,0.2422230749922521
1470,0.7573242720236253,0.2426757279763759
1471,0.7571945420301411,0.2428054579698585
1472,0.7569331001393869,0.2430668998606114
1473,0.7565353457353666,0.2434646542646311
1474,0.7563307879564204,0.2436692120435804
1475,0.756324127832261,0.2436758721677393
1476,0.7553195163098742,0.2446804836901257
1477,0.7549421815141314,0.2450578184858672
1478,0.7548452647592687,0.2451547352407319
1479,0.7529872240396053,0.2470127759603942
1480,0.7529463492066537,0.2470536507933453
1481,0.7529261562617697,0.2470738437382283
1482,0.7521492266459138,0.2478507733540853
1483,0.7514518935370144,0.248548106462986
1484,0.7491809247303312,0.2508190752696696
1485,0.74822136129007,0.2517786387099306
1486,0.7481147258675123,0.2518852741324875
1487,0.7457309160158659,0.2542690839841355
1488,0.7453585080904968,0.2546414919095032
1489,0.7427122226027317,0.2572877773972682
1490,0.7416483373641257,0.2583516626358726
1491,0.7414306321243016,0.2585693678756984
1492,0.7404984092664189,0.2595015907335808
1493,0.740065814303521,0.2599341856964777
1494,0.740065814303521,0.2599341856964777
1495,0.7396134911084215,0.2603865088915797
1496,0.7384523803509271,0.2615476196490728
1497,0.7381409151366058,0.2618590848633944
1498,0.7365344845157423,0.2634655154842585
1499,0.7353112691137452,0.2646887308862548
1500,0.7343186248085315,0.2656813751914696
1501,0.7322234748895896,0.2677765251104097
1502,0.7317861199124626,0.2682138800875376
1503,0.7310535570361836,0.2689464429638159
1504,0.7308743300986494,0.2691256699013506
1505,0.7307466191667907,0.2692533808332097
1506,0.7306358060856804,0.2693641939143186
1507,0.7303122340760347,0.269687765923966
1508,0.7301675765354059,0.2698324234645951
1509,0.7298279404390414,0.2701720595609579
1510,0.7290631576530389,0.2709368423469601
1511,0.7282745180818,0.2717254819182005
1512,0.7274039243061978,0.2725960756938019
1513,0.726921257758273,0.2730787422417279
1514,0.7267956704969792,0.2732043295030206
1515,0.7267713592975698,0.2732286407024311
1516,0.7261035423998339,0.2738964576001668
1517,0.7258802995947414,0.2741197004052607
1518,0.7244545639808104,0.2755454360191893
1519,0.7231781139978802,0.276821886002121
1520,0.7231781139978802,0.276821886002121
1521,0.7231216446180087,0.2768783553819911
1522,0.7230378269362739,0.2769621730637258
1523,0.7225781546411908,0.2774218453588081
1524,0.7222476160094068,0.2777523839905941
1525,0.7219841404510133,0.2780158595489863
1526,0.7211034867613874,0.2788965132386131
1527,0.721071662621552,0.2789283373784476
1528,0.7209170317070525,0.2790829682929476
1529,0.7208700991134368,0.2791299008865643
1530,0.7202422332140602,0.27975776678594
1531,0.7175504158247475,0.282449584175252
1532,0.716492408008809,0.2835075919911908
1533,0.7157798592960235,0.2842201407039768
1534,0.715289790723136,0.2847102092768649
1535,0.7143051330881043,0.2856948669118959
1536,0.7140565332951022,0.2859434667048972
1537,0.713567157365556,0.2864328426344437
1538,0.7101480371579458,0.2898519628420554
1539,0.7090816239620509,0.2909183760379504
1540,0.7088981044652907,0.291101895534709
1541,0.7088693783591974,0.291130621640802
1542,0.7082873822285499,0.2917126177714508
1543,0.7074751707712879,0.2925248292287122
1544,0.7066522112897543,0.2933477887102431
1545,0.7047470671047352,0.2952529328952671
1546,0.7035419488347504,0.2964580511652502
1547,0.7033368835963155,0.296663116403685
1548,0.7027095537693132,0.2972904462306858
1549,0.7016481383414336,0.2983518616585652
1550,0.7015997654801329,0.2984002345198671
1551,0.7002688419044154,0.2997311580955875
1552,0.698896992946335,0.3011030070536659
1553,0.6985082082017433,0.3014917917982584
1554,0.696536451601759,0.3034635483982421
1555,0.69623964279643,0.3037603572035707
1556,0.6950310261679137,0.3049689738320881
1557,0.6927307116342526,0.3072692883657491
1558,0.6919346433105208,0.3080653566894784
1559,0.6903328757495091,0.3096671242504905
1560,0.689982591385575,0.3100174086144261
1561,0.6887478000535461,0.3112521999464567
1562,0.6875825592152074,0.3124174407847915
1563,0.6867857527995747,0.3132142472004263
1564,0.6866186854767173,0.3133813145232834
1565,0.6842058296162051,0.3157941703837958
1566,0.6838069235073306,0.3161930764926692
1567,0.683544640511427,0.3164553594885725
1568,0.6831982205760565,0.3168017794239432
1569,0.6831819970028706,0.3168180029971267
1570,0.6831585154496252,0.3168414845503741
1571,0.6827528672693579,0.3172471327306424
1572,0.6826494902605362,0.317350509739463
1573,0.681491683894467,0.3185083161055344
1574,0.6791799640828887,0.3208200359171102
1575,0.6784052358443624,0.3215947641556366
1576,0.6733635635770213,0.3266364364229784
1577,0.6731487429992297,0.3268512570007691
1578,0.6730575830144501,0.3269424169855501
1579,0.6727201452680451,0.3272798547319539
1580,0.6724800666896416,0.3275199333103585
1581,0.6723951769652808,0.3276048230347196
1582,0.6722943374398025,0.3277056625601969
1583,0.6684906587783267,0.3315093412216751
1584,0.6683472557882231,0.3316527442117766
1585,0.667660564946473,0.3323394350535286
1586,0.6650147274552247,0.3349852725447754
1587,0.6633569611515134,0.336643038848487
1588,0.6626089357361387,0.3373910642638616
1589,0.6615625804631665,0.3384374195368337
1590,0.658292786387419,0.3417072136125808
1591,0.654436149674433,0.3455638503255686
1592,0.6535398204482561,0.3464601795517443
1593,0.6533868116589733,0.3466131883410266
1594,0.6530088261590391,0.3469911738409602
1595,0.652612776069631,0.3473872239303682
1596,0.6505017381044332,0.3494982618955668
1597,0.6503712021866144,0.349628797813385
1598,0.6496057489637979,0.3503942510362012
1599,0.6492009612272416,0.3507990387727595
1600,0.6489264758773132,0.3510735241226853
1601,0.6481836736448371,0.3518163263551613
1602,0.6455670831474469,0.3544329168525537
1603,0.6445223891118722,0.3554776108881272
1604,0.6443745915584249,0.355625408441576
1605,0.6441857061274824,0.3558142938725168
1606,0.6427484915421644,0.3572515084578371
1607,0.6407092812637467,0.3592907187362525
1608,0.6405802285041966,0.3594197714958016
1609,0.6405802285041966,0.3594197714958016
1610,0.6404333782852472,0.3595666217147549
1611,0.6398863127458149,0.3601136872541864
1612,0.6396891308016543,0.3603108691983464
1613,0.6384340503107585,0.3615659496892416
1614,0.6383696416794885,0.3616303583205112
1615,0.637389712899302,0.3626102871006971
1616,0.6366048141892219,0.3633951858107792
1617,0.6361037109026987,0.3638962890973023
1618,0.6352673861441535,0.3647326138558469
1619,0.6351697799175133,0.3648302200824865
1620,0.632806084368294,0.3671939156317057
1621,0.6319136088554875,0.3680863911445132
1622,0.6314962038605595,0.3685037961394402
1623,0.6312854476395606,0.368714552360442
1624,0.6301566749949038,0.369843325005097
1625,0.6297000926725184,0.3702999073274814
1626,0.6284372264851745,0.3715627735148276
1627,0.627198932020742,0.3728010679792583
1628,0.6254910380293368,0.3745089619706644
1629,0.6237164015978405,0.3762835984021592
1630,0.6214451171294905,0.3785548828705106
1631,0.6211026683358892,0.3788973316641133
1632,0.6203849346789175,0.3796150653210832
1633,0.6197711081264691,0.3802288918735315
1634,0.6190977473566369,0.3809022526433632
1635,0.6190493775913589,0.3809506224086405
1636,0.6190493775913589,0.3809506224086405
1637,0.6188195345729426,0.381180465427057
1638,0.6156569735556462,0.3843430264443538
1639,0.6154093377898646,0.3845906622101342
1640,0.6125864500479967,0.3874135499520034
1641,0.6124172755409694,0.3875827244590285
1642,0.6111007726551259,0.3888992273448752
1643,0.609791948243016,0.3902080517569829
1644,0.6090815430352357,0.3909184569647644
1645,0.6077640722101529,0.3922359277898467
1646,0.6076592263699881,0.3923407736300101
1647,0.6071881107391449,0.3928118892608536
1648,0.6047314683655794,0.3952685316344191
1649,0.6047060122625333,0.395293987737466
1650,0.6042010358603465,0.3957989641396555
1651,0.6038253604991268,0.3961746395008725
1652,0.6009640373724057,0.3990359626275939
1653,0.6001128198419023,0.3998871801580972
1654,0.5979703597012899,0.4020296402987104
1655,0.5971061396751788,0.4028938603248222
1656,0.5963346609500018,0.4036653390499991
1657,0.5945147160134935,0.4054852839865063
1658,0.5931637214201232,0.4068362785798768
1659,0.5929790124142501,0.4070209875857501
1660,0.5886954691094287,0.4113045308905715
1661,0.5875158569033857,0.4124841430966136
1662,0.5865368455870517,0.4134631544129492
1663,0.5861580767258119,0.4138419232741886
1664,0.5861580767258119,0.4138419232741886
1665,0.5861580767258119,0.4138419232741886
1666,0.5861580767258119,0.4138419232741886
1667,0.5861580767258119,0.4138419232741886
1668,0.5854165822564372,0.414583417743563
1669,0.5853152461325566,0.4146847538674426
1670,0.5828808479999209,0.4171191520000799
1671,0.5828170490328015,0.4171829509671986
1672,0.5827973421086616,0.4172026578913386
1673,0.582280582351762,0.4177194176482381
1674,0.5816783018256855,0.4183216981743136
1675,0.5789943053102634,0.4210056946897357
1676,0.5789943053102634,0.4210056946897357
1677,0.5779583832666844,0.4220416167333143
1678,0.5777354616661449,0.4222645383338553
1679,0.5773683306413783,0.4226316693586213
1680,0.5743144732639437,0.425685526736056
1681,0.5726610576576681,0.4273389423423313
1682,0.5670943151112776,0.432905684888723
1683,0.5629020923536656,0.4370979076463368
1684,0.5629020923536656,0.4370979076463368
1685,0.5624531047541025,0.4375468952458984
1686,0.5618292826884757,0.4381707173115253
1687,0.561622101063259,0.4383778989367419
1688,0.5613886969557058,0.4386113030442935
1689,0.5612250638348886,0.4387749361651106
1690,0.5607860171587585,0.439213982841242
1691,0.5559876688433237,0.4440123311566746
1692,0.554947178343002,0.4450528216569963
1693,0.5547828314324617,0.4452171685675391
1694,0.5542411394137505,0.4457588605862504
1695,0.5517381155013182,0.4482618844986796
1696,0.549024522401974,0.4509754775980258
1697,0.5438447939126977,0.456155206087302
1698,0.5422765726621785,0.457723427337821
1699,0.5384623320245671,0.4615376679754327
1700,0.5342446122689696,0.4657553877310308
1701,0.5339143083377048,0.466085691662295
1702,0.5319439664985454,0.4680560335014544
1703,0.5315643265651914,0.4684356734348107
1704,0.5295619596256649,0.4704380403743354
1705,0.5289193906343566,0.4710806093656429
1706,0.5247216283862031,0.4752783716137972
1707,0.5241068653968514,0.4758931346031478
1708,0.5234158912090906,0.4765841087909089
1709,0.5230610432415715,0.4769389567584293
1710,0.5214050644234838,0.4785949355765163
1711,0.5194379028030791,0.4805620971969205
1712,0.5167649418485585,0.4832350581514416
1713,0.50922004104715,0.4907799589528495
1714,0.5084461617798806,0.4915538382201203
1715,0.5078787998040454,0.492121200195954
1716,0.5070649448725227,0.4929350551274764
1717,0.5057886704764806,0.4942113295235206
1718,0.504501986388281,0.4954980136117194
1719,0.5032195377615575,0.4967804622384417
1720,0.5027300310424843,0.4972699689575153
1721,0.5021616811468068,0.4978383188531938
1722,0.5013854324579302,0.4986145675420707
1723,0.5003213211677882,0.4996786788322127
1724,0.0045332262183153,0.9954667737816848
1725,0.0095305473884951,0.9904694526115058
1726,0.0095305473884951,0.9904694526115058
1727,0.0095305473884951,0.9904694526115058
1728,0.0384660325679993,0.9615339674319996
1729,0.0384660325679993,0.9615339674319996
1730,0.0520954803252408,0.9479045196747592
1731,0.0567881802417311,0.9432118197582688
1732,0.0714229843597198,0.9285770156402816
1733,0.0738147392065857,0.9261852607934145
1734,0.0773933830942064,0.9226066169057928
1735,0.0820721452561247,0.917927854743875
1736,0.0839235456788825,0.9160764543211192
1737,0.0921150686706871,0.907884931329313
1738,0.1122541934345326,0.8877458065654671
1739,0.1558836570795753,0.844116342920424
1740,0.1604630710837911,0.8395369289162086
1741,0.1604630710837911,0.8395369289162086
1742,0.1659535524505472,0.8340464475494522
1743,0.181728877092532,0.8182711229074691
1744,0.1843626275065888,0.8156373724934102
1745,0.1897128572866931,0.8102871427133084
1746,0.1973383022707423,0.8026616977292569
1747,0.1989800130281682,0.8010199869718325
1748,0.2029024910597353,0.7970975089402649
1749,0.2033657067282367,0.7966342932717624
1750,0.2173921902859772,0.7826078097140236
1751,0.2277405092801867,0.7722594907198133
1752,0.2326479047661511,0.767352095233849
1753,0.2342774313630216,0.765722568636979
1754,0.2377231660810339,0.7622768339189678
1755,0.2502051852045866,0.749794814795413
1756,0.2502675363922068,0.7497324636077933
1757,0.2508815567960679,0.7491184432039322
1758,0.2548090880912074,0.7451909119087926
1759,0.2752067327145465,0.7247932672854556
1760,0.276261492055561,0.7237385079444403
1761,0.2896225052001253,0.7103774947998736
1762,0.303437960718178,0.6965620392818216
1763,0.3226063314726844,0.6773936685273154
1764,0.3336834823331476,0.666316517666852
1765,0.3373321407421953,0.6626678592578055
1766,0.3389709055620795,0.66102909443792
1767,0.3569880807055653,0.6430119192944344
1768,0.358429801070611,0.6415701989293872
1769,0.3732204831463717,0.6267795168536274
1770,0.4010877899360696,0.598912210063929
1771,0.4078875365497671,0.5921124634502345
1772,0.4172324987330679,0.5827675012669314
1773,0.4203495761500622,0.579650423849938
1774,0.4225237539050636,0.5774762460949349
1775,0.4358697063668183,0.5641302936331825
1776,0.4487285596046675,0.5512714403953325
1777,0.4677784972212025,0.5322215027787982
1778,0.4752162922316029,0.5247837077683979
1779,0.496121527420581,0.5038784725794181
1780,0.0002287924774021,0.9997712075225976
1781,0.0088590106062347,0.9911409893937656
1782,0.0222941082444195,0.9777058917555798
1783,0.0385743031708481,0.9614256968291512
1784,0.0515267588976353,0.9484732411023652
1785,0.0534003619763637,0.946599638023636
1786,0.0542881462603696,0.9457118537396296
1787,0.0563180822603494,0.9436819177396516
1788,0.0661368235888041,0.933863176411197
1789,0.0680830951589388,0.931916904841061
1790,0.070214043930536,0.9297859560694632
1791,0.0732341227771714,0.9267658772228304
1792,0.0766902769969631,0.9233097230030372
1793,0.0848936957874456,0.9151063042125552
1794,0.0921474122020922,0.9078525877979088
1795,0.0926236728196057,0.9073763271803952
1796,0.0926236728196057,0.9073763271803952
1797,0.1129134662780782,0.8870865337219224
1798,0.1191319728391988,0.8808680271608005
1799,0.1322272541232531,0.8677727458767455
1800,0.1537824931932792,0.8462175068067209
1801,0.1567452561242386,0.8432547438757605
1802,0.1669222792862748,0.8330777207137252
1803,0.1672097412847085,0.8327902587152917
1804,0.1720559486664796,0.8279440513335196
1805,0.1795930180880197,0.8204069819119808
1806,0.1834294676343959,0.8165705323656037
1807,0.1834294676343959,0.8165705323656037
1808,0.1976781770000647,0.8023218229999363
1809,0.2303061100131228,0.769693889986877
1810,0.2406868097375978,0.7593131902624031
1811,0.2413269603271622,0.7586730396728386
1812,0.254068418493442,0.7459315815065569
1813,0.2655483797644192,0.7344516202355802
1814,0.2748666006981208,0.7251333993018789
1815,0.2839753859789664,0.7160246140210338
1816,0.2882034593029395,0.7117965406970632
1817,0.2937197459596199,0.706280254040379
1818,0.3067634065602402,0.69323659343976
1819,0.3202787969567341,0.679721203043265
1820,0.3244772782771778,0.6755227217228216
1821,0.3244772782771778,0.6755227217228216
1822,0.3279968519816339,0.6720031480183668
1823,0.3301933671765654,0.6698066328234338
1824,0.3611112190458828,0.638888780954116
1825,0.3664769349764959,0.6335230650235034
1826,0.3693232726329305,0.6306767273670696
1827,0.404218341508437,0.5957816584915632
1828,0.406456909784044,0.5935430902159567
1829,0.4158637613097334,0.5841362386902668
1830,0.4336312375510345,0.5663687624489664
1831,0.4474841490867515,0.5525158509132487
1832,0.4535777032439844,0.5464222967560155
1833,0.4640886795726035,0.5359113204273969
1834,0.4658821543131988,0.5341178456868002
1835,0.4688706315386722,0.531129368461327
1836,0.4688706315386722,0.531129368461327
1837,0.0011133365773987,0.9988866634226018
1838,0.0035982391887509,0.9964017608112486
1839,0.0041555440872279,0.9958444559127732
1840,0.0051741985010802,0.9948258014989204
1841,0.0058778741292118,0.994122125870789
1842,0.0071154020189657,0.9928845979810343
1843,0.0106932440368577,0.9893067559631432
1844,0.0450823849291346,0.9549176150708648
1845,0.0599992086411723,0.9400007913588276
1846,0.0610888591855952,0.9389111408144049
1847,0.0702614098098926,0.9297385901901056
1848,0.0706251117622148,0.9293748882377852
1849,0.0821157500410388,0.917884249958961
1850,0.0863329718654768,0.9136670281345232
1851,0.0919204453437396,0.9080795546562596
1852,0.097362004590562,0.902637995409438
1853,0.1069256230859166,0.8930743769140842
1854,0.1119138159288836,0.888086184071117
1855,0.1207505536041231,0.8792494463958782
1856,0.1209918793619907,0.8790081206380085
1857,0.1607022697696954,0.839297730230306
1858,0.1644640112050326,0.8355359887949678
1859,0.1891751019630745,0.8108248980369264
1860,0.1905130417051398,0.8094869582948607
1861,0.1944014850962589,0.8055985149037408
1862,0.1959425684896109,0.8040574315103876
1863,0.222676189940038,0.7773238100599611
1864,0.2286778230809286,0.7713221769190709
1865,0.247032753210941,0.7529672467890596
1866,0.2616565658579908,0.738343434142009
1867,0.263135504915389,0.7368644950846106
1868,0.2822811524297736,0.7177188475702267
1869,0.2944635267667375,0.7055364732332636
1870,0.3239172655857115,0.676082734414287
1871,0.3319054385246901,0.6680945614753112
1872,0.3807198074718843,0.6192801925281153
1873,0.3858099007085126,0.6141900992914889
1874,0.392345341203287,0.6076546587967133
1875,0.3991336554780153,0.6008663445219837
1876,0.4091958314532182,0.5908041685467817
1877,0.4385947043479246,0.5614052956520753
1878,0.0003208579461756,0.9996791420538254
1879,0.0019445877988782,0.998055412201123
1880,0.0025548976570215,0.9974451023429788
1881,0.0075769865815787,0.9924230134184204
1882,0.0101589968880898,0.9898410031119104
1883,0.0108997007952365,0.9891002992047638
1884,0.0154849280641158,0.9845150719358824
1885,0.0172321674467749,0.9827678325532252
1886,0.0178853209340537,0.9821146790659466
1887,0.0210299248012642,0.9789700751987368
1888,0.032544553397725,0.9674554466022764
1889,0.0358871788977268,0.9641128211022716
1890,0.049924762869676,0.9500752371303252
1891,0.0635405853134168,0.9364594146865842
1892,0.0649261413211075,0.9350738586788928
1893,0.0894152747011661,0.910584725298834
1894,0.0903346738160944,0.9096653261839056
1895,0.0978359252937185,0.902164074706283
1896,0.1165436976854559,0.8834563023145449
1897,0.1285429881890682,0.8714570118109325
1898,0.1338617377866927,0.8661382622133076
1899,0.1573571198119543,0.8426428801880448
1900,0.1783979502444305,0.8216020497555699
1901,0.1855707762065473,0.8144292237934543
1902,0.2012015906064808,0.7987984093935185
1903,0.2483349848537217,0.7516650151462791
1904,0.2787397483335389,0.7212602516664618
1905,0.3394484748567516,0.6605515251432482
1906,0.3538522436984625,0.6461477563015385
1907,0.3784884435986144,0.6215115564013862
1908,0.4347578131289094,0.5652421868710914
1909,0.0001268144261264,0.9998731855738732
1910,0.0003577132841847,0.9996422867158158
1911,0.0009063864941408,0.9990936135058588
1912,0.0010691351317715,0.9989308648682294
1913,0.0017294959147602,0.9982705040852414
1914,0.0044547098019233,0.995545290198077
1915,0.0058931059304174,0.9941068940695824
1916,0.0097767084307385,0.9902232915692616
1917,0.010185061290142,0.9898149387098574
1918,0.0178012619062661,0.982198738093733
1919,0.1040735094734019,0.895926490526598
1920,0.1154281901842067,0.8845718098157931
1921,0.1339915793987333,0.8660084206012681
1922,0.1450762739910354,0.8549237260089654
1923,0.1518719612013616,0.8481280387986394
1924,0.1782456920281429,0.8217543079718574
1925,0.1895422174480147,0.8104577825519861
1926,0.2466666640365899,0.7533333359634106
1927,0.3212305199412396,0.6787694800587608
1928,0.3253362700036188,0.6746637299963821
1929,0.3548832051152292,0.6451167948847719
1930,0.3991635650195718,0.6008364349804289
1931,0.41463605069489,0.5853639493051104
1932,0.0002293899220015,0.9997706100779978
1933,0.0002916528198237,0.9997083471801764
1934,0.0007592122931168,0.9992407877068828
1935,0.0009188899207608,0.9990811100792396
1936,0.0010366595542002,0.9989633404458004
1937,0.0015164006211782,0.9984835993788226
1938,0.0015905845490469,0.9984094154509536
1939,0.001594608288429,0.9984053917115712
1940,0.0017514954589095,0.9982485045410894
1941,0.0018518702089483,0.9981481297910512
1942,0.0019348410797786,0.9980651589202212
1943,0.0030947889284587,0.9969052110715412
1944,0.0032714084813945,0.9967285915186056
1945,0.0038150727452208,0.9961849272547808
1946,0.0041204060830817,0.9958795939169192
1947,0.0055450040757958,0.9944549959242044
1948,0.0068813999102286,0.9931186000897736
1949,0.0108805681099336,0.9891194318900656
1950,0.0125126367860666,0.9874873632139336
1951,0.013418016783362,0.9865819832166384
1952,0.0200783422677323,0.979921657732267
1953,0.0227452105366925,0.9772547894633068
1954,0.0317022814836527,0.9682977185163468
1955,0.0327344144208225,0.9672655855791762
1956,0.0360170708706569,0.9639829291293428
1957,0.0661263349635284,0.9338736650364718
1958,0.070715191469336,0.9292848085306656
1959,0.0851527393762492,0.9148472606237504
1960,0.1031029632893739,0.8968970367106254
1961,0.1096161065400469,0.8903838934599541
1962,0.1177993580923293,0.8822006419076702
1963,0.1218221969341142,0.8781778030658847
1964,0.2193131745637181,0.7806868254362814
1965,0.3885898463802831,0.6114101536197166
1966,0.4043574635269381,0.5956425364730611
1967,0.4580609344083765,0.5419390655916222
1968,0.4716816038711753,0.5283183961288247
1969,3.5802892582733224e-09,0.9999999964197118
1970,1.741355975598265e-06,0.9999982586440244
1971,2.2907939049068064e-06,0.9999977092060948
1972,8.090736822176976e-06,0.9999919092631776
1973,1.1988154030849335e-05,0.999988011845968
1974,5.622203617328002e-05,0.9999437779638258
1975,0.0003889383203548,0.9996110616796452
1976,0.0004424549172603,0.9995575450827402
1977,0.0006487165892619,0.9993512834107376
1978,0.0006487165892619,0.9993512834107376
1979,0.0008186859188386,0.9991813140811612
1980,0.0025834020416766,0.9974165979583236
1981,0.003059182524744,0.9969408174752564
1982,0.0044597182042526,0.9955402817957462
1983,0.004716120406593,0.995283879593409
1984,0.0097210523601401,0.9902789476398594
1985,0.017387720528844,0.982612279471154
1986,0.0198955707520965,0.9801044292479032
1987,0.0301622509353562,0.969837749064645
1988,0.0384529016892347,0.9615470983107656
1989,0.0394845939919826,0.9605154060080168
1990,0.0530841112992076,0.9469158887007924
1991,0.0546084901256301,0.945391509874368
1992,0.0646002281446748,0.9353997718553252
1993,0.10107117233158,0.8989288276684202
1994,0.1247954827187333,0.8752045172812657
1995,0.1256295366644861,0.8743704633355135
1996,0.1930275424964929,0.8069724575035065
1997,0.1954239486163248,0.8045760513836754
1998,0.2356112969120152,0.7643887030879856
1999,0.2376949286862752,0.7623050713137235
2000,0.2886785609748286,0.7113214390251715
2001,0.2959773565039578,0.7040226434960423
2002,0.3915971801515456,0.6084028198484542
2003,0.4822565168386284,0.5177434831613716
2004,1.8087766578235308e-06,0.9999981912233408
2005,7.289051351670392e-06,0.9999927109486488
2006,2.68326556672973e-05,0.9999731673443312
2007,5.172793888874476e-05,0.999948272061113
2008,0.0001258957411591,0.99987410425884
2009,0.0006453320449558,0.9993546679550436
2010,0.0006876818630249,0.9993123181369744
2011,0.0006876818630249,0.9993123181369744
2012,0.0015877658877141,0.998412234112284
2013,0.0022446190104577,0.9977553809895432
2014,0.0030320521577144,0.9969679478422844
2015,0.0035071591463323,0.9964928408536652
2016,0.0081229026643822,0.991877097335618
2017,0.0257214943993083,0.974278505600694
2018,0.1271950075928593,0.8728049924071415
2019,5.320857378508783e-09,0.9999999946791422
2020,6.775532589582846e-09,0.9999999932244676
2021,3.2721754654572324e-07,0.9999996727824536
2022,6.301665179407245e-07,0.9999993698334816
2023,1.136909683925335e-06,0.9999988630903162
2024,1.4828706305142138e-06,0.9999985171293682
2025,4.225921109782297e-05,0.999957740788902
2026,0.0002157254208115,0.999784274579188
2027,0.0014563465010745,0.9985436534989256
2028,0.0017467704273355,0.9982532295726648
2029,0.0058000873305385,0.9941999126694608
2030,0.0075046850342737,0.9924953149657264
2031,0.0098379072987674,0.9901620927012325
2032,0.0150214389124135,0.9849785610875854
2033,0.0160499400712981,0.9839500599287024
2034,0.0169973405278963,0.9830026594721032
2035,0.0268024015904791,0.9731975984095208
2036,0.0412872955194974,0.9587127044805036
2037,0.0510941266731622,0.9489058733268372
2038,0.1185228203928704,0.8814771796071287
2039,0.2940622141310737,0.7059377858689269
2040,1.0354284970075943e-08,0.9999999896457156
2041,2.1156928069695547e-08,0.9999999788430728
2042,2.3134762229439436e-08,0.999999976865238
2043,2.744738409948841e-07,0.9999997255261596
2044,2.913775650061636e-06,0.9999970862243496
2045,5.960587701000782e-06,0.9999940394122976
2046,1.7390761038391538e-05,0.9999826092389608
2047,6.515630861671511e-05,0.9999348436913832
2048,8.88694957409329e-05,0.9999111305042602
2049,0.0073838448811084,0.992616155118892
2050,0.0196811277837606,0.9803188722162384
2051,0.0499483639892256,0.9500516360107752
2052,0.0576209614122775,0.9423790385877228
2053,0.0820012625165468,0.9179987374834562
2054,0.2499344503330919,0.7500655496669073
2055,1.2644424002761845e-13,0.9999999999998672
2056,2.0124391186849103e-10,0.9999999997987572
2057,2.0178025477657808e-10,0.9999999997982194
2058,2.1153259126315504e-09,0.9999999978846724
2059,2.3058372896927087e-09,0.9999999976941638
2060,1.9422573986848885e-08,0.9999999805774268
2061,3.511462359027957e-07,0.9999996488537632
2062,1.0578786331821184e-05,0.9999894212136676
2063,1.5133968154276831e-05,0.9999848660318452
2064,3.154661726368346e-05,0.999968453382736
2065,5.225146929917568e-05,0.9999477485307016
2066,0.0003227935039756,0.9996772064960252
2067,0.0021024997291467,0.9978975002708524
2068,0.0042672628915404,0.9957327371084596
2069,0.0098865814452607,0.9901134185547386
2070,0.0431650436209245,0.9568349563790772
2071,0.0726621701447995,0.9273378298552024
2072,0.1261733996189006,0.8738266003811005
2073,0.2113445373023146,0.7886554626976857
2074,0.3636017851356991,0.6363982148643005
2075,1.191174924791691e-09,0.9999999988088256
2076,1.1681937480113284e-08,0.999999988318062
2077,4.0884181071121916e-07,0.9999995911581886
2078,0.0001591307645889,0.9998408692354112
2079,0.0021565193067051,0.997843480693296
2080,0.0088412599618393,0.9911587400381608
2081,0.0151893846623912,0.9848106153376084
2082,0.0906083499425855,0.9093916500574152
2083,1.326152318303367e-08,0.9999999867384765
2084,5.511561364074205e-08,0.9999999448843864
2085,2.043878192982784e-07,0.9999997956121812
2086,3.830289110193363e-06,0.9999961697108892
2087,2.0642055923307187e-05,0.999979357944076
2088,4.1225575477764345e-05,0.9999587744245227
2089,4.355467433955177e-05,0.9999564453256604
2090,0.0004293944997075,0.9995706055002928
2091,0.0004720296684411,0.9995279703315586
2092,0.0008835127918996,0.999116487208101
2093,9.524748514563769e-09,0.9999999904752508
2094,2.978282896889721e-07,0.9999997021717104
2095,3.957829127297984e-06,0.9999960421708728
2096,5.474378012071618e-06,0.9999945256219872
2097,1.2003444348900877e-05,0.9999879965556512
2098,3.327892020847771e-05,0.9999667210797916
2099,7.714458134704778e-05,0.999922855418654
2100,0.0001334873547035,0.9998665126452976
2101,0.0001904878034703,0.9998095121965284
2102,0.0003950366246586,0.9996049633753412
2103,0.1247143488767226,0.8752856511232783
2104,1.060777056717983e-09,0.9999999989392228
2105,1.992794305380572e-05,0.9999800720569464
2106,0.0001413454871923,0.9998586545128078
2107,0.0004029129657219,0.9995970870342776
2108,0.0386291457948614,0.9613708542051386
2109,0.2830355276166381,0.7169644723833608
2110,2.493492135448028e-09,0.9999999975065068
2111,1.0055605305829412e-08,0.999999989944396
2112,1.677213179671334e-05,0.9999832278682038
2113,0.0002120784192379,0.9997879215807602
2114,0.0011173803677147,0.998882619632286
2115,0.0011173803677147,0.998882619632286
2116,0.0105004601084747,0.9894995398915234
2117,0.078510284407164,0.9214897155928344
2118,1.0491926172270935e-07,0.9999998950807388
2119,1.1318872945254169e-07,0.999999886811271
2120,1.8941539728209658e-07,0.9999998105846042
2121,6.845319851971336e-06,0.9999931546801488
2122,0.0026525111975524,0.9973474888024476
2123,0.0035284373389963,0.9964715626610036
2124,0.2583262368019701,0.7416737631980301
2125,0.0226453701838178,0.9773546298161828
2126,2.0337015387689462e-06,0.9999979662984614
2127,3.4159856603104586e-05,0.9999658401433968
2128,4.339977122471076e-05,0.9999566002287744
2129,0.0004567507993328,0.999543249200667
2130,0.0019502492420157,0.9980497507579852
2131,0.0050485270946443,0.9949514729053552
2132,0.0147939987031203,0.98520600129688
2133,0.0443272131070643,0.9556727868929372
2134,0.0025986211482741,0.997401378851727
2135,0.0027990023081343,0.997200997691866
2136,0.0053283122202728,0.9946716877797264
2137,0.0060474576545806,0.9939525423454204
2138,0.0062405178692564,0.9937594821307428
2139,0.0089003523988729,0.9910996476011262
2140,0.012087152437351,0.9879128475626484
2141,0.0125529499570717,0.9874470500429284
2142,0.0126686796127544,0.987331320387246
2143,0.0222200386172108,0.9777799613827892
2144,0.0222200386172108,0.9777799613827892
2145,0.0262422873125585,0.9737577126874416
2146,0.0299387884501495,0.9700612115498506
2147,0.0363193876400755,0.9636806123599236
2148,0.0379763974753383,0.9620236025246608
2149,0.0490340288973422,0.9509659711026568
2150,0.0573859743174963,0.942614025682504
2151,0.0631568991924443,0.9368431008075556
2152,0.0927308318392712,0.9072691681607292
2153,0.2813865396585421,0.7186134603414581
2154,0.3993590814355547,0.6006409185644453
2155,0.0117840478589296,0.9882159521410688
2156,0.0309942332723683,0.9690057667276322
2157,0.0239844169892679,0.9760155830107314
2158,0.041836170668451,0.9581638293315494
2159,0.0546312669987636,0.945368733001234
2160,0.0708894838266225,0.929110516173378
2161,0.072095821378987,0.9279041786210128
2162,0.1090846596633645,0.8909153403366352
2163,0.133919445844264,0.8660805541557364
2164,0.15572154827998,0.8442784517200205
2165,0.1725660569431173,0.827433943056881
2166,0.209308739680177,0.7906912603198236
2167,0.2107056347705205,0.7892943652294793
2168,0.2116437133810065,0.788356286618994
2169,0.2297797218478217,0.7702202781521778
2170,0.2352389232150763,0.7647610767849258
2171,0.2974591385258261,0.7025408614741733
2172,0.3313119504680607,0.6686880495319394
2173,0.3559105492713083,0.6440894507286921
2174,0.4704845778950454,0.5295154221049551
2175,0.1031703841079694,0.8968296158920291
2176,0.1333889789313795,0.8666110210686203
2177,0.1647548121497665,0.8352451878502337
2178,0.2074254239336249,0.7925745760663752
2179,0.2074254239336249,0.7925745760663752
2180,0.2147788286349635,0.7852211713650363
2181,0.2375187878672947,0.7624812121327057
2182,0.2438137995526047,0.756186200447395
2183,0.2489826216324515,0.7510173783675484
2184,0.2513174905692911,0.7486825094307078
2185,0.259067573522351,0.7409324264776485
2186,0.260857686341147,0.7391423136588539
2187,0.2625318691065735,0.7374681308934253
2188,0.2637566536188406,0.7362433463811606
2189,0.2722015398561664,0.7277984601438339
2190,0.2817326814484688,0.718267318551532
2191,0.2897411223392689,0.7102588776607307
2192,0.2900502298162543,0.7099497701837444
2193,0.295853562769171,0.7041464372308279
2194,0.2966110803803291,0.7033889196196708
2195,0.3019594100739578,0.6980405899260437
2196,0.3058772301510575,0.6941227698489442
2197,0.3093838120207454,0.6906161879792564
2198,0.309530884839449,0.6904691151605504
2199,0.3095508926630305,0.6904491073369696
2200,0.3181423464091955,0.6818576535908034
2201,0.318219776089711,0.6817802239102895
2202,0.3259256482881748,0.6740743517118263
2203,0.3260588769711725,0.6739411230288281
2204,0.3312361384916136,0.6687638615083863
2205,0.3356158238800107,0.6643841761199898
2206,0.3365712567047739,0.6634287432952263
2207,0.3410062074124154,0.6589937925875845
2208,0.3510632777446755,0.648936722255325
2209,0.3539903843885182,0.6460096156114826
2210,0.3580271441467277,0.6419728558532712
2211,0.3680395000437901,0.6319604999562108
2212,0.3693074691267225,0.6306925308732771
2213,0.3801629233551563,0.6198370766448453
2214,0.3808967229445553,0.6191032770554458
2215,0.3817101723491846,0.6182898276508145
2216,0.3850203691023954,0.6149796308976043
2217,0.3898309848286467,0.6101690151713547
2218,0.3923135580432913,0.6076864419567077
2219,0.3939738810733052,0.606026118926695
2220,0.3988654987515924,0.601134501248409
2221,0.4008327374636657,0.5991672625363352
2222,0.4043023388662606,0.595697661133741
2223,0.410773362497517,0.589226637502482
2224,0.4191671338158226,0.580832866184177
2225,0.4191671338158226,0.580832866184177
2226,0.4217050916040475,0.5782949083959514
2227,0.4243736359599206,0.575626364040078
2228,0.4262918079162478,0.5737081920837528
2229,0.427244514284844,0.5727554857151562
2230,0.428331907597076,0.5716680924029242
2231,0.4292495892091073,0.5707504107908912
2232,0.4312350036207373,0.5687649963792641
2233,0.4376236382961953,0.5623763617038029
2234,0.4388803656810651,0.5611196343189342
2235,0.4395598002833165,0.5604401997166839
2236,0.4400086458843362,0.5599913541156613
2237,0.4431595106408731,0.5568404893591289
2238,0.4465637021221412,0.5534362978778582
2239,0.4501807646479571,0.5498192353520438
2240,0.4536324025152631,0.5463675974847377
2241,0.4623564398452383,0.5376435601547631
2242,0.4645383876435591,0.53546161235644
2243,0.4645663519113586,0.5354336480886419
2244,0.4671616092172895,0.5328383907827112
2245,0.4687656019106338,0.5312343980893651
2246,0.4703787276120382,0.5296212723879623
2247,0.4740800205200559,0.5259199794799441
2248,0.4755052854713627,0.5244947145286366
2249,0.4772932084076995,0.5227067915923017
2250,0.4809522797005287,0.5190477202994707
2251,0.4817479899779501,0.5182520100220502
2252,0.4826344666139063,0.5173655333860926
2253,0.4830487201652692,0.5169512798347325
2254,0.4849366859109759,0.5150633140890243
2255,0.4901882470077954,0.5098117529922047
2256,0.4911343562920516,0.5088656437079457
2257,0.4957893387512135,0.5042106612487858
2258,0.4964724174556549,0.5035275825443454
2259,0.4985830492933149,0.5014169507066842
