subtype,observed_group,roi_index,roi_short,abs_error
0,bin0,0,L-BANKSSTS,0.005489162694
0,bin0,1,L-CAUDALANTERIORCINGULATE,0.02425623731
0,bin0,2,L-CAUDALMIDDLEFRONTAL,0.0005157834197
0,bin0,3,L-CUNEUS,0.03277375285
0,bin0,4,L-ENTORHINAL,0.003058178238
0,bin0,5,L-FUSIFORM,0.01644285855
0,bin0,6,L-INFERIORPARIETAL,0.002583698964
0,bin0,7,L-INFERIORTEMPORAL,2.843108808e-05
0,bin0,8,L-ISTHMUSCINGULATE,0.02687301762
0,bin0,9,L-LATERALOCCIPITAL,0.06432322021
0,bin0,10,L-LATERALORBITOFRONTAL,0.0190301399
0,bin0,11,L-LINGUAL,0.01794119223
0,bin0,12,L-MEDIALORBITOFRONTAL,0.01923299067
0,bin0,13,L-MIDDLETEMPORAL,0.001210608808
0,bin0,14,L-PARAHIPPOCAMPAL,0.01329432642
0,bin0,15,L-PARACENTRAL,0.007503168912
0,bin0,16,L-PARSOPERCULARIS,0.006999153886
0,bin0,17,L-PARSORBITALIS,0.01321451451
0,bin0,18,L-PARSTRIANGULARIS,0.03091093679
0,bin0,19,L-PERICALCARINE,0.03528975855
0,bin0,20,L-POSTCENTRAL,0.01968103109
0,bin0,21,L-POSTERIORCINGULATE,0.01519092176
0,bin0,22,L-PRECENTRAL,0.01016579689
0,bin0,23,L-PRECUNEUS,0.004305329016
0,bin0,24,L-ROSTRALANTERIORCINGULATE,0.0534937228
0,bin0,25,L-ROSTRALMIDDLEFRONTAL,0.01460911295
0,bin0,26,L-SUPERIORFRONTAL,0.00152691658
0,bin0,27,L-SUPERIORPARIETAL,0.02869072021
0,bin0,28,L-SUPERIORTEMPORAL,0.005774779275
0,bin0,29,L-SUPRAMARGINAL,0.004154437824
0,bin0,30,L-FRONTALPOLE,0.04391416269
0,bin0,31,L-TEMPORALPOLE,0.02069013005
0,bin0,32,L-TRANSVERSETEMPORAL,0.004408598964
0,bin0,33,L-INSULA,0.03602537306
0,bin0,34,R-BANKSSTS,0.01755740777
0,bin0,35,R-CAUDALANTERIORCINGULATE,0.02386084145
0,bin0,36,R-CAUDALMIDDLEFRONTAL,0.01999129896
0,bin0,37,R-CUNEUS,0.004164263731
0,bin0,38,R-ENTORHINAL,0.0576747171
0,bin0,39,R-FUSIFORM,0.02965607979
0,bin0,40,R-INFERIORPARIETAL,0.02269398135
0,bin0,41,R-INFERIORTEMPORAL,0.03349396528
0,bin0,42,R-ISTHMUSCINGULATE,0.008880745596
0,bin0,43,R-LATERALOCCIPITAL,0.02284204974
0,bin0,44,R-LATERALORBITOFRONTAL,0.02974862591
0,bin0,45,R-LINGUAL,0.02472539171
0,bin0,46,R-MEDIALORBITOFRONTAL,0.01321766736
0,bin0,47,R-MIDDLETEMPORAL,0.006089740933
0,bin0,48,R-PARAHIPPOCAMPAL,0.03309910415
0,bin0,49,R-PARACENTRAL,0.0160872171
0,bin0,50,R-PARSOPERCULARIS,0.004051440933
0,bin0,51,R-PARSORBITALIS,0.01282517979
0,bin0,52,R-PARSTRIANGULARIS,0.01508918497
0,bin0,53,R-PERICALCARINE,0.0452978456
0,bin0,54,R-POSTCENTRAL,0.007936002073
0,bin0,55,R-POSTERIORCINGULATE,0.003410434197
0,bin0,56,R-PRECENTRAL,0.01323708031
0,bin0,57,R-PRECUNEUS,0.004090768912
0,bin0,58,R-ROSTRALANTERIORCINGULATE,0.008069437306
0,bin0,59,R-ROSTRALMIDDLEFRONTAL,0.009551529016
0,bin0,60,R-SUPERIORFRONTAL,0.006855937824
0,bin0,61,R-SUPERIORPARIETAL,0.03299145544
0,bin0,62,R-SUPERIORTEMPORAL,0.004529144041
0,bin0,63,R-SUPRAMARGINAL,0.0147929772
0,bin0,64,R-FRONTALPOLE,0.03112262332
0,bin0,65,R-TEMPORALPOLE,0.01575907409
0,bin0,66,R-TRANSVERSETEMPORAL,0.007680492228
0,bin0,67,R-INSULA,0.03602739482
0,bin1,0,L-BANKSSTS,0.104249663
0,bin1,1,L-CAUDALANTERIORCINGULATE,0.04399238519
0,bin1,2,L-CAUDALMIDDLEFRONTAL,0.06503999815
0,bin1,3,L-CUNEUS,0.05651241296
0,bin1,4,L-ENTORHINAL,0.08436844074
0,bin1,5,L-FUSIFORM,0.08513641296
0,bin1,6,L-INFERIORPARIETAL,0.04478442037
0,bin1,7,L-INFERIORTEMPORAL,0.06413081481
0,bin1,8,L-ISTHMUSCINGULATE,0.05774991852
0,bin1,9,L-LATERALOCCIPITAL,0.2469359056
0,bin1,10,L-LATERALORBITOFRONTAL,0.08040858519
0,bin1,11,L-LINGUAL,0.05146311111
0,bin1,12,L-MEDIALORBITOFRONTAL,0.03360565185
0,bin1,13,L-MIDDLETEMPORAL,0.05119267593
0,bin1,14,L-PARAHIPPOCAMPAL,0.01326199444
0,bin1,15,L-PARACENTRAL,0.01801526296
0,bin1,16,L-PARSOPERCULARIS,0.03417906852
0,bin1,17,L-PARSORBITALIS,0.05856718889
0,bin1,18,L-PARSTRIANGULARIS,0.0295817463
0,bin1,19,L-PERICALCARINE,0.02824976296
0,bin1,20,L-POSTCENTRAL,0.002563124074
0,bin1,21,L-POSTERIORCINGULATE,0.02657882037
0,bin1,22,L-PRECENTRAL,0.01187357222
0,bin1,23,L-PRECUNEUS,0.02802404815
0,bin1,24,L-ROSTRALANTERIORCINGULATE,0.02433379259
0,bin1,25,L-ROSTRALMIDDLEFRONTAL,0.01507546852
0,bin1,26,L-SUPERIORFRONTAL,0.01082272407
0,bin1,27,L-SUPERIORPARIETAL,0.02685850741
0,bin1,28,L-SUPERIORTEMPORAL,0.03796726111
0,bin1,29,L-SUPRAMARGINAL,0.02770973148
0,bin1,30,L-FRONTALPOLE,0.08691420556
0,bin1,31,L-TEMPORALPOLE,0.1137728093
0,bin1,32,L-TRANSVERSETEMPORAL,0.03081808185
0,bin1,33,L-INSULA,0.0641457
0,bin1,34,R-BANKSSTS,0.06470301111
0,bin1,35,R-CAUDALANTERIORCINGULATE,0.04772877037
0,bin1,36,R-CAUDALMIDDLEFRONTAL,0.01603430185
0,bin1,37,R-CUNEUS,0.02295410556
0,bin1,38,R-ENTORHINAL,0.006544590741
0,bin1,39,R-FUSIFORM,0.1009075519
0,bin1,40,R-INFERIORPARIETAL,0.00314027963
0,bin1,41,R-INFERIORTEMPORAL,0.05095923889
0,bin1,42,R-ISTHMUSCINGULATE,0.008044598148
0,bin1,43,R-LATERALOCCIPITAL,0.04526772037
0,bin1,44,R-LATERALORBITOFRONTAL,0.05172710926
0,bin1,45,R-LINGUAL,0.002100088889
0,bin1,46,R-MEDIALORBITOFRONTAL,0.02520745741
0,bin1,47,R-MIDDLETEMPORAL,0.01641772778
0,bin1,48,R-PARAHIPPOCAMPAL,0.03809784259
0,bin1,49,R-PARACENTRAL,0.005660935185
0,bin1,50,R-PARSOPERCULARIS,0.01254206481
0,bin1,51,R-PARSORBITALIS,0.02754140926
0,bin1,52,R-PARSTRIANGULARIS,0.02285214444
0,bin1,53,R-PERICALCARINE,0.0472131037
0,bin1,54,R-POSTCENTRAL,0.01369488704
0,bin1,55,R-POSTERIORCINGULATE,0.03473379259
0,bin1,56,R-PRECENTRAL,0.01451036296
0,bin1,57,R-PRECUNEUS,0.006053309259
0,bin1,58,R-ROSTRALANTERIORCINGULATE,0.03177699444
0,bin1,59,R-ROSTRALMIDDLEFRONTAL,0.01399847222
0,bin1,60,R-SUPERIORFRONTAL,0.04590423519
0,bin1,61,R-SUPERIORPARIETAL,0.002369840741
0,bin1,62,R-SUPERIORTEMPORAL,0.01941306296
0,bin1,63,R-SUPRAMARGINAL,0.01291762222
0,bin1,64,R-FRONTALPOLE,0.05619253889
0,bin1,65,R-TEMPORALPOLE,0.03952471296
0,bin1,66,R-TRANSVERSETEMPORAL,0.03471750926
0,bin1,67,R-INSULA,0.03456670926
0,bin2,0,L-BANKSSTS,0.0216375443
0,bin2,1,L-CAUDALANTERIORCINGULATE,0.01710739747
0,bin2,2,L-CAUDALMIDDLEFRONTAL,0.1079850949
0,bin2,3,L-CUNEUS,0.1934092633
0,bin2,4,L-ENTORHINAL,0.07418694557
0,bin2,5,L-FUSIFORM,0.06313596456
0,bin2,6,L-INFERIORPARIETAL,0.007093222785
0,bin2,7,L-INFERIORTEMPORAL,0.1683980418
0,bin2,8,L-ISTHMUSCINGULATE,0.01822886709
0,bin2,9,L-LATERALOCCIPITAL,0.3875413911
0,bin2,10,L-LATERALORBITOFRONTAL,0.03739156962
0,bin2,11,L-LINGUAL,0.1959963013
0,bin2,12,L-MEDIALORBITOFRONTAL,0.01959263038
0,bin2,13,L-MIDDLETEMPORAL,0.09015099494
0,bin2,14,L-PARAHIPPOCAMPAL,0.01577807595
0,bin2,15,L-PARACENTRAL,0.01212557595
0,bin2,16,L-PARSOPERCULARIS,0.04757632025
0,bin2,17,L-PARSORBITALIS,0.02631268101
0,bin2,18,L-PARSTRIANGULARIS,0.01070386709
0,bin2,19,L-PERICALCARINE,0.08128465215
0,bin2,20,L-POSTCENTRAL,0.002431748101
0,bin2,21,L-POSTERIORCINGULATE,0.1099409709
0,bin2,22,L-PRECENTRAL,0.04025790127
0,bin2,23,L-PRECUNEUS,0.05475730127
0,bin2,24,L-ROSTRALANTERIORCINGULATE,0.02130022152
0,bin2,25,L-ROSTRALMIDDLEFRONTAL,0.03456429494
0,bin2,26,L-SUPERIORFRONTAL,0.005365522785
0,bin2,27,L-SUPERIORPARIETAL,0.03183799114
0,bin2,28,L-SUPERIORTEMPORAL,0.03102904304
0,bin2,29,L-SUPRAMARGINAL,0.1686203835
0,bin2,30,L-FRONTALPOLE,0.193959281
0,bin2,31,L-TEMPORALPOLE,0.07913030506
0,bin2,32,L-TRANSVERSETEMPORAL,0.101017162
0,bin2,33,L-INSULA,0.04171752785
0,bin2,34,R-BANKSSTS,0.1192736418
0,bin2,35,R-CAUDALANTERIORCINGULATE,0.05298977342
0,bin2,36,R-CAUDALMIDDLEFRONTAL,0.08674197975
0,bin2,37,R-CUNEUS,0.1322909367
0,bin2,38,R-ENTORHINAL,0.287027519
0,bin2,39,R-FUSIFORM,0.2733532823
0,bin2,40,R-INFERIORPARIETAL,0.0083784
0,bin2,41,R-INFERIORTEMPORAL,0.03266021899
0,bin2,42,R-ISTHMUSCINGULATE,0.08566923671
0,bin2,43,R-LATERALOCCIPITAL,0.3889229063
0,bin2,44,R-LATERALORBITOFRONTAL,0.01811783671
0,bin2,45,R-LINGUAL,0.1597551519
0,bin2,46,R-MEDIALORBITOFRONTAL,0.02136944051
0,bin2,47,R-MIDDLETEMPORAL,0.08396469873
0,bin2,48,R-PARAHIPPOCAMPAL,0.1010690595
0,bin2,49,R-PARACENTRAL,0.004920875949
0,bin2,50,R-PARSOPERCULARIS,0.04589828228
0,bin2,51,R-PARSORBITALIS,0.04914058354
0,bin2,52,R-PARSTRIANGULARIS,0.002074768354
0,bin2,53,R-PERICALCARINE,0.03879236595
0,bin2,54,R-POSTCENTRAL,0.005644141772
0,bin2,55,R-POSTERIORCINGULATE,0.04165649494
0,bin2,56,R-PRECENTRAL,0.0358029962
0,bin2,57,R-PRECUNEUS,0.0007035848101
0,bin2,58,R-ROSTRALANTERIORCINGULATE,0.07833109747
0,bin2,59,R-ROSTRALMIDDLEFRONTAL,0.04144858861
0,bin2,60,R-SUPERIORFRONTAL,0.05186561646
0,bin2,61,R-SUPERIORPARIETAL,0.007464316456
0,bin2,62,R-SUPERIORTEMPORAL,0.04374182025
0,bin2,63,R-SUPRAMARGINAL,0.1081066405
0,bin2,64,R-FRONTALPOLE,0.1031325519
0,bin2,65,R-TEMPORALPOLE,0.01228568987
0,bin2,66,R-TRANSVERSETEMPORAL,0.05910216886
0,bin2,67,R-INSULA,0.00428266962
0,bin3,0,L-BANKSSTS,0.4456427103
0,bin3,1,L-CAUDALANTERIORCINGULATE,0.2600601552
0,bin3,2,L-CAUDALMIDDLEFRONTAL,0.8465265414
0,bin3,3,L-CUNEUS,0.2432540034
0,bin3,4,L-ENTORHINAL,0.08860769655
0,bin3,5,L-FUSIFORM,0.2258936793
0,bin3,6,L-INFERIORPARIETAL,0.4547490793
0,bin3,7,L-INFERIORTEMPORAL,0.5898424241
0,bin3,8,L-ISTHMUSCINGULATE,0.3846558172
0,bin3,9,L-LATERALOCCIPITAL,0.1720757448
0,bin3,10,L-LATERALORBITOFRONTAL,0.5342320483
0,bin3,11,L-LINGUAL,0.2515164034
0,bin3,12,L-MEDIALORBITOFRONTAL,0.2673928517
0,bin3,13,L-MIDDLETEMPORAL,0.5575090207
0,bin3,14,L-PARAHIPPOCAMPAL,0.09447826552
0,bin3,15,L-PARACENTRAL,0.005740031034
0,bin3,16,L-PARSOPERCULARIS,0.7025903793
0,bin3,17,L-PARSORBITALIS,0.4062451724
0,bin3,18,L-PARSTRIANGULARIS,0.4637227448
0,bin3,19,L-PERICALCARINE,0.1267700069
0,bin3,20,L-POSTCENTRAL,0.1742925069
0,bin3,21,L-POSTERIORCINGULATE,0.5127591
0,bin3,22,L-PRECENTRAL,0.2957348483
0,bin3,23,L-PRECUNEUS,0.4036394138
0,bin3,24,L-ROSTRALANTERIORCINGULATE,0.1928139414
0,bin3,25,L-ROSTRALMIDDLEFRONTAL,0.761767531
0,bin3,26,L-SUPERIORFRONTAL,0.5419567586
0,bin3,27,L-SUPERIORPARIETAL,0.1726965103
0,bin3,28,L-SUPERIORTEMPORAL,0.2938599276
0,bin3,29,L-SUPRAMARGINAL,0.6169663793
0,bin3,30,L-FRONTALPOLE,0.1354399621
0,bin3,31,L-TEMPORALPOLE,0.2401770586
0,bin3,32,L-TRANSVERSETEMPORAL,0.09988633448
0,bin3,33,L-INSULA,0.293851831
0,bin3,34,R-BANKSSTS,0.3911491379
0,bin3,35,R-CAUDALANTERIORCINGULATE,0.144090669
0,bin3,36,R-CAUDALMIDDLEFRONTAL,0.8127646966
0,bin3,37,R-CUNEUS,0.3138112276
0,bin3,38,R-ENTORHINAL,0.2698794379
0,bin3,39,R-FUSIFORM,0.2648249517
0,bin3,40,R-INFERIORPARIETAL,0.3374281517
0,bin3,41,R-INFERIORTEMPORAL,0.2423091034
0,bin3,42,R-ISTHMUSCINGULATE,0.2870972448
0,bin3,43,R-LATERALOCCIPITAL,0.6680139655
0,bin3,44,R-LATERALORBITOFRONTAL,0.3654709517
0,bin3,45,R-LINGUAL,0.2708729621
0,bin3,46,R-MEDIALORBITOFRONTAL,0.2227075586
0,bin3,47,R-MIDDLETEMPORAL,0.3165719828
0,bin3,48,R-PARAHIPPOCAMPAL,0.05660354828
0,bin3,49,R-PARACENTRAL,0.01205064483
0,bin3,50,R-PARSOPERCULARIS,0.5808109483
0,bin3,51,R-PARSORBITALIS,0.3042625828
0,bin3,52,R-PARSTRIANGULARIS,0.3805229207
0,bin3,53,R-PERICALCARINE,0.1037251172
0,bin3,54,R-POSTCENTRAL,0.07764461724
0,bin3,55,R-POSTERIORCINGULATE,0.4250787103
0,bin3,56,R-PRECENTRAL,0.1928336345
0,bin3,57,R-PRECUNEUS,0.2900063034
0,bin3,58,R-ROSTRALANTERIORCINGULATE,0.1109694862
0,bin3,59,R-ROSTRALMIDDLEFRONTAL,0.6131866207
0,bin3,60,R-SUPERIORFRONTAL,0.4064801552
0,bin3,61,R-SUPERIORPARIETAL,0.05820913103
0,bin3,62,R-SUPERIORTEMPORAL,0.1961770793
0,bin3,63,R-SUPRAMARGINAL,0.4315736586
0,bin3,64,R-FRONTALPOLE,0.2532099
0,bin3,65,R-TEMPORALPOLE,0.1139832621
0,bin3,66,R-TRANSVERSETEMPORAL,0.1753117186
0,bin3,67,R-INSULA,0.1964864724
0,stage0,0,L-BANKSSTS,0.03001733691
0,stage0,1,L-CAUDALANTERIORCINGULATE,0.02072897346
0,stage0,2,L-CAUDALMIDDLEFRONTAL,0.00791417522
0,stage0,3,L-CUNEUS,0.03180275413
0,stage0,4,L-ENTORHINAL,0.04076702691
0,stage0,5,L-FUSIFORM,0.01988557645
0,stage0,6,L-INFERIORPARIETAL,0.02716753515
0,stage0,7,L-INFERIORTEMPORAL,0.02205539086
0,stage0,8,L-ISTHMUSCINGULATE,0.007911836555
0,stage0,9,L-LATERALOCCIPITAL,0.05198703796
0,stage0,10,L-LATERALORBITOFRONTAL,0.003489853779
0,stage0,11,L-LINGUAL,0.03115743269
0,stage0,12,L-MEDIALORBITOFRONTAL,0.0186072
0,stage0,13,L-MIDDLETEMPORAL,0.02269717504
0,stage0,14,L-PARAHIPPOCAMPAL,0.01890741926
0,stage0,15,L-PARACENTRAL,0.01077802408
0,stage0,16,L-PARSOPERCULARIS,0.01079610668
0,stage0,17,L-PARSORBITALIS,0.03266908313
0,stage0,18,L-PARSTRIANGULARIS,0.0282622761
0,stage0,19,L-PERICALCARINE,0.03990441775
0,stage0,20,L-POSTCENTRAL,0.02101788875
0,stage0,21,L-POSTERIORCINGULATE,0.002681056942
0,stage0,22,L-PRECENTRAL,0.01402023146
0,stage0,23,L-PRECUNEUS,0.00851927065
0,stage0,24,L-ROSTRALANTERIORCINGULATE,0.03574447745
0,stage0,25,L-ROSTRALMIDDLEFRONTAL,0.0301786406
0,stage0,26,L-SUPERIORFRONTAL,0.00191307065
0,stage0,27,L-SUPERIORPARIETAL,0.02185342777
0,stage0,28,L-SUPERIORTEMPORAL,0.01456505571
0,stage0,29,L-SUPRAMARGINAL,0.02304275782
0,stage0,30,L-FRONTALPOLE,0.02626848401
0,stage0,31,L-TEMPORALPOLE,0.01550381381
0,stage0,32,L-TRANSVERSETEMPORAL,0.0119896393
0,stage0,33,L-INSULA,0.01722473286
0,stage0,34,R-BANKSSTS,0.02045360527
0,stage0,35,R-CAUDALANTERIORCINGULATE,0.02036627504
0,stage0,36,R-CAUDALMIDDLEFRONTAL,0.01286100264
0,stage0,37,R-CUNEUS,0.02302130931
0,stage0,38,R-ENTORHINAL,0.0370827116
0,stage0,39,R-FUSIFORM,0.009149009139
0,stage0,40,R-INFERIORPARIETAL,0.02995247504
0,stage0,41,R-INFERIORTEMPORAL,0.02746566643
0,stage0,42,R-ISTHMUSCINGULATE,0.003258534622
0,stage0,43,R-LATERALOCCIPITAL,0.04331717206
0,stage0,44,R-LATERALORBITOFRONTAL,0.001505818629
0,stage0,45,R-LINGUAL,0.02825045554
0,stage0,46,R-MEDIALORBITOFRONTAL,0.01455341582
0,stage0,47,R-MIDDLETEMPORAL,0.0185046471
0,stage0,48,R-PARAHIPPOCAMPAL,0.02089736907
0,stage0,49,R-PARACENTRAL,0.003826211599
0,stage0,50,R-PARSOPERCULARIS,0.01330278067
0,stage0,51,R-PARSORBITALIS,0.01756986432
0,stage0,52,R-PARSTRIANGULARIS,0.026569029
0,stage0,53,R-PERICALCARINE,0.05138934376
0,stage0,54,R-POSTCENTRAL,0.0110347225
0,stage0,55,R-POSTERIORCINGULATE,0.002163018629
0,stage0,56,R-PRECENTRAL,0.01762099719
0,stage0,57,R-PRECUNEUS,0.01915278717
0,stage0,58,R-ROSTRALANTERIORCINGULATE,0.03122678137
0,stage0,59,R-ROSTRALMIDDLEFRONTAL,0.03394102707
0,stage0,60,R-SUPERIORFRONTAL,0.004174023902
0,stage0,61,R-SUPERIORPARIETAL,0.0279165406
0,stage0,62,R-SUPERIORTEMPORAL,0.01009860105
0,stage0,63,R-SUPRAMARGINAL,0.02695264236
0,stage0,64,R-FRONTALPOLE,0.04185285536
0,stage0,65,R-TEMPORALPOLE,0.0191147768
0,stage0,66,R-TRANSVERSETEMPORAL,0.0342410403
0,stage0,67,R-INSULA,0.02423587926
1,bin0,0,L-BANKSSTS,0.001132254348
1,bin0,1,L-CAUDALANTERIORCINGULATE,9.91798913e-05
1,bin0,2,L-CAUDALMIDDLEFRONTAL,0.001082761413
1,bin0,3,L-CUNEUS,0.03044712772
1,bin0,4,L-ENTORHINAL,0.006842003804
1,bin0,5,L-FUSIFORM,0.00761304837
1,bin0,6,L-INFERIORPARIETAL,0.03330591413
1,bin0,7,L-INFERIORTEMPORAL,0.003844055435
1,bin0,8,L-ISTHMUSCINGULATE,0.006586059783
1,bin0,9,L-LATERALOCCIPITAL,0.03757843315
1,bin0,10,L-LATERALORBITOFRONTAL,0.01562690707
1,bin0,11,L-LINGUAL,0.02885247011
1,bin0,12,L-MEDIALORBITOFRONTAL,0.02866997609
1,bin0,13,L-MIDDLETEMPORAL,0.005673383696
1,bin0,14,L-PARAHIPPOCAMPAL,0.01250050109
1,bin0,15,L-PARACENTRAL,0.004272231522
1,bin0,16,L-PARSOPERCULARIS,0.0147911625
1,bin0,17,L-PARSORBITALIS,0.02036400707
1,bin0,18,L-PARSTRIANGULARIS,0.03311967663
1,bin0,19,L-PERICALCARINE,0.02441322609
1,bin0,20,L-POSTCENTRAL,0.004784558696
1,bin0,21,L-POSTERIORCINGULATE,0.009293616304
1,bin0,22,L-PRECENTRAL,0.0107906125
1,bin0,23,L-PRECUNEUS,0.03046154457
1,bin0,24,L-ROSTRALANTERIORCINGULATE,0.04004555652
1,bin0,25,L-ROSTRALMIDDLEFRONTAL,0.01487477283
1,bin0,26,L-SUPERIORFRONTAL,0.005852680978
1,bin0,27,L-SUPERIORPARIETAL,0.0068486125
1,bin0,28,L-SUPERIORTEMPORAL,0.0007097483696
1,bin0,29,L-SUPRAMARGINAL,0.01741595054
1,bin0,30,L-FRONTALPOLE,0.02642616522
1,bin0,31,L-TEMPORALPOLE,0.01592820217
1,bin0,32,L-TRANSVERSETEMPORAL,0.00163879837
1,bin0,33,L-INSULA,0.01815065978
1,bin0,34,R-BANKSSTS,0.03249485707
1,bin0,35,R-CAUDALANTERIORCINGULATE,0.0178126237
1,bin0,36,R-CAUDALMIDDLEFRONTAL,0.01418562717
1,bin0,37,R-CUNEUS,0.0132895131
1,bin0,38,R-ENTORHINAL,0.01242144783
1,bin0,39,R-FUSIFORM,0.01828245217
1,bin0,40,R-INFERIORPARIETAL,0.01985922989
1,bin0,41,R-INFERIORTEMPORAL,0.02229264837
1,bin0,42,R-ISTHMUSCINGULATE,0.01664471848
1,bin0,43,R-LATERALOCCIPITAL,0.01058198641
1,bin0,44,R-LATERALORBITOFRONTAL,0.01926767337
1,bin0,45,R-LINGUAL,0.03205583207
1,bin0,46,R-MEDIALORBITOFRONTAL,0.01980754837
1,bin0,47,R-MIDDLETEMPORAL,0.0008475038043
1,bin0,48,R-PARAHIPPOCAMPAL,0.005576035133
1,bin0,49,R-PARACENTRAL,0.01311678152
1,bin0,50,R-PARSOPERCULARIS,0.0123608
1,bin0,51,R-PARSORBITALIS,0.01162342283
1,bin0,52,R-PARSTRIANGULARIS,0.01350440326
1,bin0,53,R-PERICALCARINE,0.04333105978
1,bin0,54,R-POSTCENTRAL,6.300815217e-05
1,bin0,55,R-POSTERIORCINGULATE,0.008906175543
1,bin0,56,R-PRECENTRAL,0.01391336033
1,bin0,57,R-PRECUNEUS,0.009157852174
1,bin0,58,R-ROSTRALANTERIORCINGULATE,0.02637113587
1,bin0,59,R-ROSTRALMIDDLEFRONTAL,0.02226185652
1,bin0,60,R-SUPERIORFRONTAL,0.008546309239
1,bin0,61,R-SUPERIORPARIETAL,0.00470843913
1,bin0,62,R-SUPERIORTEMPORAL,0.0001082673913
1,bin0,63,R-SUPRAMARGINAL,0.007243040217
1,bin0,64,R-FRONTALPOLE,0.02767376141
1,bin0,65,R-TEMPORALPOLE,0.015662875
1,bin0,66,R-TRANSVERSETEMPORAL,0.01497418913
1,bin0,67,R-INSULA,0.0260223038
1,bin1,0,L-BANKSSTS,0.01673854631
1,bin1,1,L-CAUDALANTERIORCINGULATE,0.03082793154
1,bin1,2,L-CAUDALMIDDLEFRONTAL,0.0008880583893
1,bin1,3,L-CUNEUS,0.09480531409
1,bin1,4,L-ENTORHINAL,0.002700273154
1,bin1,5,L-FUSIFORM,0.07606814161
1,bin1,6,L-INFERIORPARIETAL,0.03420907987
1,bin1,7,L-INFERIORTEMPORAL,0.0295989557
1,bin1,8,L-ISTHMUSCINGULATE,0.02997998725
1,bin1,9,L-LATERALOCCIPITAL,0.2109401349
1,bin1,10,L-LATERALORBITOFRONTAL,0.03719949262
1,bin1,11,L-LINGUAL,0.09038330537
1,bin1,12,L-MEDIALORBITOFRONTAL,0.0391941698
1,bin1,13,L-MIDDLETEMPORAL,0.03927606309
1,bin1,14,L-PARAHIPPOCAMPAL,0.008032738255
1,bin1,15,L-PARACENTRAL,0.01105718792
1,bin1,16,L-PARSOPERCULARIS,0.005491353691
1,bin1,17,L-PARSORBITALIS,0.01453150336
1,bin1,18,L-PARSTRIANGULARIS,0.004820808725
1,bin1,19,L-PERICALCARINE,0.04490215436
1,bin1,20,L-POSTCENTRAL,0.009667505369
1,bin1,21,L-POSTERIORCINGULATE,0.03680936644
1,bin1,22,L-PRECENTRAL,0.005015337584
1,bin1,23,L-PRECUNEUS,0.006439616779
1,bin1,24,L-ROSTRALANTERIORCINGULATE,0.05071253221
1,bin1,25,L-ROSTRALMIDDLEFRONTAL,0.0102497443
1,bin1,26,L-SUPERIORFRONTAL,0.01617330805
1,bin1,27,L-SUPERIORPARIETAL,0.05919641879
1,bin1,28,L-SUPERIORTEMPORAL,0.002898341611
1,bin1,29,L-SUPRAMARGINAL,0.01425494497
1,bin1,30,L-FRONTALPOLE,0.04968419933
1,bin1,31,L-TEMPORALPOLE,0.00907294094
1,bin1,32,L-TRANSVERSETEMPORAL,0.0138885255
1,bin1,33,L-INSULA,0.03410027383
1,bin1,34,R-BANKSSTS,0.004035045638
1,bin1,35,R-CAUDALANTERIORCINGULATE,0.01939189195
1,bin1,36,R-CAUDALMIDDLEFRONTAL,0.04472527584
1,bin1,37,R-CUNEUS,0.09209161141
1,bin1,38,R-ENTORHINAL,0.04856264698
1,bin1,39,R-FUSIFORM,0.1296236322
1,bin1,40,R-INFERIORPARIETAL,0.05420263154
1,bin1,41,R-INFERIORTEMPORAL,0.07446439329
1,bin1,42,R-ISTHMUSCINGULATE,0.002496873826
1,bin1,43,R-LATERALOCCIPITAL,0.1970016409
1,bin1,44,R-LATERALORBITOFRONTAL,0.04022400336
1,bin1,45,R-LINGUAL,0.1091765181
1,bin1,46,R-MEDIALORBITOFRONTAL,0.02535701141
1,bin1,47,R-MIDDLETEMPORAL,0.04982396913
1,bin1,48,R-PARAHIPPOCAMPAL,0.03354612013
1,bin1,49,R-PARACENTRAL,0.02415055168
1,bin1,50,R-PARSOPERCULARIS,0.01074963624
1,bin1,51,R-PARSORBITALIS,0.02598251477
1,bin1,52,R-PARSTRIANGULARIS,0.009986155705
1,bin1,53,R-PERICALCARINE,0.02673142349
1,bin1,54,R-POSTCENTRAL,0.009246428188
1,bin1,55,R-POSTERIORCINGULATE,0.01077851745
1,bin1,56,R-PRECENTRAL,0.01522592886
1,bin1,57,R-PRECUNEUS,0.008190327517
1,bin1,58,R-ROSTRALANTERIORCINGULATE,0.03701534832
1,bin1,59,R-ROSTRALMIDDLEFRONTAL,0.009939611409
1,bin1,60,R-SUPERIORFRONTAL,0.0002878302013
1,bin1,61,R-SUPERIORPARIETAL,0.08521921409
1,bin1,62,R-SUPERIORTEMPORAL,0.007884185906
1,bin1,63,R-SUPRAMARGINAL,0.002783600671
1,bin1,64,R-FRONTALPOLE,0.009343090604
1,bin1,65,R-TEMPORALPOLE,0.02024842081
1,bin1,66,R-TRANSVERSETEMPORAL,0.009499083423
1,bin1,67,R-INSULA,0.04981186174
1,bin2,0,L-BANKSSTS,0.527018922
1,bin2,1,L-CAUDALANTERIORCINGULATE,0.02041046044
1,bin2,2,L-CAUDALMIDDLEFRONTAL,0.3895735462
1,bin2,3,L-CUNEUS,0.233129367
1,bin2,4,L-ENTORHINAL,0.08362555714
1,bin2,5,L-FUSIFORM,0.2402964736
1,bin2,6,L-INFERIORPARIETAL,0.4480091253
1,bin2,7,L-INFERIORTEMPORAL,0.2983894967
1,bin2,8,L-ISTHMUSCINGULATE,0.2649356044
1,bin2,9,L-LATERALOCCIPITAL,0.3855759714
1,bin2,10,L-LATERALORBITOFRONTAL,0.03150723626
1,bin2,11,L-LINGUAL,0.2871250341
1,bin2,12,L-MEDIALORBITOFRONTAL,0.03767144505
1,bin2,13,L-MIDDLETEMPORAL,0.3589659407
1,bin2,14,L-PARAHIPPOCAMPAL,0.1766416956
1,bin2,15,L-PARACENTRAL,0.05228498901
1,bin2,16,L-PARSOPERCULARIS,0.1746710198
1,bin2,17,L-PARSORBITALIS,0.02089992308
1,bin2,18,L-PARSTRIANGULARIS,0.09478899451
1,bin2,19,L-PERICALCARINE,0.1596471857
1,bin2,20,L-POSTCENTRAL,0.1560780462
1,bin2,21,L-POSTERIORCINGULATE,0.1855646758
1,bin2,22,L-PRECENTRAL,0.1745450099
1,bin2,23,L-PRECUNEUS,0.3399773736
1,bin2,24,L-ROSTRALANTERIORCINGULATE,0.009939825275
1,bin2,25,L-ROSTRALMIDDLEFRONTAL,0.1356740099
1,bin2,26,L-SUPERIORFRONTAL,0.1539289714
1,bin2,27,L-SUPERIORPARIETAL,0.4241285505
1,bin2,28,L-SUPERIORTEMPORAL,0.1514024429
1,bin2,29,L-SUPRAMARGINAL,0.3465639
1,bin2,30,L-FRONTALPOLE,0.03891382637
1,bin2,31,L-TEMPORALPOLE,0.1431641637
1,bin2,32,L-TRANSVERSETEMPORAL,0.07813771209
1,bin2,33,L-INSULA,0.105977467
1,bin2,34,R-BANKSSTS,0.2020407725
1,bin2,35,R-CAUDALANTERIORCINGULATE,0.01310197582
1,bin2,36,R-CAUDALMIDDLEFRONTAL,0.3275619275
1,bin2,37,R-CUNEUS,0.04072866923
1,bin2,38,R-ENTORHINAL,0.01818350659
1,bin2,39,R-FUSIFORM,0.1318705956
1,bin2,40,R-INFERIORPARIETAL,0.2232552879
1,bin2,41,R-INFERIORTEMPORAL,0.2320464253
1,bin2,42,R-ISTHMUSCINGULATE,0.1996732945
1,bin2,43,R-LATERALOCCIPITAL,0.1751290187
1,bin2,44,R-LATERALORBITOFRONTAL,0.005303584615
1,bin2,45,R-LINGUAL,0.1425281593
1,bin2,46,R-MEDIALORBITOFRONTAL,0.02278495604
1,bin2,47,R-MIDDLETEMPORAL,0.1967844791
1,bin2,48,R-PARAHIPPOCAMPAL,0.05773465934
1,bin2,49,R-PARACENTRAL,0.04901122527
1,bin2,50,R-PARSOPERCULARIS,0.1107865088
1,bin2,51,R-PARSORBITALIS,0.01384013956
1,bin2,52,R-PARSTRIANGULARIS,0.01307799011
1,bin2,53,R-PERICALCARINE,0.02089196923
1,bin2,54,R-POSTCENTRAL,0.1685406407
1,bin2,55,R-POSTERIORCINGULATE,0.1594998231
1,bin2,56,R-PRECENTRAL,0.1569452582
1,bin2,57,R-PRECUNEUS,0.239961356
1,bin2,58,R-ROSTRALANTERIORCINGULATE,0.01493823956
1,bin2,59,R-ROSTRALMIDDLEFRONTAL,0.06468769011
1,bin2,60,R-SUPERIORFRONTAL,0.09561431758
1,bin2,61,R-SUPERIORPARIETAL,0.3121148615
1,bin2,62,R-SUPERIORTEMPORAL,0.08404482637
1,bin2,63,R-SUPRAMARGINAL,0.248225967
1,bin2,64,R-FRONTALPOLE,0.01120164176
1,bin2,65,R-TEMPORALPOLE,0.1072612549
1,bin2,66,R-TRANSVERSETEMPORAL,0.05740282857
1,bin2,67,R-INSULA,0.07462580989
1,bin3,0,L-BANKSSTS,0.513884
1,bin3,1,L-CAUDALANTERIORCINGULATE,0.1825142889
1,bin3,2,L-CAUDALMIDDLEFRONTAL,0.3838063778
1,bin3,3,L-CUNEUS,0.3683742556
1,bin3,4,L-ENTORHINAL,0.2154986
1,bin3,5,L-FUSIFORM,0.5755313778
1,bin3,6,L-INFERIORPARIETAL,0.6435314444
1,bin3,7,L-INFERIORTEMPORAL,0.5231237111
1,bin3,8,L-ISTHMUSCINGULATE,0.5739864222
1,bin3,9,L-LATERALOCCIPITAL,0.4286103333
1,bin3,10,L-LATERALORBITOFRONTAL,0.4419680667
1,bin3,11,L-LINGUAL,0.2738430667
1,bin3,12,L-MEDIALORBITOFRONTAL,0.2698940444
1,bin3,13,L-MIDDLETEMPORAL,0.4557414667
1,bin3,14,L-PARAHIPPOCAMPAL,0.2316918444
1,bin3,15,L-PARACENTRAL,0.0546813
1,bin3,16,L-PARSOPERCULARIS,0.3586046333
1,bin3,17,L-PARSORBITALIS,0.4068674
1,bin3,18,L-PARSTRIANGULARIS,0.3403162889
1,bin3,19,L-PERICALCARINE,0.04130518889
1,bin3,20,L-POSTCENTRAL,0.1800745889
1,bin3,21,L-POSTERIORCINGULATE,0.4937593111
1,bin3,22,L-PRECENTRAL,0.1785732222
1,bin3,23,L-PRECUNEUS,0.5977709556
1,bin3,24,L-ROSTRALANTERIORCINGULATE,0.1067974444
1,bin3,25,L-ROSTRALMIDDLEFRONTAL,0.4759994667
1,bin3,26,L-SUPERIORFRONTAL,0.2404298889
1,bin3,27,L-SUPERIORPARIETAL,0.5645473667
1,bin3,28,L-SUPERIORTEMPORAL,0.3999560778
1,bin3,29,L-SUPRAMARGINAL,0.4974445778
1,bin3,30,L-FRONTALPOLE,0.2281480889
1,bin3,31,L-TEMPORALPOLE,0.1201487444
1,bin3,32,L-TRANSVERSETEMPORAL,0.07758796667
1,bin3,33,L-INSULA,0.1499466556
1,bin3,34,R-BANKSSTS,0.7215929
1,bin3,35,R-CAUDALANTERIORCINGULATE,0.2286354778
1,bin3,36,R-CAUDALMIDDLEFRONTAL,0.3293644556
1,bin3,37,R-CUNEUS,0.6804769
1,bin3,38,R-ENTORHINAL,0.2012189222
1,bin3,39,R-FUSIFORM,0.5551826667
1,bin3,40,R-INFERIORPARIETAL,0.6832249667
1,bin3,41,R-INFERIORTEMPORAL,0.6424986
1,bin3,42,R-ISTHMUSCINGULATE,0.5882377
1,bin3,43,R-LATERALOCCIPITAL,0.6525835111
1,bin3,44,R-LATERALORBITOFRONTAL,0.4295678
1,bin3,45,R-LINGUAL,0.4433230889
1,bin3,46,R-MEDIALORBITOFRONTAL,0.3104164778
1,bin3,47,R-MIDDLETEMPORAL,0.5763325556
1,bin3,48,R-PARAHIPPOCAMPAL,0.3448887333
1,bin3,49,R-PARACENTRAL,0.1487964444
1,bin3,50,R-PARSOPERCULARIS,0.418625
1,bin3,51,R-PARSORBITALIS,0.3990261444
1,bin3,52,R-PARSTRIANGULARIS,0.3330540333
1,bin3,53,R-PERICALCARINE,0.2412532
1,bin3,54,R-POSTCENTRAL,0.1501353444
1,bin3,55,R-POSTERIORCINGULATE,0.5715255222
1,bin3,56,R-PRECENTRAL,0.1594154222
1,bin3,57,R-PRECUNEUS,0.6499846111
1,bin3,58,R-ROSTRALANTERIORCINGULATE,0.1666624111
1,bin3,59,R-ROSTRALMIDDLEFRONTAL,0.5744846667
1,bin3,60,R-SUPERIORFRONTAL,0.2925059778
1,bin3,61,R-SUPERIORPARIETAL,0.6382671111
1,bin3,62,R-SUPERIORTEMPORAL,0.3197916889
1,bin3,63,R-SUPRAMARGINAL,0.4471611444
1,bin3,64,R-FRONTALPOLE,0.2751819
1,bin3,65,R-TEMPORALPOLE,0.1634647444
1,bin3,66,R-TRANSVERSETEMPORAL,0.02520108889
1,bin3,67,R-INSULA,0.1585521333
1,stage0,0,L-BANKSSTS,0.03001733691
1,stage0,1,L-CAUDALANTERIORCINGULATE,0.02072897346
1,stage0,2,L-CAUDALMIDDLEFRONTAL,0.00791417522
1,stage0,3,L-CUNEUS,0.03180275413
1,stage0,4,L-ENTORHINAL,0.04076702691
1,stage0,5,L-FUSIFORM,0.01988557645
1,stage0,6,L-INFERIORPARIETAL,0.02716753515
1,stage0,7,L-INFERIORTEMPORAL,0.02205539086
1,stage0,8,L-ISTHMUSCINGULATE,0.007911836555
1,stage0,9,L-LATERALOCCIPITAL,0.05198703796
1,stage0,10,L-LATERALORBITOFRONTAL,0.003489853779
1,stage0,11,L-LINGUAL,0.03115743269
1,stage0,12,L-MEDIALORBITOFRONTAL,0.0186072
1,stage0,13,L-MIDDLETEMPORAL,0.02269717504
1,stage0,14,L-PARAHIPPOCAMPAL,0.01890741926
1,stage0,15,L-PARACENTRAL,0.01077802408
1,stage0,16,L-PARSOPERCULARIS,0.01079610668
1,stage0,17,L-PARSORBITALIS,0.03266908313
1,stage0,18,L-PARSTRIANGULARIS,0.0282622761
1,stage0,19,L-PERICALCARINE,0.03990441775
1,stage0,20,L-POSTCENTRAL,0.02101788875
1,stage0,21,L-POSTERIORCINGULATE,0.002681056942
1,stage0,22,L-PRECENTRAL,0.01402023146
1,stage0,23,L-PRECUNEUS,0.00851927065
1,stage0,24,L-ROSTRALANTERIORCINGULATE,0.03574447745
1,stage0,25,L-ROSTRALMIDDLEFRONTAL,0.0301786406
1,stage0,26,L-SUPERIORFRONTAL,0.00191307065
1,stage0,27,L-SUPERIORPARIETAL,0.02185342777
1,stage0,28,L-SUPERIORTEMPORAL,0.01456505571
1,stage0,29,L-SUPRAMARGINAL,0.02304275782
1,stage0,30,L-FRONTALPOLE,0.02626848401
1,stage0,31,L-TEMPORALPOLE,0.01550381381
1,stage0,32,L-TRANSVERSETEMPORAL,0.0119896393
1,stage0,33,L-INSULA,0.01722473286
1,stage0,34,R-BANKSSTS,0.02045360527
1,stage0,35,R-CAUDALANTERIORCINGULATE,0.02036627504
1,stage0,36,R-CAUDALMIDDLEFRONTAL,0.01286100264
1,stage0,37,R-CUNEUS,0.02302130931
1,stage0,38,R-ENTORHINAL,0.0370827116
1,stage0,39,R-FUSIFORM,0.009149009139
1,stage0,40,R-INFERIORPARIETAL,0.02995247504
1,stage0,41,R-INFERIORTEMPORAL,0.02746566643
1,stage0,42,R-ISTHMUSCINGULATE,0.003258534622
1,stage0,43,R-LATERALOCCIPITAL,0.04331717206
1,stage0,44,R-LATERALORBITOFRONTAL,0.001505818629
1,stage0,45,R-LINGUAL,0.02825045554
1,stage0,46,R-MEDIALORBITOFRONTAL,0.01455341582
1,stage0,47,R-MIDDLETEMPORAL,0.0185046471
1,stage0,48,R-PARAHIPPOCAMPAL,0.02089736907
1,stage0,49,R-PARACENTRAL,0.003826211599
1,stage0,50,R-PARSOPERCULARIS,0.01330278067
1,stage0,51,R-PARSORBITALIS,0.01756986432
1,stage0,52,R-PARSTRIANGULARIS,0.026569029
1,stage0,53,R-PERICALCARINE,0.05138934376
1,stage0,54,R-POSTCENTRAL,0.0110347225
1,stage0,55,R-POSTERIORCINGULATE,0.002163018629
1,stage0,56,R-PRECENTRAL,0.01762099719
1,stage0,57,R-PRECUNEUS,0.01915278717
1,stage0,58,R-ROSTRALANTERIORCINGULATE,0.03122678137
1,stage0,59,R-ROSTRALMIDDLEFRONTAL,0.03394102707
1,stage0,60,R-SUPERIORFRONTAL,0.004174023902
1,stage0,61,R-SUPERIORPARIETAL,0.0279165406
1,stage0,62,R-SUPERIORTEMPORAL,0.01009860105
1,stage0,63,R-SUPRAMARGINAL,0.02695264236
1,stage0,64,R-FRONTALPOLE,0.04185285536
1,stage0,65,R-TEMPORALPOLE,0.0191147768
1,stage0,66,R-TRANSVERSETEMPORAL,0.0342410403
1,stage0,67,R-INSULA,0.02423587926
