umap1,umap2,dynamics_bin,stage_label
-5.0288086,1.0062511,1,S1-2
-8.0508995,-1.6848056,2,S3-6
-6.2191477,0.40661353,2,S3-6
-7.481763,-1.8587456,2,S3-6
-6.266238,-1.1835786,2,S3-6
-7.228334,-1.809249,2,S3-6
-5.272576,0.44590303,2,S3-6
-8.150656,-2.37249,2,S3-6
-8.271285,-2.3798304,3,S7-15
-8.267435,-2.2855272,3,S7-15
2.9220738,1.4763484,0,S0
-4.641039,-0.976787,1,S1-2
-4.7603726,-1.2373813,1,S1-2
-4.7275915,-1.205736,1,S1-2
-4.79159,-1.1606667,2,S3-6
-8.731444,-3.6717315,4,S16-20
-8.460237,-3.414246,4,S16-20
-0.15826997,1.2687159,0,S0
-4.2494426,0.35083976,1,S1-2
-2.6371973,-0.29497024,2,S3-6
-8.05913,-2.6264384,3,S7-15
-5.8518314,0.7555431,1,S1-2
-6.965407,-1.5185107,3,S7-15
-2.0928876,1.7749763,0,S0
-1.8160067,2.131924,0,S0
-1.9732301,2.044507,0,S0
-8.415814,-3.058461,3,S7-15
-8.436716,-2.764642,3,S7-15
3.9548612,2.0321665,0,S0
-5.282338,-0.6676743,1,S1-2
-4.983573,-0.4968205,1,S1-2
-3.8086493,1.0885602,0,S0
-7.529736,-1.4222622,2,S3-6
-8.738018,-4.2317877,4,S16-20
-2.1629598,1.2441828,0,S0
-7.053641,-2.4293602,3,S7-15
0.62184805,-0.64601344,0,S0
0.31577277,-0.8101649,0,S0
-6.943057,-3.8625855,3,S7-15
0.28878385,3.3436706,0,S0
-8.593892,-2.5493073,2,S3-6
-8.602284,-2.6258414,2,S3-6
3.253509,2.7290633,0,S0
0.73434037,2.2306786,0,S0
-1.2307268,1.6469979,0,S0
-2.746358,2.3828933,1,S1-2
-2.724128,1.4495653,0,S0
-2.9123104,1.5995195,0,S0
-3.1237488,0.9695726,0,S0
-7.8308115,-1.6199422,2,S3-6
-7.3707194,-1.1022512,2,S3-6
-7.708274,-3.3208323,3,S7-15
-7.9804387,-1.5099918,3,S7-15
-6.6094036,-2.2368734,2,S3-6
-7.266716,-2.7349744,3,S7-15
-5.442212,-0.12386736,1,S1-2
3.4758277,1.7063826,0,S0
-6.7108297,-1.2142066,2,S3-6
-5.8773527,-0.71477425,1,S1-2
-5.1635127,0.36263648,1,S1-2
-4.8356905,0.37731993,1,S1-2
-3.4394896,-1.0998492,1,S1-2
-2.9438753,-1.7696741,1,S1-2
-2.9750872,-1.8626229,0,S0
-8.905597,-4.178,4,S16-20
-9.193065,-4.364263,4,S16-20
3.225993,3.368965,0,S0
-4.6258006,-0.08334642,1,S1-2
1.67696,1.0450356,0,S0
-1.4824257,1.5728968,0,S0
-1.5417082,3.2831647,0,S0
2.085191,2.8593047,0,S0
-7.4464655,-1.0477217,2,S3-6
-2.0847142,0.8321307,1,S1-2
1.968273,2.2297068,0,S0
-7.282245,-0.9879788,2,S3-6
-5.430572,-0.41886923,1,S1-2
-5.5935206,-1.3744122,1,S1-2
0.4880657,1.6379422,0,S0
-0.9497754,1.5771948,0,S0
1.0796068,-0.09233494,0,S0
1.594093,0.09437772,0,S0
-6.6580086,-1.7819818,2,S3-6
-2.3190699,1.7496846,0,S0
-2.5179543,-0.237621,1,S1-2
2.9036896,0.89519393,0,S0
-0.16014221,0.84986967,0,S0
2.682634,1.4819547,0,S0
0.8612419,0.41398925,0,S0
2.585847,1.4419911,0,S0
1.7595844,1.4700482,0,S0
-0.102140516,0.68043345,0,S0
-4.817723,0.48181581,1,S1-2
-5.2451506,0.26124358,2,S3-6
-5.4303627,0.09199718,2,S3-6
-5.0884995,0.27485317,1,S1-2
1.2241997,0.09439503,0,S0
-3.4484894,-0.44361854,1,S1-2
2.711302,1.4357014,0,S0
3.980802,1.9822464,0,S0
3.9809732,2.0413117,0,S0
4.1189647,2.1750257,0,S0
3.905574,2.1454544,0,S0
3.3745708,1.184889,0,S0
-3.788142,-0.018178094,0,S0
-0.8830857,0.4610371,0,S0
0.38550353,0.41956547,0,S0
-7.0882773,-0.649387,2,S3-6
-1.5803026,0.64783216,0,S0
-4.0345144,0.5409815,0,S0
-3.8058052,0.98137,1,S1-2
-1.7096827,-0.681692,0,S0
-1.7369273,-0.6151523,0,S0
-1.7728939,-0.6118431,0,S0
-1.6380072,-0.67464125,0,S0
-6.4880795,-3.1765957,2,S3-6
-8.153787,-3.8752968,3,S7-15
-7.6253357,-1.9473523,2,S3-6
3.5192006,2.0741448,0,S0
1.8302318,0.45739856,0,S0
-8.361086,-3.9516983,3,S7-15
-8.853101,-4.063793,4,S16-20
-2.0774608,1.4551347,0,S0
0.95598155,2.9741464,0,S0
-1.4824821,0.595834,0,S0
-1.3891785,0.6074114,0,S0
-2.5209572,1.427443,0,S0
-7.8043485,-3.3085494,3,S7-15
-5.385161,0.13609071,1,S1-2
-4.1550775,0.21813472,1,S1-2
-5.835402,-0.87892777,2,S3-6
2.3359907,2.783119,0,S0
4.0481467,2.683593,0,S0
3.1301868,1.3399708,0,S0
0.7391992,1.0326779,0,S0
-0.80835074,1.4115336,0,S0
-7.133833,-0.64672506,2,S3-6
-7.7861066,-1.4094455,3,S7-15
-2.9082625,-0.37635282,0,S0
1.090591,2.9558418,0,S0
0.23166826,2.7390604,0,S0
-4.927243,0.15846597,1,S1-2
-5.4340706,-0.33288932,1,S1-2
-5.1294074,-0.1327314,1,S1-2
-6.2664866,-0.4421939,2,S3-6
0.40173218,1.2310619,0,S0
-3.7746243,0.12412713,1,S1-2
-3.7574937,0.26789886,0,S0
-3.8435898,0.19243768,1,S1-2
-1.591422,2.0122013,0,S0
-4.478465,0.9921296,1,S1-2
-6.924819,-0.7919856,2,S3-6
-5.3641167,-0.38579604,1,S1-2
-7.353625,-2.3700094,3,S7-15
-6.9034452,-2.5265803,3,S7-15
-8.3323965,-2.9891536,3,S7-15
-0.7096835,2.0280397,0,S0
-1.9253445,1.8915173,0,S0
-1.0934169,2.4203346,0,S0
-5.41102,-1.1617972,1,S1-2
-6.940598,-1.3438368,2,S3-6
-3.9212747,-1.949028,0,S0
2.4098923,0.8864888,1,S1-2
0.55244976,1.991632,1,S1-2
-2.0439446,1.4179538,0,S0
-2.297191,0.2834681,0,S0
-1.9960512,1.2652278,0,S0
1.2017784,2.8157427,0,S0
1.6629535,1.0856516,0,S0
-1.9517916,2.4343095,0,S0
-2.6397011,0.61754155,0,S0
-2.8371613,0.3375966,0,S0
-3.9767888,-2.0495102,1,S1-2
2.838516,2.2498064,0,S0
-2.9308078,0.90365523,0,S0
-7.6137457,-3.9808788,3,S7-15
-4.903096,-2.277316,2,S3-6
-6.6062875,-2.869715,3,S7-15
-6.0684648,-3.0855427,2,S3-6
-7.371625,-2.2979486,3,S7-15
1.5177748,1.6751289,0,S0
1.1399807,2.500662,0,S0
-0.23841415,3.2722504,0,S0
-2.2558668,0.525925,0,S0
3.0316682,2.221235,0,S0
3.2516177,0.8861461,0,S0
-2.384686,1.9326663,0,S0
-2.2574756,1.2163718,0,S0
1.4159892,2.9336321,0,S0
-1.948387,-1.5942688,1,S1-2
-3.042073,-1.3021063,1,S1-2
-2.210853,-1.2280164,1,S1-2
3.3952038,2.721367,0,S0
-4.9038525,-1.0746279,0,S0
3.6236491,1.1888427,0,S0
3.6457505,1.8574059,0,S0
-1.9697226,2.6794436,0,S0
-4.712826,1.090601,1,S1-2
-9.205411,-4.488825,4,S16-20
-5.3843117,-3.5308502,2,S3-6
1.2390859,1.8810493,0,S0
2.2226975,2.5807858,0,S0
-1.0991529,1.7054073,0,S0
-6.117857,-0.18293636,1,S1-2
-5.983158,0.048366264,1,S1-2
-4.3251066,-0.4967371,2,S3-6
-7.843837,-1.0071926,2,S3-6
-4.2713594,-1.8152499,1,S1-2
-4.3148556,-1.8529223,1,S1-2
-5.767847,-2.6568904,2,S3-6
-0.9405397,0.6300717,0,S0
-0.8930598,0.6612098,0,S0
-3.3665373,-1.1858742,1,S1-2
-3.4890654,-1.4491692,1,S1-2
2.0695534,0.798709,0,S0
3.123893,0.53226095,0,S0
-5.256965,-0.73428714,1,S1-2
0.46384737,0.12431417,0,S0
-8.408465,-2.852408,3,S7-15
-4.6162157,-0.660095,2,S3-6
-2.8353388,-0.71638715,1,S1-2
-7.037922,-4.123276,4,S16-20
1.3125585,2.9308035,0,S0
3.5120127,2.4399164,0,S0
3.0466866,2.5556862,0,S0
-1.2004262,2.1094382,0,S0
-1.441335,-0.792613,1,S1-2
1.7500497,0.8484157,0,S0
-4.235956,1.3778105,1,S1-2
-0.8030403,1.2513758,0,S0
0.5004774,1.2105715,0,S0
-2.4462092,1.1681368,0,S0
-2.993785,0.044899363,0,S0
-4.3093915,-0.7606489,0,S0
0.8449394,3.2795138,0,S0
0.584056,3.130946,0,S0
2.0875902,1.740728,0,S0
2.628819,1.9125271,0,S0
-7.065454,-0.4065656,2,S3-6
-1.545747,1.4318737,0,S0
-8.194324,-2.031225,3,S7-15
-6.9711647,-1.3979985,2,S3-6
-7.3329515,-1.6334236,2,S3-6
-7.421044,-1.6600069,2,S3-6
-3.9925838,-0.3363068,1,S1-2
-6.023223,0.7145223,2,S3-6
1.6318207,1.0739917,0,S0
-8.205451,-2.8026528,3,S7-15
-1.9329284,0.25707084,0,S0
-3.7946138,0.15885125,0,S0
-9.246515,-5.160145,4,S16-20
-9.272774,-4.7540827,4,S16-20
0.5952213,0.48954186,0,S0
-4.850406,-1.374021,2,S3-6
-4.786546,-1.1995474,1,S1-2
-4.3884826,-0.3646573,1,S1-2
-2.7840781,1.967159,0,S0
2.3487077,1.1928769,0,S0
2.3908129,1.006773,0,S0
1.3709671,2.4742053,0,S0
-0.20981595,0.6512704,0,S0
-1.8412442,1.8904793,0,S0
-0.5510931,-0.52224976,0,S0
-0.58725584,-0.38575232,0,S0
-0.34873116,-0.5155249,0,S0
-8.429082,-4.5301375,4,S16-20
-6.378655,-3.1305742,3,S7-15
-2.1984773,2.6042602,0,S0
-2.1798398,2.4907596,0,S0
-2.982737,2.3385456,0,S0
-2.9515116,0.16339824,0,S0
-2.752701,0.36699897,0,S0
-4.5172443,1.2457626,0,S0
1.2777919,2.5851433,0,S0
1.0041395,2.81211,0,S0
-4.8716364,0.5396295,1,S1-2
-2.1291916,0.12488252,0,S0
-4.4169145,-1.3386542,1,S1-2
-4.7263684,-1.4192396,1,S1-2
3.4956107,1.5896708,0,S0
3.1395664,1.7746199,0,S0
-6.8546124,-3.1234584,3,S7-15
-2.1653137,2.2037785,0,S0
0.7716396,0.83059263,0,S0
-0.52129805,0.9061482,0,S0
1.7085261,2.7284014,0,S0
1.7030772,2.5151262,0,S0
2.2504575,2.4413414,0,S0
-0.12989797,3.4286904,0,S0
3.0624273,2.9057314,0,S0
2.79726,2.9462852,0,S0
3.16872,2.7573678,0,S0
-4.426544,1.0402647,1,S1-2
-6.4178653,-3.3665,3,S7-15
-6.7546444,-3.3850017,3,S7-15
-7.091511,-2.4311597,3,S7-15
-6.6349173,-2.6420195,3,S7-15
1.9127388,2.1643548,0,S0
3.5158842,2.2487805,0,S0
2.4974174,1.856003,1,S1-2
2.7513487,1.2020595,0,S0
-9.331857,-4.9923735,4,S16-20
-7.827111,-3.9206991,3,S7-15
-7.9651866,-3.8975291,3,S7-15
-6.0824327,-1.1502616,2,S3-6
-1.4295684,0.13466206,0,S0
-1.5701917,0.43052885,0,S0
-1.5843542,0.34258023,1,S1-2
2.5673912,1.0480274,0,S0
1.2713217,0.62309426,0,S0
-1.6212374,0.25498483,0,S0
-1.1275417,0.16557191,1,S1-2
-1.5967302,-0.10287063,1,S1-2
-1.0339121,0.31544888,0,S0
-1.975139,1.901222,0,S0
-2.6873338,2.893645,0,S0
-6.4045568,-0.8280344,2,S3-6
2.5092165,1.7874674,0,S0
2.3210402,2.2280421,0,S0
-6.8773055,-3.9100938,3,S7-15
-8.386921,-3.836841,3,S7-15
0.6461682,0.3736834,0,S0
1.7929516,0.16454005,0,S0
-0.68243223,0.803157,0,S0
-3.1869407,2.1507938,0,S0
-1.2153989,1.6100665,0,S0
-1.5238959,1.9852694,0,S0
-2.5535038,0.35546204,0,S0
-3.986762,1.944506,0,S0
-3.764141,1.9678704,0,S0
-3.9509892,1.8819171,0,S0
-4.4791145,1.562054,1,S1-2
-4.3013453,1.3552946,0,S0
2.538981,1.5406907,0,S0
-3.4991848,-1.7792623,1,S1-2
-7.9980445,-4.3461623,3,S7-15
-8.396617,-4.644116,4,S16-20
-8.555111,-5.026353,4,S16-20
-8.644765,-5.02676,4,S16-20
-8.813365,-5.1398716,4,S16-20
-9.020614,-5.148686,4,S16-20
-0.465159,1.3858812,0,S0
-4.630307,0.5035423,0,S0
-6.0469165,-0.30570498,1,S1-2
-0.46980092,2.5059824,0,S0
0.2607813,0.9945149,0,S0
0.64949834,0.8924475,0,S0
-5.8225036,-1.9299943,2,S3-6
-5.763025,-1.8306215,2,S3-6
-6.2950726,-1.8545448,2,S3-6
-6.4806447,-1.2768577,3,S7-15
1.3698475,2.0232115,0,S0
0.36497483,0.21176057,0,S0
0.6372547,1.9233792,0,S0
-2.2245424,2.814909,0,S0
0.21977447,2.6595387,0,S0
-0.32651943,1.9973286,0,S0
-10.157897,-4.3365645,4,S16-20
-8.00049,-2.4200864,2,S3-6
-3.7950253,0.48827547,0,S0
-6.910368,-1.0551498,2,S3-6
-7.1560745,-1.0301613,2,S3-6
-7.349157,-1.0658041,2,S3-6
0.49641952,3.525109,0,S0
-0.8360258,2.8057427,0,S0
-1.2965277,2.6473036,0,S0
-1.6019256,2.1085773,0,S0
-4.5171094,-0.61961925,1,S1-2
-4.5573606,-0.9880409,1,S1-2
-2.8071961,-2.166636,1,S1-2
-2.3263826,-2.0951543,1,S1-2
-5.2603197,-0.42118773,1,S1-2
-5.273534,-0.38769516,1,S1-2
-5.917224,-0.23586811,1,S1-2
-5.744152,-0.8079624,1,S1-2
-5.931837,-2.2564797,1,S1-2
-5.8383927,-2.3204381,2,S3-6
-5.954769,-2.517594,2,S3-6
-0.9724597,1.5576773,0,S0
0.48830348,2.1294186,0,S0
1.2348036,0.845349,0,S0
1.7446121,0.27684736,0,S0
2.0972025,0.45023072,0,S0
1.5889229,0.37377936,0,S0
-4.1412816,-0.815276,1,S1-2
2.7069137,0.09982335,0,S0
0.83262885,2.8179169,0,S0
0.93178725,2.3312974,0,S0
-4.8264775,-2.9703746,3,S7-15
0.32464707,0.99649173,0,S0
-0.73674685,1.9408352,0,S0
-1.9962426,1.1392853,0,S0
-1.994696,1.5385901,0,S0
-6.897926,-1.1179,1,S1-2
-2.317001,1.8190966,0,S0
-2.7495902,1.6718553,1,S1-2
-0.6028596,1.7494255,0,S0
1.3475426,1.1760867,0,S0
-2.245381,0.32355627,0,S0
2.613422,2.5439084,0,S0
-8.29081,-3.430527,3,S7-15
-8.45033,-3.223273,3,S7-15
-0.034158375,-0.1665207,0,S0
-0.27739093,-0.3664358,0,S0
-2.3710842,-1.5711272,0,S0
-2.6091104,-1.9217614,1,S1-2
2.2113225,1.5438403,0,S0
2.300096,1.3436803,0,S0
1.9692655,1.3831811,0,S0
-3.133415,-0.83781224,1,S1-2
-3.219861,-1.1859816,1,S1-2
-9.730833,-4.1696343,4,S16-20
-9.85117,-3.9641488,4,S16-20
-8.675789,-3.2613957,4,S16-20
2.917808,1.8487657,0,S0
-2.581677,0.37011257,0,S0
-2.4215767,-0.12222881,0,S0
-8.707318,-4.941285,4,S16-20
-8.833214,-5.1739144,4,S16-20
-0.22048639,-0.23913023,0,S0
0.11484137,-0.39874166,1,S1-2
-4.054649,-2.1842337,1,S1-2
1.170939,3.0695686,0,S0
0.99953437,3.195173,0,S0
-1.9483386,-0.048932996,0,S0
-1.8371599,0.04658963,0,S0
-9.248429,-4.5602593,4,S16-20
1.0065287,0.108332306,0,S0
-2.9255044,-0.1822667,0,S0
0.003657062,0.20845571,0,S0
-3.9765782,-1.7664335,1,S1-2
3.6751063,1.648526,0,S0
-0.4080039,0.378258,0,S0
1.4096289,0.20562728,0,S0
1.7851048,3.4512467,0,S0
1.7215317,3.5014207,0,S0
1.6368552,3.58106,0,S0
1.8970717,3.355764,0,S0
3.467203,2.2962024,0,S0
0.12719117,3.148779,0,S0
2.726418,2.1278222,0,S0
-1.1811521,2.5073721,0,S0
2.3323932,2.3906393,0,S0
2.3768506,2.2218504,0,S0
3.4816399,2.459013,0,S0
0.37306616,2.1812725,0,S0
-4.5125217,-1.2148324,1,S1-2
-4.4961095,-1.044551,1,S1-2
-3.714745,-0.09025618,1,S1-2
3.941134,2.3509192,0,S0
3.916392,2.2996488,0,S0
-4.820544,0.06519577,1,S1-2
-3.590829,0.7114942,0,S0
-2.4576607,-0.8893562,1,S1-2
-4.973173,-1.3786849,1,S1-2
-5.0978346,-0.53565747,1,S1-2
-4.26164,-0.6918476,1,S1-2
1.4910904,3.0130513,0,S0
0.9963551,1.3511618,0,S0
0.8937821,1.8573633,0,S0
1.1516458,2.7848644,0,S0
-2.7513185,-1.6551949,0,S0
-3.1722152,2.1916857,0,S0
-4.115165,0.86340714,0,S0
-5.747113,0.21225318,1,S1-2
-3.709969,-0.14287841,1,S1-2
-3.9119315,0.04624801,1,S1-2
2.9051166,1.266538,0,S0
-5.888295,-2.2148645,2,S3-6
-6.147092,-2.330547,2,S3-6
-8.083616,-3.498741,3,S7-15
-8.894587,-3.8657103,4,S16-20
0.9649866,-0.21670097,0,S0
2.103933,1.5681674,0,S0
2.836292,1.4908679,0,S0
0.27890238,0.29695746,0,S0
-6.2740965,0.29066244,1,S1-2
-5.9953003,0.06635097,1,S1-2
1.104972,2.3628256,0,S0
0.42918637,0.22669251,0,S0
0.25389114,2.30867,0,S0
0.45488647,2.271316,0,S0
0.30715513,2.4430792,0,S0
-0.57333505,2.5205235,0,S0
-2.2430785,-0.06869832,0,S0
-1.2954628,1.5741242,0,S0
-2.2015548,0.2710253,0,S0
0.8291354,1.1540346,0,S0
-4.95911,0.9248064,1,S1-2
-5.097394,1.1020852,1,S1-2
-3.899163,1.7673013,0,S0
-7.2849607,-2.336716,3,S7-15
-7.507339,-2.535156,3,S7-15
-5.0351515,-1.6558925,2,S3-6
-5.796866,-3.3840053,3,S7-15
1.0265697,2.427753,0,S0
1.9335037,0.30258748,0,S0
1.9423741,0.4300493,0,S0
2.5745702,1.3751944,0,S0
3.536278,2.3924556,0,S0
-1.879569,0.93522066,0,S0
-6.5907345,-1.1895932,2,S3-6
-2.2211583,0.9432449,1,S1-2
-6.991459,-4.039861,3,S7-15
-7.344861,-4.2800345,3,S7-15
-7.737336,-4.3704643,3,S7-15
-9.00122,-4.6826186,4,S16-20
0.15602455,0.6399693,0,S0
0.6346619,0.6543175,0,S0
-6.3008556,-2.4560308,3,S7-15
-6.893591,-2.3260484,3,S7-15
3.3896835,3.3800821,0,S0
0.94308066,2.8787014,0,S0
-2.079997,-0.316058,0,S0
-6.0181427,-0.18316619,1,S1-2
-3.5148187,0.43378812,0,S0
-0.85797435,-0.6117085,1,S1-2
-5.229727,-1.2439599,1,S1-2
-7.7833033,-2.247755,2,S3-6
-7.7801924,-2.0688224,2,S3-6
-8.45298,-3.5595763,3,S7-15
-8.899235,-3.9853609,4,S16-20
-2.006011,-0.014757356,1,S1-2
-5.167148,1.1211667,2,S3-6
0.6796342,-0.09053172,0,S0
0.21425654,0.80746335,0,S0
-6.276606,-0.2946783,2,S3-6
0.22943112,-0.669893,0,S0
-3.7515106,-1.4708064,1,S1-2
-3.8625696,-1.5059123,1,S1-2
-2.5433204,0.25913537,0,S0
-2.567726,0.26511192,0,S0
-2.6853,0.42998356,0,S0
3.339555,1.7275937,0,S0
-5.2815747,-3.5125868,2,S3-6
-5.168128,-3.4976637,1,S1-2
-5.319807,-3.5094008,2,S3-6
-4.157688,0.45154533,0,S0
2.8772016,0.89391273,0,S0
0.95042145,1.477233,0,S0
1.6774629,2.303844,0,S0
1.2729002,2.4301403,0,S0
0.65763474,2.1809876,0,S0
0.64172363,2.4475024,0,S0
3.3018377,2.5806723,0,S0
-1.0766566,1.5307759,0,S0
-3.7498105,0.7128452,0,S0
-5.121509,-0.36811692,1,S1-2
-3.4081137,0.98706245,0,S0
-2.3736978,-1.2739297,0,S0
2.0451035,2.8503551,0,S0
0.06602665,1.328553,0,S0
-6.672737,-0.33654642,0,S0
-7.787017,-3.891861,3,S7-15
-8.854713,-4.3781943,4,S16-20
-9.228666,-4.6492925,4,S16-20
2.5329046,0.05783726,0,S0
-1.4332645,1.8276161,0,S0
0.44564986,1.1456559,0,S0
-1.5768046,2.3718693,0,S0
0.14326927,2.7947392,0,S0
-10.092985,-3.840527,4,S16-20
-10.049023,-3.793269,4,S16-20
-5.914826,0.6329202,1,S1-2
-5.1646028,0.86054265,0,S0
1.1269631,2.512308,0,S0
-7.3406973,-3.9421034,3,S7-15
-8.355386,-4.418288,4,S16-20
-7.4504275,-1.0044651,2,S3-6
-3.6982825,0.5643984,0,S0
-7.748023,-1.159526,2,S3-6
0.5740748,1.608002,0,S0
-7.6348667,-2.6888158,2,S3-6
0.28210843,1.3898,0,S0
1.1909403,0.9974431,0,S0
-1.7688211,1.6010028,3,S7-15
1.586572,0.19247258,0,S0
-1.7272625,2.2594688,0,S0
-0.65734816,3.0306602,0,S0
-0.36392865,3.064371,0,S0
-0.90343326,2.975799,0,S0
0.6818542,-0.06918225,0,S0
0.018609632,1.4151727,0,S0
-4.3607235,0.45144054,1,S1-2
-2.0769572,1.8094292,0,S0
-2.4786677,1.8290225,0,S0
-3.1317217,-1.0906521,1,S1-2
-3.7799194,-1.9299335,2,S3-6
-3.6420975,-2.0370264,2,S3-6
-1.1101712,1.0937788,0,S0
-0.3965764,1.2016068,1,S1-2
0.65317744,0.109098606,0,S0
-0.97243434,0.18213454,0,S0
-0.02614069,1.318817,0,S0
-4.8992686,0.376418,1,S1-2
-0.67120653,2.2947018,0,S0
-3.417264,0.9024908,0,S0
-3.3881855,1.1647694,0,S0
-4.5922837,0.8307977,0,S0
-3.7016423,-1.1934924,1,S1-2
-1.336473,0.89165545,0,S0
-1.5000569,0.96171427,0,S0
-1.6174684,0.9885509,0,S0
-1.891764,0.9577846,0,S0
-6.562416,-3.2478564,2,S3-6
-9.6807995,-4.777387,4,S16-20
-9.709929,-4.7085776,4,S16-20
-9.733051,-4.8670874,4,S16-20
-5.3172626,-0.39696154,1,S1-2
-0.80743223,-0.16922949,0,S0
-0.19374694,-0.17562668,0,S0
-0.6573215,-0.20691761,0,S0
-0.9040557,-0.17082006,0,S0
-1.6972787,1.8340847,0,S0
-6.8982635,-0.350478,1,S1-2
1.537732,1.5134808,0,S0
-7.08554,-0.42769346,2,S3-6
-4.1593328,0.68802273,2,S3-6
2.8704605,3.7430224,0,S0
2.5350122,1.9511418,0,S0
-0.2678898,1.7518697,0,S0
-3.296905,1.3424702,0,S0
2.1576626,3.245566,0,S0
2.3027139,2.9497957,0,S0
-9.024332,-4.367264,4,S16-20
-9.219586,-4.5253944,4,S16-20
-9.359712,-4.5863466,4,S16-20
1.4680376,0.03092496,0,S0
0.9883183,0.36897632,0,S0
1.7237813,0.7517551,0,S0
-0.6165678,0.6754873,0,S0
-0.9490357,0.66270274,0,S0
-1.3284254,0.50048965,0,S0
-2.6415558,0.7281235,0,S0
-1.394922,-0.7497719,0,S0
-1.8381159,-0.93928164,0,S0
-2.8707097,2.6217492,0,S0
-0.14678587,3.784729,0,S0
0.132734,3.7423868,0,S0
1.0129443,3.6487412,0,S0
-0.02403958,3.7296252,0,S0
-0.6094794,1.4845923,0,S0
-5.632274,0.4673234,1,S1-2
-1.9781817,0.6876904,0,S0
-0.8048654,0.5232266,0,S0
0.78412956,1.7041065,0,S0
-1.9471112,1.8442292,0,S0
-3.9799175,-0.73878866,1,S1-2
-4.126827,-0.74048674,1,S1-2
-4.0237346,-0.7114319,1,S1-2
-4.2030535,-0.84409654,1,S1-2
-6.217766,-2.8472655,3,S7-15
1.6430924,0.5058173,0,S0
3.948284,2.8796952,0,S0
-7.097992,-0.4381109,2,S3-6
-3.411056,2.1943731,0,S0
-5.183005,-3.3861287,1,S1-2
-5.545066,-3.5896697,2,S3-6
-5.2362857,-3.498471,2,S3-6
3.4603267,0.7339706,0,S0
3.360736,3.557407,0,S0
-1.5837202,-0.018844895,0,S0
-1.9835947,1.2734056,0,S0
-1.7693404,1.307619,0,S0
-2.323227,1.9967388,0,S0
2.5333548,2.7093127,0,S0
0.04044858,-0.23960793,0,S0
-0.6074904,0.86929965,0,S0
1.4420416,0.66485053,0,S0
1.4695745,1.4262869,0,S0
0.8000614,2.6274703,0,S0
1.4192802,2.6512785,0,S0
-0.42924267,1.5078746,0,S0
-1.3012446,0.8803747,0,S0
-5.8426714,0.41109082,1,S1-2
0.80861884,3.2828724,0,S0
0.8985043,3.375936,0,S0
0.054445952,2.6709037,0,S0
-6.0945535,-4.223667,1,S1-2
-6.6408873,-4.1535206,3,S7-15
-4.76965,-2.991288,2,S3-6
-3.302092,-2.6104534,1,S1-2
-5.252084,-3.2314372,2,S3-6
-4.6394577,-3.0387933,2,S3-6
-6.439872,-1.1531326,2,S3-6
-5.8457675,-1.2139177,2,S3-6
-7.6089993,-2.6403172,3,S7-15
2.3838553,2.1309462,0,S0
-1.9514723,2.200134,0,S0
-3.6784017,-0.2986135,1,S1-2
-4.5309687,-1.9924045,1,S1-2
2.0897405,2.2156122,0,S0
-1.9364249,2.8749392,0,S0
-2.8448179,1.4993589,0,S0
-0.42615452,1.918316,0,S0
-5.735316,-1.4364207,2,S3-6
-7.4771013,-0.6818696,2,S3-6
-7.14917,-1.8628365,2,S3-6
-0.4422585,0.4391933,0,S0
-6.4967804,0.085667394,1,S1-2
-7.8698115,-1.2522537,2,S3-6
-4.354182,0.30682743,1,S1-2
-1.7459707,2.1564848,0,S0
-9.095694,-4.601939,4,S16-20
-1.5450661,2.7574322,0,S0
-2.0340445,2.3383238,0,S0
2.1967704,-0.08338541,0,S0
-0.5862646,-0.09568896,0,S0
2.1015055,1.1504368,0,S0
-0.07606694,2.0351887,0,S0
3.4402592,0.7121577,0,S0
-6.652175,-2.375841,3,S7-15
-7.0298862,-2.4543817,3,S7-15
2.1693711,-0.083578154,0,S0
0.22198875,-0.673826,0,S0
1.988573,0.1511972,0,S0
2.9284027,1.539437,0,S0
-9.212816,-3.4153318,3,S7-15
-9.222591,-3.4252925,3,S7-15
-3.1551058,-0.345533,1,S1-2
-3.2138023,-0.36639073,1,S1-2
-3.4084365,0.86479974,2,S3-6
1.0292077,0.8439184,0,S0
-0.6194586,2.7971087,0,S0
-2.9105585,2.1516623,1,S1-2
-5.1093035,0.7871364,0,S0
-4.5673475,1.3247882,1,S1-2
-5.918815,0.73190624,1,S1-2
-2.4722962,-1.905699,0,S0
-2.5821588,-1.7612114,0,S0
-7.375832,-4.3114295,3,S7-15
1.9807953,0.10376148,0,S0
-5.12873,-0.25839233,1,S1-2
0.8171035,-0.02909494,0,S0
-0.19786786,0.4359308,0,S0
-2.1848948,-2.0304432,1,S1-2
-2.7103221,0.8057838,0,S0
-2.8106372,2.7203553,0,S0
-8.236881,-2.551306,2,S3-6
-8.413138,-2.7331784,3,S7-15
-8.62421,-2.9493203,4,S16-20
-8.686598,-3.0239127,4,S16-20
2.7515526,1.7475569,0,S0
1.1605113,-0.15053238,0,S0
-4.431177,-1.5045297,1,S1-2
-5.2833524,-0.62728214,1,S1-2
-3.282589,-2.6594474,0,S0
-3.29634,-2.6945012,0,S0
-3.365227,-2.5296862,1,S1-2
-3.5012004,-2.715236,1,S1-2
-9.625013,-3.584618,4,S16-20
-9.805309,-3.753478,4,S16-20
-4.601913,0.32119066,0,S0
0.09827775,-0.2033862,0,S0
-0.098151006,-0.12033419,1,S1-2
-5.346323,-1.948347,1,S1-2
-5.9171534,-1.8494022,1,S1-2
-5.249701,-2.8280866,2,S3-6
-7.777602,-1.1433225,2,S3-6
-8.25849,-2.0012271,3,S7-15
-3.2115116,0.17276713,1,S1-2
-6.482437,-0.37337616,1,S1-2
-6.1442323,-0.36719695,1,S1-2
4.308587,2.490461,0,S0
4.209169,2.4523554,0,S0
3.5939465,0.71500486,0,S0
1.5992802,0.74104106,1,S1-2
-9.953416,-4.8211875,4,S16-20
-9.987069,-4.7550077,4,S16-20
-10.0941105,-4.5467935,4,S16-20
-7.756618,-3.4868472,3,S7-15
-8.163622,-3.790873,3,S7-15
-9.09888,-4.150077,4,S16-20
-3.1056912,1.0304906,1,S1-2
-4.1537437,1.5433478,0,S0
-1.0073388,2.1164293,0,S0
0.555961,1.679661,0,S0
0.3216453,1.3336532,0,S0
-2.726368,-0.5379048,0,S0
0.6544202,2.9443338,0,S0
-4.6326413,0.70404804,1,S1-2
3.4731429,0.5815889,0,S0
-5.2839537,0.20394729,1,S1-2
-1.5828944,0.2562018,0,S0
-4.8171105,-0.81275684,1,S1-2
-8.205524,-3.122159,3,S7-15
-8.685267,-3.59465,4,S16-20
-0.7632837,2.5163693,0,S0
-1.2819128,1.0086185,0,S0
-2.4445438,1.2364047,1,S1-2
-5.890352,-1.3133996,3,S7-15
-1.8604996,1.5360737,0,S0
-1.4478668,0.75476766,1,S1-2
0.17518838,2.9880679,0,S0
-0.49602562,2.3971546,0,S0
-5.8412266,-0.017502377,1,S1-2
-3.633056,1.2743355,0,S0
-0.9169605,1.862588,0,S0
2.5466416,2.9742196,0,S0
-2.8451247,0.96488553,0,S0
-4.0886593,-0.42140087,1,S1-2
-7.913846,-3.2600546,3,S7-15
-7.993111,-3.4832618,4,S16-20
-3.5786219,2.1911232,0,S0
-3.4226243,2.3986185,0,S0
3.5057867,2.2737944,0,S0
-0.9197545,-0.5153927,1,S1-2
0.85292685,-0.19569588,0,S0
3.3192596,1.332472,0,S0
-1.3916706,0.5505553,0,S0
-3.22238,0.6959167,1,S1-2
-6.133173,0.1621407,1,S1-2
-2.2060165,-2.1718621,1,S1-2
3.6166835,1.1384288,0,S0
2.5911164,1.440139,0,S0
0.2909629,1.0200163,0,S0
-2.0422726,-1.6820848,0,S0
-1.7609373,2.025079,0,S0
-1.9737041,2.0853453,0,S0
-2.449284,-1.032634,0,S0
-2.7460153,0.8555209,0,S0
3.4347146,1.7556324,0,S0
1.3234668,2.8715062,0,S0
-1.4450657,1.5011601,0,S0
2.8153243,1.5667304,0,S0
3.0545902,1.4623942,0,S0
-0.07915889,1.8751584,0,S0
0.15841259,1.5899789,0,S0
0.09226329,2.5952902,0,S0
-4.7637787,-2.1302786,1,S1-2
-6.1265264,-2.7138681,2,S3-6
3.5828378,0.5914326,0,S0
-8.82131,-3.0223093,3,S7-15
-8.757088,-2.842143,3,S7-15
-8.822465,-3.0266743,4,S16-20
-9.026064,-3.112494,4,S16-20
-5.4759283,-2.5990996,2,S3-6
-6.046072,-2.7401483,2,S3-6
-5.887308,-2.8364282,2,S3-6
-7.924077,-4.0321984,3,S7-15
-1.3607432,1.7733408,0,S0
2.5938761,1.9336194,0,S0
3.5096855,0.562723,1,S1-2
-1.6666741,1.0402898,0,S0
-4.9659066,-1.591318,2,S3-6
-7.5023813,-3.9305627,3,S7-15
1.8989862,1.8505602,0,S0
-8.870388,-3.394081,3,S7-15
-8.926541,-3.434743,4,S16-20
-9.323341,-3.7055206,4,S16-20
3.6210997,1.686617,0,S0
3.0975544,1.9703479,0,S0
-5.2554336,-1.5691489,1,S1-2
-5.294824,-1.6232747,1,S1-2
-5.5195365,-1.762077,1,S1-2
0.38812223,1.1112516,0,S0
3.1170247,2.1294832,0,S0
-0.24049206,1.6188815,0,S0
-6.199157,0.3821513,1,S1-2
-6.36082,0.41437474,2,S3-6
-5.1958556,0.51930004,1,S1-2
-5.114044,-0.21712628,1,S1-2
-5.621422,-0.9341474,1,S1-2
-5.0142236,-1.0453876,0,S0
-6.5951743,-1.6016138,0,S0
1.5023348,2.2262466,0,S0
-2.2030206,1.0396018,0,S0
0.31260267,0.062068533,0,S0
-2.1258254,0.9790308,0,S0
0.9443001,0.053887293,0,S0
3.385519,0.65798783,0,S0
1.5305656,0.85776967,0,S0
-6.3961563,-0.44317535,1,S1-2
-5.698678,-0.5977247,1,S1-2
-5.033669,0.60289794,1,S1-2
-1.1575269,1.3895317,0,S0
0.55715865,2.569139,0,S0
-2.4423928,2.4835749,0,S0
3.5472064,1.3914849,0,S0
-0.63306314,3.314983,0,S0
-0.5940447,3.3858063,0,S0
-2.4917545,0.05882241,0,S0
-1.0592889,2.3745685,0,S0
-6.1485934,-3.466046,2,S3-6
-7.63685,-3.3135707,3,S7-15
-6.955137,-3.2201002,3,S7-15
0.5690677,-0.16537054,0,S0
1.724442,0.95883995,0,S0
0.47821203,0.5112047,0,S0
-0.024408434,3.0823834,0,S0
-3.0390525,2.5254078,0,S0
-2.7560165,2.8211758,0,S0
2.9982917,2.361156,0,S0
-2.0868702,0.048616897,0,S0
-2.3406918,0.13511011,0,S0
-4.841557,-0.71874315,1,S1-2
-5.7922482,0.11604219,1,S1-2
-0.05945101,2.1389582,0,S0
-0.16172585,1.9661332,0,S0
0.5219769,2.4982271,0,S0
-2.1709917,1.4746245,0,S0
-0.61351496,2.306635,0,S0
-0.74287945,2.0399067,0,S0
-6.313519,-0.13591637,1,S1-2
-2.7215724,2.2368662,0,S0
2.3215911,0.88834435,0,S0
2.3797367,0.9049396,0,S0
2.130999,0.79576135,0,S0
-1.3879223,-0.32942832,0,S0
0.0843705,1.4532356,0,S0
3.6987207,0.98067015,0,S0
4.250097,1.7106315,0,S0
-8.040975,-4.8155785,3,S7-15
-8.662376,-5.117323,4,S16-20
-8.83908,-5.1834292,4,S16-20
3.5555112,0.8323975,0,S0
-2.3520484,-0.59035474,1,S1-2
-2.2027924,0.7251802,0,S0
-2.540234,0.5220947,0,S0
0.8471743,0.70387423,0,S0
2.910742,0.72643334,0,S0
-2.1557803,2.4540865,0,S0
-2.0148625,0.94406486,0,S0
-5.0831065,-0.69319654,1,S1-2
-1.7237065,-0.5976959,0,S0
-3.7305067,-0.50733405,1,S1-2
-2.668924,-1.0320858,1,S1-2
-0.46740702,2.290563,0,S0
0.93538624,2.7400784,0,S0
-0.11336994,2.588661,0,S0
-6.386662,-2.0250397,2,S3-6
-5.3231,-1.7944108,1,S1-2
-7.3861194,-3.8636951,4,S16-20
-7.99757,-3.8271873,4,S16-20
-7.9239683,-3.8047092,4,S16-20
-1.7989525,2.3738086,0,S0
-2.3706222,2.3006194,0,S0
-5.351827,0.689626,2,S3-6
2.633719,0.9854514,0,S0
-6.328799,-0.15689145,1,S1-2
-2.0312495,0.71245766,0,S0
-2.6968136,1.668708,0,S0
-7.4602485,-2.1112323,2,S3-6
3.2965937,1.7739078,0,S0
1.6988213,0.601279,0,S0
2.8341265,2.1327279,0,S0
-3.723963,0.89808494,0,S0
-6.3626323,-3.6915426,3,S7-15
-2.7721407,0.3577347,0,S0
-1.4406075,-0.3052252,0,S0
1.4753631,2.928435,0,S0
-3.8983397,1.7496192,0,S0
-4.1177297,1.5926528,0,S0
1.2906193,1.4529109,0,S0
-3.9698331,1.2155372,0,S0
-3.7161365,1.562792,0,S0
1.5084952,2.8369474,0,S0
1.5020516,2.878383,0,S0
2.118483,1.077591,0,S0
1.4370216,0.8136398,0,S0
2.04994,0.7305429,0,S0
2.2384121,0.05037818,0,S0
1.1824033,1.0624601,0,S0
-3.0965748,1.9424663,0,S0
-7.924055,-3.9313314,3,S7-15
0.94673705,2.3489554,0,S0
-4.3636293,0.3699255,0,S0
1.0954078,0.9267649,0,S0
-3.209485,0.42304093,0,S0
0.19889954,0.6194575,0,S0
-0.9235388,1.1443869,0,S0
1.0890971,1.0439111,0,S0
-3.837817,0.8155822,0,S0
-3.8296897,0.79757476,1,S1-2
1.6942489,0.23996295,0,S0
1.5184482,0.45554653,0,S0
-6.9595337,-2.154619,3,S7-15
-7.538608,-2.7764149,2,S3-6
-7.5838003,-2.9851415,2,S3-6
-7.3719873,-3.0986922,3,S7-15
-7.2795806,-3.0642917,3,S7-15
-3.440977,-2.6841168,1,S1-2
-5.386416,-2.482234,2,S3-6
-6.1702423,-2.828098,3,S7-15
-7.1640906,-3.2910166,3,S7-15
-3.6701396,0.8723089,0,S0
-0.15255252,-0.26240546,0,S0
-7.95546,-1.9164271,3,S7-15
-7.8790097,-1.9810503,3,S7-15
-7.7051415,-1.9961269,3,S7-15
-7.689466,-2.264028,3,S7-15
-0.4720027,1.1840726,0,S0
0.55181986,1.051298,0,S0
0.28074482,1.2218384,0,S0
0.4897408,0.30586275,0,S0
2.5476232,2.3592267,0,S0
-3.9053357,-1.1508074,1,S1-2
-3.8301399,-1.0619297,1,S1-2
-1.3914243,2.0372417,0,S0
-3.985723,0.23127021,1,S1-2
-3.4009988,0.18176754,0,S0
-2.6397212,-2.2053752,1,S1-2
-2.8051598,-2.1751208,0,S0
-2.8382852,-2.2117267,0,S0
-3.2924643,-2.2384694,1,S1-2
-4.22953,-2.757493,1,S1-2
-0.2380784,2.517731,0,S0
-1.364728,2.1631784,0,S0
3.4100266,1.6782498,0,S0
3.6792233,1.7803171,0,S0
3.2341852,1.5941004,0,S0
2.621382,1.1429214,0,S0
0.25288424,0.3369612,0,S0
-1.4575651,0.52632797,0,S0
-0.1047193,-0.16796033,0,S0
-3.6822138,-0.3126878,1,S1-2
1.6724671,1.355742,0,S0
-1.1632156,-1.1689473,0,S0
-1.5020524,-1.5786235,0,S0
-1.3983402,-1.4342492,0,S0
-2.1411052,2.3942435,0,S0
-3.8176453,2.0036504,0,S0
-3.342818,2.3794591,0,S0
-2.182156,1.9997475,0,S0
-2.8132162,1.5018383,0,S0
-2.2751298,1.6094872,0,S0
1.8271846,3.2198567,0,S0
-0.98352516,0.0544953,0,S0
-5.818138,-0.40610495,1,S1-2
-1.096979,1.1864837,0,S0
-0.92388076,0.6463848,0,S0
-4.0746136,1.344349,0,S0
-0.20245843,-0.4032903,0,S0
-0.68962497,0.74400955,0,S0
0.8624562,3.1984513,0,S0
0.03564257,0.6264588,0,S0
-9.914475,-4.2899036,4,S16-20
-9.933244,-4.1370564,4,S16-20
-9.857761,-3.9324694,4,S16-20
2.980336,1.428317,0,S0
-2.6760852,1.2261382,0,S0
-2.6399117,1.3894806,0,S0
-4.076544,-1.2361026,1,S1-2
-5.92197,-2.4485097,1,S1-2
-5.9494376,-3.064442,2,S3-6
0.847355,3.1907299,0,S0
-0.66592157,1.9001362,0,S0
-4.592389,-2.6847305,1,S1-2
0.60196835,0.28129613,0,S0
-5.342124,-1.0119756,2,S3-6
-10.076233,-4.484738,4,S16-20
-4.546487,0.74989235,1,S1-2
-4.492868,0.48447177,0,S0
-2.6400328,0.063596524,0,S0
-9.879111,-4.768657,4,S16-20
-9.649109,-4.7139573,4,S16-20
-9.791825,-4.7413626,4,S16-20
3.5536165,3.5070302,0,S0
-6.1540585,0.38168028,1,S1-2
-6.0783625,0.5646082,1,S1-2
-4.420552,0.6290038,1,S1-2
-2.4706514,0.08644842,0,S0
-3.4570138,-0.069632344,0,S0
3.4085898,3.39989,0,S0
0.083242685,2.975935,0,S0
-6.9672313,-1.0810653,2,S3-6
-4.392472,-0.8029329,0,S0
-1.3829651,2.7420967,0,S0
-1.3216022,0.6284017,0,S0
-2.3171146,0.8410234,0,S0
-6.8625836,-3.651107,3,S7-15
-7.71322,-4.1718287,3,S7-15
-1.7108955,-1.7564766,0,S0
-1.3714662,0.39220056,0,S0
-0.5008531,0.5156359,0,S0
-1.820932,0.40110573,0,S0
-2.0673552,0.24470583,1,S1-2
2.6007943,2.5495305,0,S0
1.5657408,2.4624553,0,S0
-6.653743,-1.0086893,2,S3-6
-6.3348017,-0.9281792,2,S3-6
-6.500126,-0.7229639,2,S3-6
0.25837696,1.532299,0,S0
3.0222425,2.6509442,0,S0
3.3450518,2.69887,0,S0
1.1252533,1.8703139,0,S0
1.8056936,2.1146832,0,S0
1.9175531,2.374017,0,S0
-3.3347607,2.2294784,0,S0
-1.849011,0.59907615,0,S0
-5.956828,-4.280781,1,S1-2
-6.0889063,-4.2690525,2,S3-6
-1.746016,2.6435854,0,S0
-9.337474,-4.36566,4,S16-20
3.7370021,3.4208663,0,S0
-6.571018,-2.5137048,3,S7-15
-8.36759,-3.4414792,4,S16-20
-8.171157,-3.4041939,3,S7-15
-8.153183,-3.4217973,3,S7-15
-10.1873045,-4.127719,4,S16-20
-10.119642,-4.212288,4,S16-20
-3.9138823,1.8296611,0,S0
-2.1536965,-0.25307333,0,S0
-9.187356,-4.5434895,4,S16-20
3.9306204,2.8223786,0,S0
3.8196537,2.7781234,0,S0
0.896965,0.45199957,1,S1-2
-3.2251303,-0.9434118,1,S1-2
-5.015126,-2.229015,2,S3-6
1.4854336,-0.12658425,0,S0
1.8171582,-0.20914012,0,S0
-0.9287476,1.5886549,0,S0
1.2705977,0.38448292,0,S0
3.1001654,1.5173856,0,S0
3.339783,1.3962876,0,S0
2.8917933,1.2555801,0,S0
-1.0325238,2.3646858,0,S0
2.6602945,3.338143,0,S0
-1.9681737,1.451306,0,S0
-3.4687762,0.7705004,0,S0
0.9219117,2.535148,0,S0
-9.029224,-5.2425547,4,S16-20
-9.171935,-5.2059216,4,S16-20
-9.352532,-5.0960255,4,S16-20
-6.189605,-1.8278623,3,S7-15
2.5090377,2.7667074,0,S0
2.5010571,3.0003784,0,S0
2.1903386,3.1936705,0,S0
-3.639996,-1.7252423,1,S1-2
-4.000364,-1.763274,1,S1-2
-7.143223,-4.082217,3,S7-15
4.0985503,2.5810893,0,S0
-5.2382483,-1.1913167,2,S3-6
-5.578189,-4.193939,1,S1-2
3.5937476,1.5117484,0,S0
3.2725332,2.1130772,0,S0
-1.7435778,2.2391288,0,S0
-4.016336,0.6105065,1,S1-2
-7.978835,-4.2493353,3,S7-15
-1.1275225,-0.046109095,0,S0
-3.6464512,0.4854491,0,S0
-8.404064,-4.3718944,3,S7-15
-9.819164,-4.024155,4,S16-20
-9.820988,-3.9067652,4,S16-20
-9.811367,-3.8798463,4,S16-20
-9.111238,-4.2151437,4,S16-20
-9.147613,-4.30194,4,S16-20
-9.008201,-4.170742,4,S16-20
-9.198842,-4.568986,4,S16-20
-4.0870657,0.72009444,0,S0
-5.706626,-1.4283307,2,S3-6
-6.9673243,-2.2568614,3,S7-15
-7.285674,-3.919239,3,S7-15
-8.798335,-4.852048,4,S16-20
-0.6469245,-0.31501386,0,S0
-2.847286,-0.6099575,1,S1-2
-1.181814,-0.48320287,1,S1-2
-4.276065,-1.2365602,1,S1-2
-9.821795,-4.5211377,4,S16-20
-9.880992,-4.5487533,4,S16-20
-9.985057,-4.642237,4,S16-20
-7.3717704,-3.1179428,3,S7-15
-3.615418,0.1628961,0,S0
-2.9197705,-1.0815711,1,S1-2
-4.508617,-1.5619334,1,S1-2
-8.153787,-3.7697766,4,S16-20
-9.107322,-4.245761,4,S16-20
0.5465129,0.9041887,0,S0
-9.665247,-3.663683,4,S16-20
-0.13786113,2.3210623,0,S0
-5.519403,0.8884545,1,S1-2
-6.1352987,-4.265846,1,S1-2
-6.1739607,-4.2207303,2,S3-6
-6.4902925,-4.125961,3,S7-15
-7.087563,-4.314735,3,S7-15
0.8382183,0.3145161,0,S0
0.45677665,3.472532,0,S0
-0.7376782,1.4067751,0,S0
-9.768572,-4.721862,4,S16-20
-0.30958164,-0.3847217,0,S0
-4.7518053,-3.1893272,1,S1-2
-5.4141493,-3.3397775,2,S3-6
-2.7349405,1.9467403,0,S0
-3.2792478,-0.4909844,1,S1-2
3.1948855,0.41958395,0,S0
-1.6086973,0.38818663,1,S1-2
-1.819737,0.88917536,0,S0
-3.528457,2.1842587,0,S0
-5.4355955,0.86952424,1,S1-2
-7.00095,-3.9936433,3,S7-15
-7.0176554,-4.085203,3,S7-15
-7.363073,-4.2758474,3,S7-15
2.949593,1.672636,0,S0
-3.3569798,-0.030565241,0,S0
-3.4128022,-0.47709918,1,S1-2
-4.297133,-2.5254474,2,S3-6
-4.5559874,-2.671562,2,S3-6
-7.084505,-3.896639,3,S7-15
-9.45103,-4.7970757,4,S16-20
-9.40032,-4.7840686,4,S16-20
-2.0074217,0.9785239,0,S0
0.4460415,1.1054717,0,S0
3.2538655,1.6320302,0,S0
-6.0241337,-4.1927333,2,S3-6
-6.076241,-4.241318,2,S3-6
-6.06719,-4.22938,2,S3-6
3.1641579,2.1437495,0,S0
-3.1124465,1.549493,0,S0
-4.2446094,0.6775412,1,S1-2
-5.701375,0.3258436,1,S1-2
3.504112,0.9694498,0,S0
-0.09543331,-0.59159154,0,S0
2.8271477,2.0412996,0,S0
-3.0358367,-2.174811,1,S1-2
-3.0844986,-2.208185,1,S1-2
-3.4122908,-2.3829618,1,S1-2
-3.804095,-1.806198,1,S1-2
-7.1175065,-2.1600513,2,S3-6
-7.010898,-2.1558707,2,S3-6
-4.841623,-3.3404763,2,S3-6
-6.3707714,-4.154456,2,S3-6
-3.4845374,-0.598576,0,S0
-2.946897,2.588778,1,S1-2
-6.835796,-4.052385,3,S7-15
3.2156017,1.6358858,0,S0
-6.7880263,-2.1738243,2,S3-6
-7.0365653,-2.4369595,3,S7-15
-7.245569,-2.9952614,3,S7-15
-5.59025,-3.0460603,2,S3-6
-5.4559608,-3.1370952,3,S7-15
0.2685819,1.5848863,0,S0
0.25840482,1.7627825,0,S0
-2.9377174,-0.048027236,0,S0
-4.834367,0.26687747,1,S1-2
-2.467341,0.32739896,0,S0
4.2873464,1.7722528,0,S0
4.1647296,1.665858,0,S0
1.5910537,2.9758117,0,S0
3.7210934,0.8555788,0,S0
3.6351814,0.68586934,0,S0
0.8506121,1.4576981,0,S0
-7.0539694,-3.4662356,3,S7-15
-7.9568844,-3.6094759,4,S16-20
-8.277628,-3.4757876,4,S16-20
-4.8362427,0.6072152,2,S3-6
-4.48271,0.42823607,2,S3-6
-4.472281,0.9415259,2,S3-6
3.038568,2.0548267,0,S0
-6.3072762,-3.3349323,3,S7-15
-6.722801,-3.3863618,3,S7-15
-8.037682,-3.800549,3,S7-15
-7.302387,-0.9540263,2,S3-6
-3.934451,0.96171486,0,S0
-5.5862494,-3.4543407,3,S7-15
-6.1723847,-3.570469,3,S7-15
4.144906,2.3175933,0,S0
3.8755674,1.43384,0,S0
3.6580603,3.4068272,0,S0
3.6488173,2.343147,0,S0
-10.013117,-4.081378,4,S16-20
-2.0481396,-0.12455705,1,S1-2
-9.769585,-3.5247521,3,S7-15
-9.7580185,-3.4407187,3,S7-15
-9.943553,-3.710129,4,S16-20
2.9366238,1.4103719,0,S0
-7.0032434,-3.1804056,3,S7-15
-2.5393875,0.14650705,0,S0
0.9832794,-0.103998564,0,S0
-2.2006054,-0.9317686,1,S1-2
-5.244976,-2.0533307,3,S7-15
1.4982089,3.1619902,0,S0
-5.159081,-2.508851,2,S3-6
-3.5265727,-2.2757232,1,S1-2
2.2797217,2.7756596,0,S0
1.4255657,0.2269468,0,S0
-8.082275,-2.3733814,2,S3-6
-1.0141832,0.18331443,1,S1-2
2.7002563,2.6695309,0,S0
1.7135421,2.7465894,0,S0
1.5427121,2.8000724,0,S0
-9.64238,-4.9110227,4,S16-20
-9.70476,-4.951695,4,S16-20
-8.470952,-3.8696296,3,S7-15
1.2748302,2.6175215,0,S0
-8.687383,-4.8308444,4,S16-20
2.185036,2.3420377,0,S0
-3.9638233,0.5238968,1,S1-2
3.4749835,2.5309849,0,S0
2.5848112,1.6007155,0,S0
1.5994151,0.22699623,0,S0
-7.6966796,-2.664052,3,S7-15
-8.640122,-3.5137124,4,S16-20
-9.151987,-4.253285,4,S16-20
-8.209714,-3.5019243,3,S7-15
-8.745304,-3.385795,4,S16-20
-8.772577,-3.684993,4,S16-20
3.9747286,1.5842483,0,S0
0.28717396,-0.24891338,0,S0
-1.9050424,0.77176225,1,S1-2
0.47435915,2.1894336,0,S0
-2.2719002,0.4283605,0,S0
0.5834284,3.6802797,0,S0
-0.39675322,1.3167425,0,S0
4.0743856,2.2955725,0,S0
-2.459901,-2.0274608,0,S0
-8.33865,-3.9483013,3,S7-15
-1.9021707,0.4232859,0,S0
-8.418509,-2.7646737,3,S7-15
-9.713825,-3.9065135,4,S16-20
-6.6266074,-3.2496276,3,S7-15
-7.553383,-2.4541948,3,S7-15
-0.17078783,2.311483,0,S0
-2.1010332,0.4791269,0,S0
0.9570088,2.8135362,0,S0
-8.109439,-4.2244773,3,S7-15
-8.2453,-4.434523,4,S16-20
-9.060548,-3.3266666,3,S7-15
2.618413,2.1227455,0,S0
0.2905432,1.4332968,0,S0
0.39545208,0.20538686,0,S0
2.759519,2.6770978,0,S0
-2.6010458,-2.163561,1,S1-2
1.2115313,0.51468784,0,S0
-0.6531831,0.9687597,0,S0
0.6081842,-0.26030928,0,S0
3.8664536,2.758772,0,S0
-7.109703,-1.1813322,2,S3-6
-5.7610373,-3.101727,2,S3-6
-0.04395531,2.1435616,0,S0
0.068114705,2.291755,0,S0
2.805796,2.576218,0,S0
-4.0620527,0.6298722,0,S0
0.7935564,3.1275542,0,S0
-3.5214021,-1.6136323,1,S1-2
-9.804898,-3.519702,4,S16-20
-9.943599,-3.5444217,4,S16-20
0.8929004,3.3479412,0,S0
3.1333122,1.9281182,0,S0
2.2889397,-0.16961558,1,S1-2
2.082355,2.015385,0,S0
0.9905666,3.2420697,0,S0
3.644702,2.1060927,0,S0
-7.5083814,-2.224142,3,S7-15
-2.3016086,1.9696048,0,S0
-3.0792842,1.011873,0,S0
0.17948772,0.33557838,0,S0
1.116701,1.3323421,0,S0
-5.75958,-0.89289355,2,S3-6
0.11625738,1.0482919,0,S0
-2.0884278,-0.25307617,1,S1-2
-4.6645174,1.2987585,1,S1-2
4.052734,2.1644247,0,S0
-7.6528316,-3.4116647,3,S7-15
-8.523908,-3.6878822,3,S7-15
-1.4034393,2.4848547,0,S0
-8.053288,-2.4228811,3,S7-15
-6.2182465,-3.0819528,3,S7-15
1.5949503,1.7039204,0,S0
-4.6345944,-0.51135296,1,S1-2
-3.7813878,-1.2112633,1,S1-2
0.1626768,0.2073277,0,S0
1.7211397,2.6304934,0,S0
1.2953026,2.565359,0,S0
1.1568893,2.6211438,0,S0
3.0284314,2.9578397,0,S0
-9.115322,-4.5175195,4,S16-20
1.9601501,2.918732,0,S0
-4.7234607,-2.831004,2,S3-6
0.08401176,2.9177344,0,S0
-0.39965728,2.3060958,0,S0
-1.1212784,1.9406668,0,S0
-2.0985012,2.4880652,0,S0
-4.6893244,-0.58281815,1,S1-2
-6.0749927,-0.41779697,2,S3-6
-7.0420156,-1.53537,2,S3-6
-5.235419,-1.2756068,1,S1-2
-8.524926,-2.95892,3,S7-15
-3.1197107,2.3954232,1,S1-2
-6.0318,-3.3053184,2,S3-6
-3.2920892,0.32044435,1,S1-2
3.645854,0.8001501,0,S0
-0.584588,2.4381368,0,S0
-8.544424,-3.51166,4,S16-20
3.9915297,2.2054417,0,S0
4.1405883,2.1168869,0,S0
2.7013958,2.413791,0,S0
3.6680198,3.0804074,0,S0
0.80804,0.7433893,0,S0
-8.22343,-4.3677564,3,S7-15
-0.4019556,1.0566347,0,S0
1.8198959,1.7670604,0,S0
2.1313605,2.468898,0,S0
3.4939234,3.4204903,0,S0
-8.499939,-2.7000532,4,S16-20
1.8249717,0.60946965,0,S0
-7.1643643,-0.92006093,1,S1-2
3.490929,1.8237541,0,S0
-2.7720501,1.8926544,1,S1-2
0.0255884,3.8762662,0,S0
-0.26452315,1.3282167,0,S0
-4.255809,1.110261,1,S1-2
3.1792815,2.9350126,0,S0
0.2841301,2.717158,0,S0
-6.86073,-0.30195394,2,S3-6
-2.3799696,-0.057955615,1,S1-2
-0.11668322,2.105205,0,S0
-2.0017269,-0.8672735,1,S1-2
-3.106547,1.6110797,0,S0
-0.7457863,1.5257978,0,S0
-5.3803763,-3.1313741,1,S1-2
-1.7546052,0.40792277,0,S0
-0.6267014,-0.2330091,0,S0
-4.4615088,0.08545916,1,S1-2
-7.0649314,-1.0911332,1,S1-2
-5.2897396,0.0062466576,0,S0
1.4887359,1.2745835,0,S0
-6.373638,-1.347263,2,S3-6
-4.0020084,-2.3925395,1,S1-2
-5.3482428,-3.2566426,3,S7-15
1.675605,2.5458355,0,S0
1.7998643,2.656689,0,S0
-0.16846716,2.5231307,0,S0
-7.8294263,-3.343707,3,S7-15
-2.4174862,0.47259116,0,S0
-1.6166558,1.273281,0,S0
-6.371578,-1.3490571,2,S3-6
-8.244483,-2.371484,3,S7-15
0.19312201,-0.05336053,0,S0
-5.516796,-0.8456434,1,S1-2
-1.6014591,1.5604773,0,S0
4.355356,2.198085,0,S0
2.3505585,2.6138122,0,S0
-6.7007895,-0.23194152,1,S1-2
-3.4568756,-0.2877503,1,S1-2
0.014780255,3.3089914,0,S0
2.8289447,1.5895201,0,S0
2.8001404,3.0138018,0,S0
0.5879861,0.41753775,0,S0
-5.673153,-0.42303756,1,S1-2
-4.0920405,1.5044363,1,S1-2
-5.324887,1.0782416,1,S1-2
-7.5621176,-0.87713695,2,S3-6
-1.7946408,0.3467155,0,S0
1.8255986,1.6444614,0,S0
0.6461765,1.3429639,0,S0
-4.1515064,0.3337077,0,S0
-6.194434,0.28761888,2,S3-6
-4.6391926,0.3690363,1,S1-2
-5.796449,-0.18354155,2,S3-6
-3.1000564,1.2744106,0,S0
-7.46267,-1.5194435,2,S3-6
-3.1363778,0.786335,1,S1-2
0.9528653,2.9704685,0,S0
-6.4078345,-1.9841543,2,S3-6
-2.687971,0.83925813,0,S0
-7.181042,-1.6019248,2,S3-6
3.41436,2.3114882,0,S0
0.7401688,2.6739979,0,S0
-1.0347351,1.191866,0,S0
1.815787,1.9057313,0,S0
2.0315578,1.5293894,0,S0
3.077025,2.4001973,0,S0
-1.9466811,2.501712,0,S0
1.0241203,0.36872488,0,S0
-3.6767197,0.20804022,0,S0
-8.022715,-4.4095597,4,S16-20
1.6876857,2.5006392,0,S0
2.246075,1.161203,0,S0
-0.21851198,2.6404767,0,S0
0.29220003,2.184832,0,S0
-8.897073,-4.0760946,3,S7-15
-8.961074,-4.1197834,4,S16-20
-4.424153,1.4610481,0,S0
1.6783394,2.7607372,0,S0
3.4158041,3.0453436,0,S0
3.5857997,2.576773,0,S0
-2.9086847,0.83637005,0,S0
-5.571642,-1.5049565,1,S1-2
-9.923228,-3.6368217,4,S16-20
-2.2251701,1.01358,0,S0
0.1458863,0.9780567,0,S0
-3.0752559,1.9072659,0,S0
3.9485576,2.095344,0,S0
-8.792131,-2.8792524,4,S16-20
-1.263029,1.0662524,1,S1-2
0.6051473,2.4010508,0,S0
-0.43471196,1.124357,0,S0
-6.7566347,-1.593352,2,S3-6
-1.3686446,1.2165883,0,S0
1.1344963,3.2517264,0,S0
-3.0357044,-2.134237,1,S1-2
-0.73019177,2.4992726,0,S0
-0.9635594,0.49577954,0,S0
-9.788821,-3.7196302,4,S16-20
-9.373652,-3.948127,4,S16-20
-4.8381095,-1.2417275,1,S1-2
-5.0844126,-0.96087956,1,S1-2
0.46853584,0.66737795,0,S0
-5.7719984,0.025076177,1,S1-2
-2.9883263,-2.1962774,1,S1-2
-6.7414045,-2.6312757,1,S1-2
-8.638911,-5.1069355,4,S16-20
-2.0815558,-1.881482,1,S1-2
-6.324394,-0.4137358,1,S1-2
-7.405501,-4.047224,3,S7-15
-10.004847,-3.7530077,4,S16-20
-0.22213012,0.66004705,0,S0
-0.45843905,0.5028872,0,S0
-5.0573206,0.36441684,1,S1-2
-3.8777843,1.2150375,0,S0
-0.19409122,1.2266701,0,S0
-3.3989375,0.709664,0,S0
-5.469117,-1.7689769,1,S1-2
-2.8690028,0.42285138,0,S0
-6.11295,-1.4391309,1,S1-2
-3.5433357,-1.8825443,1,S1-2
-6.5610175,-0.492155,2,S3-6
0.89600915,2.862017,0,S0
-0.86892986,0.5646802,0,S0
-2.104904,1.2377373,0,S0
-9.083914,-3.8604977,4,S16-20
-2.9424613,0.8571469,0,S0
-0.9530317,0.1854391,0,S0
-1.6411508,1.6751641,0,S0
-5.8227043,-0.64955384,1,S1-2
-4.4392715,-1.5167019,1,S1-2
-0.07840501,3.4237711,0,S0
-0.5902211,1.9905368,0,S0
-3.5124307,-0.11842156,0,S0
-3.6910758,1.8833482,0,S0
1.2034853,1.6041908,0,S0
-3.0004945,-0.5720098,1,S1-2
-5.744956,-3.102916,3,S7-15
-4.6436963,-2.2719119,1,S1-2
-4.1429057,-0.57036734,1,S1-2
1.6564043,3.4231894,0,S0
0.70801926,0.55721253,0,S0
-2.9032757,-1.598832,1,S1-2
-2.480313,0.48907104,0,S0
-9.496691,-4.880152,4,S16-20
-5.518244,0.6943765,2,S3-6
-2.5860713,1.456364,0,S0
-5.072757,-3.237155,2,S3-6
-3.3879418,-1.9139205,1,S1-2
-7.890605,-1.2074324,2,S3-6
-0.5503213,-0.30677205,0,S0
-5.955093,-0.9575613,2,S3-6
-4.079786,-0.9638183,1,S1-2
-3.0911868,0.29164666,1,S1-2
-8.670137,-2.8649707,4,S16-20
-6.891299,-0.33261853,2,S3-6
-8.181846,-1.948415,3,S7-15
-9.377665,-4.213152,4,S16-20
-2.581703,-1.2546787,0,S0
-2.5705318,0.870641,1,S1-2
-8.084442,-3.2530513,3,S7-15
-3.5018613,-0.052236725,0,S0
-2.5717776,0.9231434,0,S0
-6.108981,-2.9783216,2,S3-6
0.34097186,2.9711041,0,S0
-6.3670154,-0.26896435,1,S1-2
-6.3116,0.5328862,1,S1-2
0.67329156,-0.09501855,0,S0
-7.7600718,-1.0720114,3,S7-15
-5.7754884,0.645897,1,S1-2
2.731988,1.7788545,0,S0
-4.952791,-1.452853,1,S1-2
-5.8643847,-0.05290539,1,S1-2
-3.770838,-0.5507749,0,S0
2.272537,1.2674031,0,S0
-3.610705,1.9002959,0,S0
-7.3594623,-3.0601819,3,S7-15
-6.783115,-2.465497,3,S7-15
-6.3363934,-3.1988342,2,S3-6
-6.962923,-3.1893232,3,S7-15
-0.010780873,-0.6507942,2,S3-6
-3.741087,-0.6648556,1,S1-2
-2.8815398,1.4329469,0,S0
-2.7103908,1.3054882,0,S0
-6.3968525,0.14741567,2,S3-6
2.3117304,2.2046216,0,S0
3.442241,2.424494,0,S0
-2.2053976,0.21043697,0,S0
-8.371822,-3.5975137,3,S7-15
3.4705536,0.7490596,0,S0
-8.492859,-3.8961189,4,S16-20
-3.826316,0.87488073,0,S0
2.4664972,2.287964,0,S0
-2.1423476,-0.703052,1,S1-2
-8.889904,-3.6888614,4,S16-20
-9.620871,-3.7160506,4,S16-20
-0.07168251,2.350186,0,S0
-0.64622545,1.6531168,0,S0
-9.9936285,-3.96515,4,S16-20
-2.5850427,-0.47470206,0,S0
1.3145417,1.4847761,0,S0
0.9460882,0.7026338,0,S0
-6.3664494,-2.8528495,3,S7-15
-1.7220898,3.2612386,0,S0
-0.7170408,2.95287,0,S0
-2.9070504,0.29884443,0,S0
-0.38110995,2.4591131,0,S0
-9.204038,-3.7784014,4,S16-20
-5.1183114,-0.08313209,1,S1-2
-6.0857363,-3.5156193,3,S7-15
-1.940661,2.4078796,0,S0
-1.6880481,0.19969247,0,S0
-2.260395,-0.7958845,0,S0
-6.7987304,-0.5840395,1,S1-2
-3.6295583,-0.721086,1,S1-2
-0.40074193,2.2015588,0,S0
0.6299319,3.3547566,0,S0
-6.552687,-3.2219718,3,S7-15
-5.5530467,0.2781544,0,S0
1.7366346,3.2023032,0,S0
-5.3177238,-1.2304205,1,S1-2
-3.2339442,1.5225393,0,S0
-8.18267,-4.3146434,4,S16-20
-4.3095193,1.0870507,0,S0
-5.060408,0.57854736,1,S1-2
-7.703101,-3.7890718,3,S7-15
-1.1564869,0.65541774,0,S0
-8.490257,-4.6299887,4,S16-20
0.29852638,0.2415062,0,S0
-6.1142807,-2.6064687,3,S7-15
3.5548508,1.9911715,0,S0
3.4734802,3.4974375,0,S0
-4.988311,-0.08014649,0,S0
-1.3641946,0.15472747,0,S0
-8.115692,-3.532574,3,S7-15
-4.6942043,1.1507463,1,S1-2
-2.1638374,1.6477139,0,S0
0.2709795,3.6001313,0,S0
1.0416576,0.95796055,0,S0
-1.2472674,1.5964304,0,S0
-4.126351,-0.9055016,1,S1-2
0.12349671,-0.27244464,0,S0
1.2100449,2.1491628,0,S0
-7.230884,-2.8506904,2,S3-6
0.057943475,3.5521634,0,S0
3.8374057,2.7528455,0,S0
-6.400887,-2.6735427,2,S3-6
-0.8024382,1.7799213,0,S0
-2.7291744,1.940038,0,S0
-9.4704685,-4.256857,4,S16-20
2.9546638,2.9055097,0,S0
-6.2040567,-3.668918,3,S7-15
-4.216523,0.2547444,1,S1-2
-2.8137321,1.073026,0,S0
-1.1115079,0.65657645,0,S0
-8.137803,-1.8144921,3,S7-15
1.7298625,0.81726205,0,S0
0.6941064,2.4166694,0,S0
0.011022935,1.5919671,0,S0
-0.4217623,1.5304309,0,S0
-9.776439,-3.878967,4,S16-20
3.503332,3.3856926,0,S0
-9.72936,-3.9098358,4,S16-20
1.0722886,2.8111217,0,S0
4.283471,2.439519,0,S0
-7.404062,-1.5714989,2,S3-6
-7.4631796,-1.957551,2,S3-6
-6.63515,-0.5576768,2,S3-6
-1.2134991,0.890359,0,S0
-0.21633387,3.013698,0,S0
-6.9586897,-2.8489165,3,S7-15
-5.9793158,-2.8344977,3,S7-15
-2.5361886,-1.6251215,1,S1-2
-5.690153,-0.5464151,1,S1-2
-3.711285,0.31240287,0,S0
0.4619596,2.07697,0,S0
-5.5050735,-2.39474,1,S1-2
0.7237879,1.5239199,0,S0
2.5324402,2.893748,0,S0
-4.2515674,-0.9906463,1,S1-2
2.245485,3.1019182,0,S0
-5.6947865,-1.322545,1,S1-2
-9.194592,-4.420538,4,S16-20
-4.6173387,1.3958927,0,S0
-7.838823,-1.2411923,2,S3-6
-2.4607234,-0.7469949,0,S0
-1.9213403,1.5794536,0,S0
-2.5550833,0.7619258,0,S0
-7.186132,-1.1002975,2,S3-6
-6.4857,-0.20542397,1,S1-2
-1.7723049,-0.31672835,0,S0
0.20860852,3.3478742,0,S0
-5.2901783,-0.62962717,1,S1-2
3.2044098,3.6301823,0,S0
-3.158469,-0.10839635,0,S0
-4.136236,-2.259924,1,S1-2
0.1983692,1.7484668,0,S0
-5.9525905,-1.5715916,1,S1-2
-2.0113876,0.962259,0,S0
-6.314666,-1.8736037,2,S3-6
-6.7070465,0.0002720055,2,S3-6
-7.9719934,-2.2789814,2,S3-6
-0.16743302,1.7033535,0,S0
0.46507937,1.3725117,0,S0
-1.930948,1.734466,0,S0
-4.8484335,1.2239163,0,S0
3.2854314,0.7703572,0,S0
0.057126638,3.8552604,0,S0
-1.1273639,0.120972544,0,S0
3.0392077,3.3056679,0,S0
-7.694975,-2.3556435,3,S7-15
-1.6644002,0.9047662,0,S0
1.2911571,2.6896586,0,S0
0.3314956,-0.071388155,0,S0
2.8591707,2.404228,0,S0
-3.0844593,-0.07947476,1,S1-2
-1.1032293,-0.20410325,0,S0
3.612916,2.6344635,0,S0
2.2499025,0.57121646,0,S0
3.2173846,1.8453726,0,S0
0.23119077,0.12756212,0,S0
2.4921253,2.1355336,0,S0
-4.593291,-0.8243442,1,S1-2
-0.703256,0.3789835,0,S0
2.963857,3.4493487,0,S0
-7.7843466,-3.4846814,3,S7-15
-1.2711097,2.4717822,0,S0
-3.5533814,1.3966063,0,S0
-1.7952918,-0.073373035,1,S1-2
-4.5755258,-1.0376066,1,S1-2
-7.9566607,-2.519166,3,S7-15
2.1627023,1.4958619,0,S0
-1.7584327,-0.15325798,0,S0
-2.92404,0.2535271,0,S0
-4.4067054,-0.042903617,1,S1-2
-9.269251,-4.5932584,4,S16-20
-2.6434464,1.2926775,0,S0
-0.8548561,1.6403252,0,S0
0.0033205193,0.71670514,0,S0
-6.196665,-0.1659713,1,S1-2
-8.441723,-4.5891643,4,S16-20
0.38720697,2.0834343,0,S0
-3.016881,-0.4719209,1,S1-2
-0.89847225,1.3976328,0,S0
0.95673805,2.9210308,0,S0
1.2350591,1.2332805,0,S0
1.2146428,3.4952025,0,S0
3.8316462,2.7122703,0,S0
-3.314833,-2.3953564,1,S1-2
-1.7881911,0.5982282,0,S0
-5.457983,-0.4897689,1,S1-2
-7.6613407,-1.071555,2,S3-6
-4.80509,-0.5379858,2,S3-6
-1.9455163,0.68971956,0,S0
-5.524665,-0.3205162,1,S1-2
-6.0005994,-0.58342516,2,S3-6
-2.2156606,0.6599465,0,S0
-3.736918,1.0550611,0,S0
-4.523098,-0.54745764,1,S1-2
2.2117717,1.0693142,0,S0
-1.4415417,2.6971114,0,S0
-4.6505365,-1.0206228,1,S1-2
0.43004885,2.5855582,0,S0
-3.8600416,-1.9435983,1,S1-2
-1.2075055,-0.7163564,0,S0
-2.4031575,0.6213495,0,S0
-0.1259826,0.810051,0,S0
-3.5134192,2.0170166,0,S0
-2.598849,0.9636114,0,S0
0.12512459,1.9303974,0,S0
-7.5555167,-2.1642008,2,S3-6
-3.2072659,-0.45491672,1,S1-2
-3.6766655,-2.7924807,1,S1-2
-1.8880315,2.2684252,0,S0
-6.306943,-1.5388901,3,S7-15
-3.7533388,2.3592608,1,S1-2
2.287313,2.1248968,0,S0
3.7108197,1.9543718,0,S0
-1.282683,1.3618845,0,S0
-0.5784807,3.1797695,0,S0
0.21109498,1.7194898,0,S0
1.0854291,0.96857363,0,S0
-1.7692426,2.326805,0,S0
-1.8871447,-1.7682381,0,S0
-10.157695,-4.151336,4,S16-20
-6.105258,-3.3274121,2,S3-6
-0.48406073,2.095701,0,S0
-4.427833,0.6941703,1,S1-2
-6.120569,-2.4549012,2,S3-6
-2.3865478,-1.5869505,0,S0
-0.16433851,0.4502348,0,S0
1.0580778,2.9868984,0,S0
-8.565812,-4.8065314,4,S16-20
3.2994792,2.3304648,0,S0
0.019745594,0.3705361,0,S0
-1.1089839,1.753629,0,S0
3.878739,2.9634564,0,S0
-4.4197717,1.5359399,0,S0
-5.3659472,0.82729775,1,S1-2
-4.4346604,-2.527508,2,S3-6
-1.4896679,1.322957,0,S0
-2.5174196,2.1351564,0,S0
-2.0558057,1.3915726,0,S0
-3.0026271,0.585358,1,S1-2
1.8084273,1.8396691,0,S0
-9.541995,-3.6077495,4,S16-20
4.067887,1.7645909,0,S0
0.52956384,2.4042666,0,S0
-5.6982703,0.0747841,1,S1-2
-2.3237405,2.3203847,0,S0
-1.2039859,-0.23974569,1,S1-2
-4.9489584,-0.25511742,1,S1-2
-7.4952593,-2.5358593,3,S7-15
-3.722133,0.60081655,0,S0
-7.531719,-3.0743887,2,S3-6
-6.9148726,-1.3891542,2,S3-6
3.6332047,2.7571242,0,S0
-4.849941,0.7570202,1,S1-2
-1.6459737,1.1743462,0,S0
-1.4608183,-0.08847658,0,S0
-2.4184866,1.6716193,0,S0
-3.365723,0.76843137,0,S0
-6.5366435,-2.7359095,2,S3-6
-6.7166567,-2.9037895,2,S3-6
-9.263434,-4.3938565,4,S16-20
-1.2344531,0.08359481,0,S0
0.82429165,3.3000996,0,S0
-6.9147153,-1.4640483,2,S3-6
-0.04995687,0.9475402,0,S0
-3.079916,-0.937489,0,S0
-9.388513,-3.6204686,4,S16-20
0.75242215,2.9421997,0,S0
-8.518912,-4.9238863,4,S16-20
-4.8121805,-1.7549046,2,S3-6
3.679101,0.97619987,0,S0
-0.8593542,0.9220978,0,S0
1.4010426,-0.12294833,0,S0
0.9789671,2.1018717,0,S0
-3.3274765,0.072940215,1,S1-2
-1.4995633,0.04106504,0,S0
3.7580538,3.3689792,0,S0
-5.630649,-4.2219267,1,S1-2
3.0281265,2.3984997,0,S0
-0.32217687,0.78570807,0,S0
-2.935167,2.3409028,0,S0
-4.3949,-0.6033128,1,S1-2
-0.49370828,0.24347362,0,S0
-5.547736,-1.4118724,2,S3-6
1.5362344,2.976683,0,S0
2.8650575,3.1602907,0,S0
-5.664557,0.004452085,2,S3-6
-2.3012218,0.49620834,0,S0
-0.9083556,2.396291,0,S0
3.494031,1.5010409,0,S0
-9.309836,-5.0120134,4,S16-20
-2.5027573,2.1264892,0,S0
-3.7352974,-0.81183183,0,S0
-1.1475127,1.1727335,0,S0
-0.4202773,2.1931176,0,S0
-7.7460284,-3.3015854,3,S7-15
-3.8378983,-2.355546,1,S1-2
-2.4937687,1.8961529,0,S0
-0.48418579,1.0689372,0,S0
-7.2109494,-2.0155613,2,S3-6
-4.1787105,-0.33513755,1,S1-2
-6.8852677,-0.4427425,2,S3-6
4.3270316,2.2080517,0,S0
-2.9247031,0.9159262,0,S0
-7.0199056,-1.7564132,2,S3-6
-3.053181,0.913455,0,S0
-0.8231533,0.5146125,1,S1-2
-9.14675,-5.042992,4,S16-20
-7.329272,-2.9050832,3,S7-15
-4.6102057,-0.19779277,1,S1-2
-3.046986,-0.12070149,0,S0
-6.1445966,-2.669435,2,S3-6
-7.706974,-1.8054854,2,S3-6
-5.899091,0.033816237,1,S1-2
-2.2035344,-0.56682867,0,S0
-5.6234856,-2.763235,2,S3-6
-2.0696402,-1.3995587,1,S1-2
-1.2547336,2.1434014,0,S0
-7.9566746,-3.0415704,3,S7-15
-6.8521714,-0.5304397,1,S1-2
-5.7701483,-2.3963552,1,S1-2
-7.955291,-1.4854656,2,S3-6
-6.8371925,-2.3105397,2,S3-6
0.8470175,3.7655013,0,S0
-5.819716,0.3761772,1,S1-2
-7.1498184,-0.56190604,2,S3-6
1.8280116,3.4349287,0,S0
-2.4634762,1.1341513,1,S1-2
-6.2228684,0.2957311,2,S3-6
-2.4707127,0.4935618,1,S1-2
-0.13931352,1.9331623,0,S0
-2.6124856,-1.2999322,1,S1-2
-3.6975572,-0.9459431,0,S0
-1.6796446,2.6647015,0,S0
-0.9904957,0.6114751,0,S0
2.1053526,-0.028432386,0,S0
1.2079403,0.6280946,0,S0
0.5991544,2.2157469,0,S0
-3.6670985,-0.8674308,0,S0
-3.0194197,2.6261892,0,S0
-0.23110732,0.08131364,0,S0
-2.6482196,2.6303856,0,S0
-1.9023174,1.3823998,0,S0
-1.4058398,-0.32777286,0,S0
-6.293393,-0.7078495,1,S1-2
-5.485496,-0.023801662,1,S1-2
-3.3296824,-0.12738162,0,S0
-4.4205637,0.5846815,1,S1-2
-7.9097857,-3.4511905,3,S7-15
-1.4706036,2.3365834,0,S0
-1.8477846,1.4301049,0,S0
-3.3793614,-1.0554554,1,S1-2
1.9845407,1.6447775,0,S0
-0.36518973,1.0799837,0,S0
-4.756213,1.0621142,2,S3-6
-3.0750828,0.07935931,1,S1-2
3.6852856,3.4638572,0,S0
-2.7750158,0.48940086,0,S0
2.6783695,2.8460975,0,S0
-7.1960397,-0.96204793,2,S3-6
-4.9321537,1.1979505,2,S3-6
-2.6355243,-0.5599807,1,S1-2
-2.8054178,1.2550817,1,S1-2
2.8005335,2.9616916,0,S0
-4.896159,1.1540496,0,S0
-0.31005955,1.7310523,0,S0
1.0818805,3.1744592,0,S0
-6.0494676,-1.0063142,2,S3-6
-0.6254599,0.006811095,0,S0
-2.2616775,-0.31818002,1,S1-2
-5.084113,1.019705,1,S1-2
0.73482066,2.7317216,0,S0
0.0978121,2.507871,0,S0
0.8393108,2.9983232,0,S0
-4.2087307,-0.5491242,0,S0
-0.45061165,0.5457233,0,S0
-2.4395866,2.4092543,0,S0
-5.4036627,-2.953073,1,S1-2
2.9333758,2.1623075,0,S0
3.1589499,3.5459077,0,S0
2.6336296,2.2188978,0,S0
-1.9482223,0.19772619,1,S1-2
-1.4161147,1.6263816,0,S0
-1.6460382,-0.079941295,0,S0
-3.377871,-2.301393,1,S1-2
-7.156423,-1.2257373,2,S3-6
0.3207089,1.5456301,0,S0
-1.3961939,2.1683056,0,S0
1.0607834,2.9804928,0,S0
-8.966359,-3.7366095,4,S16-20
-2.707043,-2.176788,1,S1-2
-0.17675358,0.75382686,0,S0
1.0518214,3.1362169,0,S0
-3.2259746,-2.1479208,1,S1-2
-0.5599428,2.5727878,0,S0
-0.42219767,1.5022773,0,S0
-9.859146,-3.7796967,4,S16-20
-6.3112144,-2.2054172,2,S3-6
3.6205842,3.379871,0,S0
-3.9848602,-2.1907568,1,S1-2
-5.485244,-0.37513745,1,S1-2
0.40242183,1.6029571,0,S0
-1.204864,0.61424196,0,S0
-3.022237,2.4809802,0,S0
-8.135827,-4.168753,4,S16-20
1.7192135,1.8752307,0,S0
1.197636,3.3119366,0,S0
-3.0759134,1.049272,0,S0
-3.3397274,1.330458,1,S1-2
0.6092035,2.4796047,0,S0
-2.4909484,2.882079,0,S0
3.0397692,0.37980607,0,S0
-6.611809,-2.1987,2,S3-6
2.5092702,1.6323109,0,S0
-5.4627385,-0.46848157,1,S1-2
-2.3302238,1.1250353,0,S0
1.702989,3.0734243,0,S0
-0.2908153,1.4036155,0,S0
-2.9549735,1.8268179,0,S0
-0.071628414,-0.59120256,1,S1-2
-6.791732,-2.1190078,3,S7-15
-4.837437,-2.9979024,1,S1-2
-1.2544016,1.7306545,0,S0
-0.03352173,0.56737375,0,S0
-0.4140745,2.9771655,0,S0
-3.1200092,-1.5831488,1,S1-2
-3.0578961,2.2134957,0,S0
0.45357215,3.0589821,0,S0
-1.5967821,0.27125087,0,S0
0.3617287,2.7714264,0,S0
-3.1578221,0.61047447,1,S1-2
-3.818835,0.08249574,1,S1-2
0.25753948,1.4655418,0,S0
-0.7772835,-0.15677205,0,S0
-2.0477505,-1.6600604,0,S0
-8.707306,-4.0911536,3,S7-15
-1.3016386,1.9916954,0,S0
-0.19328211,2.383558,0,S0
-3.8518195,-0.8696068,1,S1-2
-6.21428,-0.28255472,2,S3-6
-6.266483,-3.3436983,2,S3-6
0.36997563,0.75741476,0,S0
-8.717717,-4.09438,4,S16-20
-3.123467,0.63997656,0,S0
-8.136133,-3.4720938,3,S7-15
1.963559,0.55045867,1,S1-2
0.7450969,0.33108768,0,S0
2.5220995,1.0856314,0,S0
3.330618,1.8266128,0,S0
-1.5219271,2.3081214,0,S0
-3.7290945,-1.0498455,1,S1-2
2.8529253,2.3824368,0,S0
-5.9271054,-4.273256,2,S3-6
-5.2642126,0.9086233,1,S1-2
-0.79938716,1.192455,0,S0
0.09450074,1.5367072,0,S0
-5.6206822,-1.4059904,1,S1-2
-3.0278416,-2.2213185,1,S1-2
-1.8187658,1.1071304,0,S0
-0.46060818,0.28350443,0,S0
3.0872161,1.9945992,0,S0
-1.7898778,0.5838255,0,S0
-8.785928,-3.1666856,4,S16-20
-3.983682,-2.514042,1,S1-2
-2.650264,1.757865,0,S0
-1.6674294,-1.7774569,0,S0
-6.405008,-2.1254056,2,S3-6
-6.9204464,-1.9653392,3,S7-15
0.40876037,1.7968212,0,S0
-4.534232,-0.738784,1,S1-2
-3.216829,-0.6088505,0,S0
-2.5770962,-2.2491493,1,S1-2
-9.863295,-3.935262,4,S16-20
-10.020785,-4.6065927,4,S16-20
-1.8092408,-1.8507375,1,S1-2
-3.0524156,-2.247753,2,S3-6
