map_name,subtype_label,stage,n_samples,CTX_LH_BANKSSTS_SUVR,CTX_LH_CAUDALANTERIORCINGULATE_SUVR,CTX_LH_CAUDALMIDDLEFRONTAL_SUVR,CTX_LH_CUNEUS_SUVR,CTX_LH_ENTORHINAL_SUVR,CTX_LH_FUSIFORM_SUVR,CTX_LH_INFERIORPARIETAL_SUVR,CTX_LH_INFERIORTEMPORAL_SUVR,CTX_LH_ISTHMUSCINGULATE_SUVR,CTX_LH_LATERALOCCIPITAL_SUVR,CTX_LH_LATERALORBITOFRONTAL_SUVR,CTX_LH_LINGUAL_SUVR,CTX_LH_MEDIALORBITOFRONTAL_SUVR,CTX_LH_MIDDLETEMPORAL_SUVR,CTX_LH_PARAHIPPOCAMPAL_SUVR,CTX_LH_PARACENTRAL_SUVR,CTX_LH_PARSOPERCULARIS_SUVR,CTX_LH_PARSORBITALIS_SUVR,CTX_LH_PARSTRIANGULARIS_SUVR,CTX_LH_PERICALCARINE_SUVR,CTX_LH_POSTCENTRAL_SUVR,CTX_LH_POSTERIORCINGULATE_SUVR,CTX_LH_PRECENTRAL_SUVR,CTX_LH_PRECUNEUS_SUVR,CTX_LH_ROSTRALANTERIORCINGULATE_SUVR,CTX_LH_ROSTRALMIDDLEFRONTAL_SUVR,CTX_LH_SUPERIORFRONTAL_SUVR,CTX_LH_SUPERIORPARIETAL_SUVR,CTX_LH_SUPERIORTEMPORAL_SUVR,CTX_LH_SUPRAMARGINAL_SUVR,CTX_LH_FRONTALPOLE_SUVR,CTX_LH_TEMPORALPOLE_SUVR,CTX_LH_TRANSVERSETEMPORAL_SUVR,CTX_LH_INSULA_SUVR
common_stage0,common,0.0,1138,1.081108963093146,0.9755878734622142,1.0899411247803164,0.9965931458699472,1.1551662269129288,1.1415114235500878,1.1250799648506151,1.2525492091388402,1.0248031634446395,1.1395263620386642,1.1007126537785588,1.031939367311072,1.057,1.1732882249560632,1.0865013192612138,1.0519472759226711,1.0948101933216168,1.1708216168717047,1.1107056239015818,0.8909428822495606,1.0222144112478029,1.0170395430579966,1.0158690685413003,1.0674657293497365,0.9907170474516696,1.0993198594024602,1.0819657293497364,1.080158172231986,1.090969244288225,1.1153040421792615,1.1790861159929702,1.107153913808267,0.9188884007029876,1.0584077328646748
subtype1_stage1,subtype1,1.0,117,1.1599316239316235,1.0299145299145298,1.1608888888888889,1.0277863247863248,1.483094017094017,1.2548632478632478,1.2007863247863246,1.3868034188034188,1.123136752136752,1.199905982905983,1.1863076923076925,1.0865384615384617,1.1481880341880342,1.2755555555555556,1.2916581196581196,1.0978034188034187,1.156581196581197,1.2503076923076926,1.1821282051282052,0.9005897435897436,1.0502136752136753,1.0816666666666668,1.0493333333333332,1.1440427350427351,1.0557179487179489,1.1765641025641027,1.1465555555555556,1.1209743589743593,1.1667606837606834,1.184760683760684,1.2252393162393165,1.2267692307692308,0.9333675213675214,1.1473589743589745
subtype1_stage2,subtype1,2.0,76,1.210671052631579,1.0367236842105263,1.1680263157894737,1.0350394736842103,1.884157894736842,1.3123552631578943,1.2363421052631578,1.4603026315789474,1.1655921052631577,1.2153421052631574,1.1951973684210524,1.107842105263158,1.1790131578947367,1.3385657894736842,1.445342105263158,1.0774736842105264,1.1580526315789474,1.2344736842105264,1.1732894736842103,0.8992894736842105,1.0580394736842105,1.100657894736842,1.0535131578947368,1.1483552631578948,1.055105263157895,1.1828552631578948,1.1566184210526314,1.1347894736842103,1.195171052631579,1.2012236842105264,1.2564736842105266,1.361013157894737,0.9244210526315788,1.1833289473684212
subtype1_stage3,subtype1,3.0,6,1.1641666666666668,1.0298333333333332,1.1195,0.9903333333333334,2.3158333333333334,1.2796666666666667,1.276166666666667,1.4551666666666667,1.344,1.213,1.1371666666666669,1.0661666666666665,1.1731666666666667,1.332833333333333,1.6213333333333333,0.9863333333333334,1.1306666666666667,1.1488333333333334,1.1478333333333337,0.9025,1.0523333333333331,1.2406666666666666,1.0178333333333334,1.2234999999999998,1.084666666666667,1.2383333333333333,1.156,1.1126666666666667,1.1761666666666668,1.2403333333333333,1.3390000000000002,1.4556666666666669,0.8758333333333334,1.1765
subtype1_stage4,subtype1,4.0,19,1.2679473684210525,1.076684210526316,1.185578947368421,1.0442105263157897,2.258368421052632,1.4044736842105263,1.3248947368421051,1.6135263157894737,1.3621578947368422,1.2420526315789473,1.2813157894736842,1.158157894736842,1.259,1.433315789473684,1.6528421052631577,1.0816842105263158,1.1875263157894738,1.2848421052631578,1.2272631578947368,0.9463684210526316,1.041736842105263,1.2568947368421053,1.0309473684210526,1.2750526315789472,1.104684210526316,1.2368947368421053,1.1864736842105263,1.1565263157894738,1.2492631578947366,1.2583157894736845,1.2427368421052631,1.5301578947368422,0.922578947368421,1.2604736842105264
subtype1_stage5,subtype1,5.0,20,1.3373,1.0712500000000005,1.299,1.10935,2.1094,1.53985,1.4301,1.77455,1.3935,1.3087000000000002,1.26545,1.19125,1.23965,1.5609000000000002,1.71695,1.13605,1.23725,1.2899999999999998,1.2506499999999998,0.9319500000000002,1.1188,1.22155,1.11395,1.2797,1.0928999999999998,1.2513,1.22995,1.2444499999999998,1.2991500000000002,1.3004000000000002,1.2675,1.4906,0.9669000000000002,1.24975
subtype1_stage6,subtype1,6.0,9,1.3012222222222225,1.0353333333333332,1.2141111111111114,0.9905555555555556,1.908,1.4964444444444445,1.321777777777778,1.6914444444444443,1.2990000000000002,1.1828888888888889,1.282111111111111,1.0698888888888891,1.1847777777777777,1.463,1.6075555555555556,0.9728888888888888,1.1694444444444445,1.3725555555555555,1.2275555555555555,0.8376666666666667,1.0769999999999995,1.161888888888889,1.0873333333333333,1.144777777777778,1.0675555555555554,1.1802222222222225,1.1700000000000002,1.1764444444444446,1.2597777777777777,1.257111111111111,1.1524444444444444,1.5505555555555557,0.9147777777777778,1.1933333333333334
subtype1_stage7,subtype1,7.0,15,1.4948,0.9950666666666668,1.3198,1.128,2.055066666666667,1.6096666666666668,1.4847333333333332,1.9244,1.3299999999999998,1.292,1.2623333333333335,1.1359333333333337,1.2381333333333335,1.7207333333333332,1.6317333333333337,1.0768,1.2372666666666663,1.3030666666666668,1.203466666666667,0.9206,1.0712,1.2500666666666669,1.0834666666666666,1.2873333333333332,1.0795333333333332,1.2404666666666668,1.2453333333333334,1.2220666666666666,1.3872666666666666,1.356,1.2206,1.6326666666666667,0.9874,1.2629333333333332
subtype1_stage8,subtype1,8.0,6,1.466,1.1015,1.5520000000000005,1.163,2.2583333333333337,1.9325,1.4260000000000002,2.3543333333333334,1.4508333333333334,1.3786666666666667,1.336166666666667,1.6073333333333333,1.2956666666666667,2.1326666666666667,1.9725,1.149333333333333,1.3283333333333334,1.2736666666666665,1.24,1.109,1.088,1.3031666666666666,1.1233333333333333,1.2936666666666667,1.1291666666666669,1.287,1.3116666666666663,1.2083333333333333,1.455,1.3766666666666667,1.319,1.967833333333333,0.9558333333333332,1.3496666666666668
subtype1_stage9,subtype1,9.0,12,2.110583333333333,1.0826666666666669,1.4329166666666664,1.038,2.14875,1.9700833333333327,1.869916666666667,2.4251666666666667,1.6344166666666669,1.3644999999999998,1.321583333333333,1.223833333333333,1.3075,2.1184166666666666,1.8908333333333327,1.075416666666667,1.2767499999999998,1.3141666666666667,1.241,0.922,1.0463333333333331,1.3804166666666668,1.0855833333333331,1.4454166666666666,1.1815833333333332,1.2695,1.2879166666666666,1.2614166666666669,1.55225,1.57175,1.2668333333333333,1.7409166666666671,0.9050833333333332,1.3163333333333334
subtype1_stage10,subtype1,10.0,6,3.483333333333333,1.1813333333333331,1.6238333333333337,0.9256666666666667,2.2393333333333336,3.133833333333333,2.7161666666666666,3.5791666666666675,1.8471666666666664,1.6021666666666663,1.4276666666666664,1.3016666666666667,1.4276666666666669,3.3078333333333334,2.3418333333333337,1.0126666666666664,1.3455,1.4163333333333334,1.2876666666666667,0.7128333333333333,1.066,1.8333333333333333,1.1083333333333334,1.9581666666666668,1.1931666666666667,1.3035,1.383,1.5008333333333332,1.9793333333333336,2.366,1.2968333333333333,1.8391666666666664,0.6273333333333333,1.5413333333333334
subtype1_stage11,subtype1,11.0,7,2.141428571428571,1.0797142857142858,1.5324285714285717,1.035,2.1635714285714287,2.050428571428572,2.029142857142857,2.775714285714286,1.8024285714285715,1.449142857142857,1.317,1.1962857142857144,1.350857142857143,2.400714285714286,1.8471428571428568,1.2624285714285717,1.288,1.299,1.2484285714285712,0.8815714285714285,1.102285714285714,1.6657142857142857,1.1271428571428572,1.6334285714285717,1.243142857142857,1.3685714285714283,1.3888571428571428,1.429857142857143,1.6649999999999998,1.6018571428571426,1.392285714285714,1.8220000000000005,0.8967142857142857,1.4154285714285717
subtype1_stage12,subtype1,12.0,6,1.741,1.0106666666666668,1.234,1.2259999999999998,2.1410000000000005,1.8718333333333337,1.870333333333333,2.4235,1.5736666666666668,1.5015,1.282166666666667,1.153,1.269,2.0458333333333334,1.8693333333333333,1.0356666666666663,1.1791666666666667,1.3096666666666668,1.158,0.867,1.0696666666666668,1.3451666666666666,1.034,1.6075,1.1156666666666666,1.2416666666666665,1.1966666666666668,1.5356666666666667,1.3871666666666669,1.5448333333333333,1.3115,1.6208333333333331,0.8544999999999999,1.2691666666666668
subtype1_stage13,subtype1,13.0,7,2.044714285714285,1.099,1.3467142857142858,1.353,2.3222857142857145,1.8185714285714285,2.0215714285714284,2.1782857142857144,1.639857142857143,1.5571428571428572,1.374142857142857,1.282714285714286,1.287,2.0355714285714286,1.7411428571428569,1.1587142857142858,1.27,1.3847142857142856,1.2571428571428571,1.051142857142857,1.1557142857142857,1.495,1.1205714285714286,1.7912857142857146,1.1384285714285716,1.3552857142857142,1.2664285714285712,1.81,1.5085714285714285,1.6087142857142858,1.3369999999999995,1.560857142857143,0.9948571428571428,1.3218571428571428
subtype1_stage14,subtype1,14.0,16,2.091125,1.136,1.7270625,1.0588125,2.1580625,1.8008125,1.990625,2.3490625,1.779,1.360375,1.4228125,1.159125,1.323375,2.0820625,1.8828125,1.1238125,1.3956875000000002,1.478,1.344625,0.899875,1.1253125,1.6204375,1.20075,1.700625,1.13075,1.606625,1.4356875,1.468125,1.49425,1.82425,1.4781875,1.5905,0.7742500000000001,1.34225
subtype1_stage15,subtype1,15.0,4,2.21225,1.23375,1.81325,1.05925,2.152,1.90475,2.21625,2.5665000000000004,1.9185,1.2939999999999998,1.463,1.15975,1.467,2.4285,2.0455,1.345,1.57475,1.45025,1.487,0.92625,1.5305,1.813,1.3005,2.093,1.24225,1.58675,1.56025,1.4847500000000002,1.7735,2.105,1.59425,1.76225,0.9725,1.3650000000000002
subtype1_stage16,subtype1,16.0,27,2.292851851851852,1.4715555555555555,2.3165925925925928,1.0113333333333332,2.208037037037037,1.9591111111111112,2.195407407407408,2.7000740740740747,1.9554814814814816,1.3664074074074075,1.9212222222222224,1.1882962962962962,1.735259259259259,2.5682592592592592,2.0445185185185184,1.2071481481481483,1.9868888888888887,1.8776666666666664,1.759259259259259,0.9398148148148148,1.4088518518518516,1.9361111111111111,1.436111111111111,1.9840740740740743,1.4356296296296296,2.182259259259259,2.023629629629629,1.6140370370370367,1.7485925925925925,2.141,1.8782962962962964,1.814148148148148,0.883888888888889,1.603259259259259
subtype1_stage17,subtype1,17.0,10,3.1512,1.5073,2.7012,1.1606999999999998,2.3074,2.3745000000000003,2.8671,3.1279000000000003,2.1636,1.6668000000000005,2.1152,1.3837,1.734,2.8774999999999995,2.1184,1.2112,2.3273,1.6712000000000002,1.9913,1.0012,1.4684,2.1536,1.5926,2.4622,1.4792,2.6666000000000003,2.2713,2.0489,1.9917,2.5894000000000004,1.8132,1.8752,0.988,1.7558
subtype1_stage18,subtype1,18.0,10,4.6969,1.3330000000000002,2.9445,1.4973,2.5866,3.4675,3.8281,4.0977,2.8286,2.6762,2.2058,1.7883,1.8823,3.9618,2.2608,1.0696,2.4136,1.905,2.0982000000000003,0.8603,1.2884,2.3243,1.5038,2.7158,1.5677,2.2825,1.9633000000000005,2.2251000000000003,2.7499,2.935,1.6073999999999995,2.2382,0.9625,2.0489
subtype1_stage19,subtype1,19.0,10,3.7342,1.3975,2.4489,1.6497,2.6698,3.3982,3.1587,3.8025000000000007,2.3996000000000004,2.7033,2.1131,1.8216,1.8571,3.3519000000000005,2.3693,1.1853000000000002,2.2405000000000004,1.9693,1.9532000000000005,1.1616,1.4214,2.1288,1.4916,2.4194,1.4803000000000002,2.3132,1.9055,2.3774,2.5628,2.7436,1.8563000000000005,2.5091,1.0326,1.8656
subtype1_stage20,subtype1,20.0,1,4.47,1.131,3.769,2.1,1.695,2.442,4.28,3.522,3.318,3.406,2.953,1.86,1.88,3.456,1.582,0.875,3.603,3.506,3.451,0.881,1.21,2.704,1.597,3.286,1.256,4.213,2.106,2.855,1.796,2.787,2.296,1.256,0.799,1.691
subtype2_stage1,subtype2,1.0,95,1.238957894736842,1.0608105263157894,1.2206526315789474,1.1292315789473684,1.3096526315789474,1.2553263157894736,1.3063157894736843,1.3781789473684207,1.0995263157894737,1.262052631578947,1.2272842105263155,1.112463157894737,1.1865263157894734,1.3001684210526314,1.1903263157894737,1.1660421052631578,1.2030315789473685,1.2916947368421057,1.229231578947369,0.9880947368421052,1.140642105263158,1.126915789473684,1.1214736842105264,1.221810526315789,1.0639263157894734,1.2313157894736844,1.1928947368421052,1.2331473684210523,1.2154947368421052,1.2773157894736842,1.2760842105263157,1.211105263157895,1.0079263157894738,1.143042105263158
subtype2_stage2,subtype2,2.0,89,1.2962808988764043,1.0866629213483143,1.249,1.137887640449438,1.3379775280898876,1.334674157303371,1.3273370786516854,1.451584269662921,1.1789550561797753,1.316674157303371,1.255820224719101,1.174191011235955,1.2189101123595505,1.378134831460674,1.2412247191011236,1.1502359550561798,1.2328988764044944,1.2996404494382023,1.2497977528089887,1.060325842696629,1.1282584269662923,1.167325842696629,1.1269887640449436,1.2450898876404493,1.1045730337078652,1.255752808988764,1.2252022471910111,1.2327977528089888,1.248303370786517,1.2787977528089889,1.281438202247191,1.2633258426966292,0.9940337078651684,1.16938202247191
subtype2_stage3,subtype2,3.0,57,1.306859649122807,1.1287894736842106,1.2612105263157891,1.159736842105263,1.4406140350877192,1.3554561403508774,1.3702631578947366,1.4975438596491228,1.2145087719298246,1.3500701754385964,1.2696140350877194,1.2034210526315787,1.224140350877193,1.4074912280701757,1.322035087719298,1.1793157894736843,1.246140350877193,1.3289824561403512,1.274561403508772,1.044157894736842,1.1376491228070174,1.2029649122807016,1.1414736842105262,1.2727894736842107,1.1203684210526317,1.265245614035088,1.240421052631579,1.2798245614035086,1.2535964912280702,1.295473684210526,1.2994210526315788,1.282052631578947,1.0199473684210527,1.1914385964912282
subtype2_stage4,subtype2,4.0,31,1.369774193548387,1.1235161290322582,1.271774193548387,1.202161290322581,1.4695806451612907,1.434225806451613,1.388225806451613,1.5389032258064514,1.2408709677419354,1.394806451612903,1.300322580645161,1.2656451612903228,1.2670967741935484,1.447741935483871,1.33158064516129,1.2038709677419357,1.2640967741935485,1.3513225806451614,1.289483870967742,1.1007419354838712,1.1649677419354838,1.1963870967741934,1.1631612903225803,1.282483870967742,1.1289032258064515,1.2933870967741936,1.2682580645161292,1.2839354838709678,1.3073870967741934,1.3151612903225804,1.3362580645161295,1.3025806451612902,1.0536774193548388,1.2103548387096774
subtype2_stage5,subtype2,5.0,35,1.4125714285714288,1.1224285714285716,1.3246285714285717,1.187257142857143,1.6336857142857144,1.450885714285714,1.4162571428571429,1.6327142857142856,1.260257142857143,1.3877999999999997,1.3036857142857143,1.2298,1.285371428571429,1.501342857142857,1.4220285714285714,1.2036857142857142,1.3020000000000005,1.3772000000000002,1.324942857142857,1.0617714285714286,1.2006571428571429,1.2557714285714283,1.1931142857142858,1.2881714285714283,1.1458285714285714,1.3199714285714288,1.3190857142857146,1.322114285714286,1.3424571428571428,1.357371428571429,1.3836000000000002,1.399857142857143,1.0428,1.2436285714285715
subtype2_stage6,subtype2,6.0,26,1.386923076923077,1.1566923076923077,1.3551153846153845,1.2961923076923076,1.629423076923077,1.4845000000000004,1.4454615384615386,1.558846153846154,1.2421538461538462,1.4850384615384615,1.3052307692307692,1.3230000000000002,1.2995769230769232,1.4638461538461536,1.3777692307692309,1.2476923076923077,1.3441538461538465,1.3491153846153845,1.3422692307692308,1.1946538461538465,1.238961538461539,1.2672692307692306,1.2217307692307693,1.3233076923076923,1.1465769230769232,1.3366153846153848,1.3046923076923076,1.3655384615384618,1.3376538461538463,1.392692307692308,1.4029615384615386,1.386692307692308,1.1051153846153847,1.2337692307692305
subtype2_stage7,subtype2,7.0,14,1.3577142857142857,1.1094285714285714,1.32,1.2752142857142856,1.5413571428571429,1.4509285714285716,1.4865714285714289,1.5837142857142863,1.2512857142857143,1.4977857142857147,1.271857142857143,1.2732857142857144,1.2546428571428572,1.4985714285714289,1.3538571428571429,1.1839285714285717,1.268,1.333357142857143,1.307214285714286,1.1750714285714283,1.2053571428571428,1.2245,1.1792142857142858,1.300357142857143,1.1274285714285714,1.3200000000000005,1.2519285714285715,1.3702857142857143,1.3257142857142858,1.3739285714285714,1.3335714285714284,1.3294285714285714,1.0512142857142857,1.2101428571428574
subtype2_stage8,subtype2,8.0,10,1.3272000000000002,1.0563000000000002,1.2837999999999998,1.1567,1.5402,1.5225,1.4215,1.5095000000000005,1.2539000000000002,1.5485,1.2424,1.2369,1.1936,1.4231,1.3585,1.1779,1.2483,1.3044,1.2944999999999998,1.0355,1.143,1.1716,1.127,1.2546000000000002,1.0568000000000002,1.2772,1.2461,1.3488,1.271,1.3295,1.3682,1.2888,1.0213,1.1638000000000002
subtype2_stage9,subtype2,9.0,9,1.4284444444444446,1.2541111111111112,1.379777777777778,1.246222222222222,1.602777777777778,1.5573333333333332,1.4543333333333337,1.5638888888888889,1.2955555555555556,1.508222222222222,1.340666666666667,1.2877777777777777,1.349444444444445,1.4933333333333334,1.4638888888888888,1.2395555555555555,1.3584444444444446,1.4316666666666669,1.394111111111111,1.1436666666666668,1.210888888888889,1.271777777777778,1.1713333333333331,1.346,1.2094444444444443,1.3585555555555555,1.3173333333333332,1.409333333333333,1.346,1.4052222222222222,1.4936666666666665,1.4167777777777777,1.0307777777777778,1.261
subtype2_stage10,subtype2,10.0,8,1.440375,1.12575,1.3375,1.378,1.955,1.71225,1.58925,1.636,1.431125,1.971125,1.27175,1.546375,1.28975,1.524125,1.612625,1.260125,1.276875,1.355875,1.313625,1.162625,1.20975,1.259875,1.23375,1.3725,1.148375,1.3145,1.2944999999999998,1.499625,1.348875,1.386375,1.41975,1.39475,0.994625,1.284375
subtype2_stage11,subtype2,11.0,11,1.6544545454545456,1.149,1.436181818181818,1.1358181818181818,1.8300909090909088,1.7667272727272731,1.6512727272727274,1.798727272727273,1.471181818181818,1.8182727272727277,1.355818181818182,1.326272727272727,1.3528181818181817,1.646,1.549818181818182,1.1284545454545454,1.318181818181818,1.3405454545454545,1.2992727272727274,0.9228181818181818,1.1650909090909092,1.3493636363636363,1.145909090909091,1.3931818181818183,1.1986363636363635,1.3275454545454546,1.304545454545455,1.3978181818181818,1.318545454545455,1.4308181818181818,1.4480000000000002,1.366,1.0258181818181815,1.2866363636363636
subtype2_stage12,subtype2,12.0,8,1.853,1.073,1.533,1.545625,1.7527499999999998,2.05175,1.87825,1.883875,1.38225,2.3285,1.2436250000000002,1.829375,1.230375,1.69175,1.53875,1.158375,1.38625,1.3125,1.270625,1.107,1.200125,1.3,1.1885,1.426375,1.071125,1.3435,1.243375,1.7587499999999998,1.449375,1.517,1.22775,1.513125,1.02125,1.189375
subtype2_stage13,subtype2,13.0,13,1.914153846153846,1.0221538461538462,1.5493076923076925,2.1888461538461543,1.7933076923076925,2.725538461538461,2.344538461538461,2.0766153846153843,1.522307692307692,3.079076923076923,1.2980769230769231,1.8434615384615385,1.2252307692307691,1.8457692307692308,1.4469230769230772,1.0612307692307692,1.304230769230769,1.3102307692307693,1.2286153846153849,1.122846153846154,1.1095384615384616,1.3817692307692309,1.167769230769231,1.724692307692308,1.0311538461538463,1.327076923076923,1.2624615384615387,2.2026153846153846,1.3776923076923078,1.4673076923076922,1.313692307692308,1.397076923076923,1.0066153846153847,1.2051538461538462
subtype2_stage14,subtype2,14.0,8,1.536,1.074375,1.578125,1.516,2.152125,2.0795,1.832375,2.0463750000000003,1.577375,1.943,1.362375,1.7695,1.36675,1.7683749999999998,1.98575,1.30675,1.41,1.383625,1.341875,1.1582500000000002,1.2398749999999998,1.354375,1.256875,1.5074999999999998,1.167,1.380375,1.416625,1.633625,1.497375,1.508625,1.3741250000000005,1.65125,1.1098750000000002,1.36475
subtype2_stage15,subtype2,15.0,10,2.1148,1.0822999999999998,1.5008,1.5079,2.4465,2.4631000000000003,2.2089,2.7047,1.4179,2.7311000000000005,1.3911,1.8606000000000005,1.3924,2.3627000000000007,2.0318,1.1408999999999998,1.3269,1.325,1.2213,1.1772,1.162,1.4154,1.1437,1.4433,1.2204000000000002,1.2991,1.3405,1.7187,1.6595,1.6245,1.3896000000000002,1.8712,1.0135,1.4089
subtype2_stage16,subtype2,16.0,8,2.5385,1.142375,1.9805,1.902125,2.48175,2.923875,2.6168750000000003,2.7102500000000003,1.92525,2.779,1.46825,1.8255,1.44525,2.414,2.153625,1.212125,1.496,1.377125,1.4213749999999998,1.137,1.340125,1.650875,1.279875,2.077125,1.234,1.452875,1.4045,2.329625,1.711375,1.9595,1.450125,1.867625,0.9805,1.558875
subtype2_stage17,subtype2,17.0,6,3.1295,1.1396666666666666,1.886333333333333,2.3526666666666665,2.3008333333333333,3.0476666666666667,2.888833333333333,3.161666666666666,1.8988333333333332,3.4308333333333336,1.447,2.3846666666666665,1.4341666666666664,2.879833333333333,2.2653333333333334,1.3045,1.5806666666666669,1.4206666666666667,1.4648333333333332,1.875,1.2805,1.7121666666666666,1.2873333333333334,2.2356666666666665,1.2123333333333333,1.5495,1.4956666666666667,2.445,2.0118333333333336,2.0973333333333333,1.3715,1.9353333333333336,1.1201666666666668,1.4908333333333337
subtype2_stage18,subtype2,18.0,7,2.829285714285714,1.1982857142857142,2.2412857142857145,2.2077142857142857,2.4972857142857143,2.850142857142857,2.977,3.011714285714286,1.8717142857142857,3.2402857142857147,1.4705714285714286,2.186857142857143,1.457857142857143,2.5548571428571427,2.220285714285714,1.3075714285714284,1.649571428571429,1.4517142857142855,1.4508571428571426,1.4147142857142856,1.5061428571428572,1.7118571428571427,1.4867142857142857,2.0501428571428573,1.211714285714286,1.499,1.554,2.804,1.7734285714285716,2.369,1.373714285714286,2.0142857142857147,1.036857142857143,1.6742857142857144
subtype2_stage19,subtype2,19.0,8,3.451875,1.079375,2.7915,3.0035,2.1065,3.277375,3.715125,3.286625,2.747,3.66375,1.6805,2.721125,1.3615,3.05825,1.960625,1.428125,1.970625,1.617375,1.787375,1.449375,1.60375,1.9475,1.7105,3.012125,1.141,2.0985,1.739125,3.34075,1.913375,2.94375,1.3951250000000002,1.7531249999999998,1.01925,1.516
subtype2_stage20,subtype2,20.0,61,3.965508196721311,1.4546393442622951,3.145754098360656,2.283409836065573,2.388295081967213,3.37027868852459,3.889868852459017,3.555049180327869,2.946901639344263,3.2253934426229502,2.170081967213115,2.4137049180327863,1.8728196721311476,3.335081967213115,2.3233606557377047,1.4294426229508197,2.4170327868852453,2.0983278688524587,2.090754098360656,1.2394590163934427,1.8191803278688523,2.594311475409836,1.8390327868852456,3.2485245901639344,1.4445245901639343,2.5627868852459024,2.2095409836065576,3.4535573770491803,2.4927377049180324,3.213524590163934,1.9844262295081967,2.021032786885246,1.3002622950819676,1.7554754098360654
