umap2d_1,umap2d_2,dynamics_bin
9.301912,10.71103,0.0
7.048978,11.135323,0.0
7.006654,11.411327,0.0
10.562483,12.47339,1.0
14.276375,12.19184,3.0
14.810904,13.237262,3.0
15.873711,11.549352,3.0
17.277943,11.385958,3.0
19.413704,11.087205,4.0
20.941336,10.768113,5.0
20.709967,11.797139,5.0
8.096626,10.46619,0.0
6.8128405,10.04241,0.0
7.567055,10.750261,0.0
5.293424,10.262872,0.0
5.329016,10.091286,0.0
5.953989,10.443249,0.0
8.729402,11.838026,0.0
7.0971937,11.263349,0.0
8.203112,10.530321,0.0
9.034184,11.422167,0.0
8.355247,11.264511,0.0
8.446149,11.165398,0.0
8.941356,11.216304,0.0
9.592771,12.911067,0.0
10.693662,13.112979,1.0
18.6275,12.369863,4.0
17.83182,12.124025,4.0
19.139421,11.997737,5.0
7.2095222,11.810815,0.0
5.8160667,10.815228,0.0
5.6925607,11.03462,0.0
8.42731,12.306204,0.0
8.710349,12.495452,0.0
10.271603,10.451424,1.0
12.645248,11.314181,2.0
7.476791,10.354319,0.0
13.492168,12.038418,2.0
9.540695,11.52153,0.0
9.112626,11.31055,1.0
7.8747115,11.370875,0.0
7.8008294,11.384852,0.0
7.3943095,11.118412,0.0
9.857615,12.026322,1.0
10.787638,12.799829,1.0
7.397638,9.466714,0.0
7.431469,9.4588,0.0
7.482263,9.578063,0.0
7.522247,9.45054,1.0
7.1461005,9.550655,0.0
7.1802683,9.488901,0.0
19.306206,11.963675,5.0
17.506979,13.173677,5.0
17.467655,13.313041,4.0
18.844395,12.782961,5.0
6.224511,10.736505,0.0
18.169893,11.12305,3.0
18.586641,10.930205,4.0
19.682077,10.670501,4.0
19.670023,10.722131,4.0
3.905322,9.898949,0.0
3.6820278,9.924483,0.0
10.39557,10.336281,2.0
9.790245,10.963952,1.0
11.154219,11.218301,2.0
14.640111,12.895915,3.0
15.26123,12.890779,3.0
14.249274,11.349461,3.0
15.665446,11.8079405,3.0
18.640854,11.581041,4.0
23.160778,10.87196,5.0
9.461527,12.843638,0.0
10.941565,13.146297,1.0
11.369255,13.074895,1.0
20.35708,10.936907,5.0
20.430483,10.931158,5.0
11.114873,9.05559,0.0
10.880739,9.07609,0.0
7.7382917,11.7782545,0.0
15.725298,11.231251,3.0
19.947338,11.143347,5.0
20.015854,11.227544,5.0
22.772074,11.687283,5.0
23.479588,11.606054,5.0
22.93401,11.877899,5.0
4.254403,9.871963,0.0
5.7692213,10.644601,0.0
8.51835,11.4898205,0.0
15.485025,12.824168,3.0
14.992487,12.541881,3.0
19.08621,12.061779,5.0
23.155655,11.053434,5.0
23.054976,11.120253,5.0
12.802761,11.8677435,2.0
12.538828,11.525863,2.0
4.9227247,10.072769,0.0
18.160017,10.797084,4.0
18.33301,10.714207,4.0
18.751007,10.925941,5.0
6.1061907,11.670958,0.0
11.065099,9.126212,0.0
11.351716,9.261683,2.0
10.914005,9.200778,0.0
11.086062,9.142578,0.0
7.7088366,10.805671,0.0
17.559578,12.157635,4.0
24.719763,12.002279,5.0
24.637543,12.009752,5.0
20.573421,11.047944,5.0
6.7132583,10.296787,0.0
6.979903,10.189901,0.0
7.709415,10.646885,0.0
6.8247585,10.035499,0.0
19.707819,11.069288,4.0
19.660873,11.358701,5.0
20.690802,10.791435,5.0
16.364788,10.890295,3.0
13.278957,10.713818,2.0
13.140388,10.9163,2.0
13.138573,12.628309,2.0
16.926825,11.561326,4.0
19.911722,11.498519,5.0
24.048267,12.421935,5.0
24.04699,12.460523,5.0
24.490957,12.281628,5.0
6.872327,10.782059,0.0
8.349599,10.501018,0.0
12.565276,11.778405,2.0
18.387863,12.991034,5.0
11.239257,9.104692,0.0
11.061015,9.021369,0.0
11.346934,9.092959,0.0
11.572841,9.2311535,1.0
10.732565,12.759389,1.0
20.522339,10.926072,5.0
22.245625,10.518456,5.0
19.274094,13.160065,5.0
7.2941527,11.356362,0.0
9.712883,12.853536,0.0
20.309174,11.5425,5.0
14.569293,10.586026,3.0
9.62152,11.844929,0.0
9.355438,11.824255,0.0
6.9377284,11.854099,0.0
14.019117,11.099651,3.0
14.433909,10.913463,2.0
14.694905,10.915625,2.0
5.5857882,11.056003,0.0
5.3304276,11.160469,0.0
16.82262,12.667634,4.0
14.79886,12.250375,3.0
4.215384,10.00327,0.0
5.561579,10.734933,0.0
4.37335,10.028308,0.0
4.438768,9.893943,0.0
3.8215833,9.7848835,0.0
21.500128,11.84224,5.0
4.463476,9.978696,0.0
19.772894,11.831474,5.0
19.668165,11.9631815,5.0
17.7165,11.224233,4.0
17.858946,11.214917,4.0
5.0289583,9.728706,0.0
7.790743,10.128875,0.0
7.6444488,10.459351,0.0
6.7619214,9.799753,0.0
5.030519,9.692397,0.0
5.1753426,10.02642,0.0
4.6763487,9.81181,0.0
11.820571,10.994726,2.0
14.448609,11.703622,3.0
15.363249,11.667777,4.0
18.193733,12.162575,5.0
18.06839,11.473466,4.0
11.022222,11.56254,1.0
9.616359,12.379433,0.0
9.63351,11.973188,0.0
8.778968,12.062245,0.0
5.125781,10.445525,0.0
13.766405,13.782807,2.0
4.6790614,10.32072,0.0
17.710112,10.947841,3.0
19.717432,10.757574,4.0
19.789253,10.717304,4.0
20.227037,11.570249,5.0
19.45861,11.924898,5.0
19.286156,12.481295,5.0
5.0602555,10.276927,0.0
5.7594223,10.273142,0.0
6.1011395,10.189667,0.0
6.6694813,10.840238,0.0
9.423491,11.184798,0.0
9.753481,11.192964,0.0
17.179996,10.728829,3.0
17.774323,10.947566,3.0
18.313972,10.846714,4.0
17.78212,11.161774,4.0
5.9319906,11.53838,0.0
19.534544,12.807185,5.0
6.8817854,11.9104,0.0
8.738848,12.709375,0.0
18.265959,11.098549,4.0
22.04212,10.400351,5.0
21.673376,10.597752,5.0
24.018883,11.295636,5.0
24.14338,11.374369,5.0
8.908566,10.035699,0.0
10.145153,12.580237,1.0
9.941208,12.512973,0.0
10.124973,12.755217,1.0
12.146841,12.232391,2.0
6.8345995,12.20092,0.0
8.513087,12.807102,0.0
7.9077597,12.612293,0.0
8.099332,12.525061,0.0
9.275189,12.857668,1.0
8.806661,9.931024,0.0
8.947876,9.746784,0.0
16.220284,11.332511,3.0
18.045685,12.357194,5.0
22.94607,11.809768,5.0
19.899612,11.447946,5.0
6.8061595,10.267188,0.0
23.862114,12.088652,5.0
20.27012,13.428922,5.0
9.947616,11.764188,1.0
10.653063,12.006544,1.0
10.623717,12.023549,1.0
8.410179,11.44229,0.0
18.682514,11.705289,4.0
20.035082,11.624236,5.0
7.938773,10.002534,0.0
11.275928,9.590164,0.0
15.726194,11.897298,4.0
5.724843,9.52915,0.0
6.9056005,9.414182,0.0
9.255404,9.351212,1.0
12.312763,10.43222,2.0
14.160239,10.315408,3.0
16.878353,10.714525,3.0
4.8801455,10.595923,0.0
4.488091,10.458764,0.0
4.306017,10.379157,0.0
6.966299,11.96248,0.0
8.076183,9.883291,0.0
8.3448,9.9473715,0.0
6.208154,10.349867,0.0
7.527978,9.998254,0.0
6.9927287,10.442282,0.0
6.4518247,10.460914,0.0
7.8698254,10.563164,0.0
7.2088776,10.045347,0.0
22.17377,11.082855,5.0
21.821873,11.1294775,5.0
24.376465,11.556568,5.0
22.742996,10.788201,5.0
20.86505,11.051458,5.0
4.4862638,10.161357,0.0
4.8407936,10.461636,0.0
19.130985,10.779317,4.0
20.548586,10.734248,5.0
22.704447,10.804617,5.0
23.74966,11.169897,5.0
5.1641293,10.769905,0.0
5.9475207,11.337319,0.0
4.467762,10.521561,0.0
11.467138,13.056869,1.0
11.457973,13.04774,1.0
13.476164,12.688421,2.0
11.683403,13.065296,1.0
17.893932,11.850307,4.0
18.364304,11.611742,5.0
20.32828,11.752502,5.0
22.335821,12.52589,5.0
22.690733,12.416177,5.0
22.700005,12.384436,5.0
23.34571,12.129573,5.0
17.213774,12.316431,4.0
16.29738,11.307216,3.0
19.387682,11.941209,5.0
11.495222,9.574439,2.0
16.983343,11.744941,4.0
4.4308305,10.308458,0.0
7.248527,11.181881,0.0
9.776459,10.60278,1.0
16.643766,13.40138,5.0
17.769083,11.479419,4.0
19.100264,12.156168,5.0
15.6882515,12.153104,4.0
15.380724,13.67131,3.0
15.796982,13.641314,3.0
15.5431185,13.669218,3.0
15.867408,13.614803,3.0
8.1057625,10.981323,0.0
6.181044,10.565525,0.0
8.317797,10.758191,0.0
8.946652,12.416625,0.0
8.805836,12.06735,0.0
8.971795,11.769596,0.0
7.876866,11.779271,0.0
7.533734,11.358986,0.0
15.944126,11.0914345,3.0
12.921698,11.1589155,2.0
12.522009,10.944625,2.0
10.627124,9.9389715,2.0
17.204634,12.605203,4.0
17.817215,12.733542,5.0
20.402266,12.177527,5.0
20.778643,11.946687,5.0
9.696797,10.56421,1.0
14.437363,12.8067255,3.0
8.475992,11.974291,0.0
9.677539,12.407214,0.0
9.060546,12.857309,0.0
12.117163,12.814497,1.0
7.896198,11.135455,0.0
9.323736,12.473197,0.0
7.5878444,11.125705,0.0
7.508319,11.623909,0.0
18.083685,12.240458,5.0
18.175505,12.348193,5.0
4.446557,10.305731,0.0
10.018369,11.349281,1.0
9.18955,11.14053,0.0
12.209223,11.301121,2.0
17.33989,11.920053,4.0
9.9192095,11.119239,2.0
17.74254,11.3127985,4.0
17.624882,11.307679,3.0
23.912663,11.26731,5.0
24.095303,11.305334,5.0
24.13571,11.375617,5.0
17.348532,12.353231,5.0
6.2830973,10.247093,0.0
17.213823,12.790125,5.0
17.211279,11.879933,4.0
17.16734,11.948144,4.0
17.234905,11.928164,4.0
17.156977,11.981951,4.0
18.624147,11.0682335,4.0
4.8491135,9.595065,0.0
5.257073,9.514168,0.0
7.0752754,10.118238,0.0
13.446729,10.5358305,3.0
6.0488453,12.655958,1.0
6.0370755,12.658691,1.0
6.066467,12.673925,1.0
6.000306,12.594834,1.0
6.1081824,12.726133,1.0
22.100958,11.853489,5.0
17.968658,10.781295,3.0
21.215282,11.764583,5.0
20.45366,12.249836,5.0
18.593674,11.541438,4.0
19.10898,11.519517,5.0
20.082577,11.415922,5.0
19.36078,11.462675,5.0
22.152971,11.519752,5.0
21.693613,11.566098,5.0
20.334501,11.337166,5.0
19.599737,11.637215,5.0
7.3084908,9.869292,0.0
7.5830803,10.049757,0.0
10.020265,12.780746,0.0
10.578396,12.737037,1.0
9.3998,12.691011,0.0
10.194763,12.919947,0.0
9.689354,12.725228,0.0
9.760848,12.591998,0.0
20.202213,11.013614,5.0
23.740652,11.023209,5.0
5.116498,10.05975,0.0
6.388708,10.202627,0.0
6.1401396,10.08346,0.0
5.499599,10.284479,0.0
6.124734,10.315932,0.0
7.1553917,9.686289,0.0
4.9948254,9.525671,0.0
10.912718,11.093471,1.0
7.43924,10.095788,0.0
17.681566,10.8257265,4.0
17.673826,10.781494,4.0
13.591953,10.391235,2.0
4.8285913,10.423947,0.0
4.479301,10.298288,0.0
4.684166,10.33822,0.0
17.291687,13.091802,4.0
16.590578,13.03293,4.0
16.540411,13.062207,4.0
21.185566,12.948785,5.0
13.052255,11.459133,2.0
20.95258,11.326138,5.0
5.252065,10.7565775,0.0
5.4111676,10.829584,0.0
19.43023,10.937374,4.0
7.5175815,10.984052,0.0
17.435873,11.839881,4.0
18.02025,11.859274,4.0
21.536674,11.148626,5.0
10.008151,10.733024,0.0
10.079963,10.50962,1.0
10.933257,10.572151,2.0
11.057233,10.582262,2.0
10.243781,10.797641,1.0
21.700844,11.32206,5.0
21.540636,11.490221,5.0
20.144909,11.89158,5.0
20.844215,12.052997,5.0
12.717625,11.713893,2.0
9.926791,10.625825,2.0
10.224594,10.680748,2.0
13.366937,11.928721,3.0
4.693814,10.613491,0.0
13.985712,13.194033,3.0
14.977061,13.503371,3.0
15.6087475,13.488745,3.0
6.2882657,9.890975,0.0
6.6203513,10.014949,0.0
19.442036,12.742298,5.0
16.981993,13.375398,5.0
19.425774,13.383266,5.0
19.462065,13.39532,5.0
20.031641,13.438526,5.0
7.381346,10.472489,0.0
7.3100114,10.483443,0.0
6.511118,9.818369,0.0
9.20811,10.910899,0.0
19.321743,11.72764,5.0
19.422253,11.658807,5.0
20.541111,11.565862,5.0
22.122776,12.684443,5.0
4.123613,10.090241,0.0
14.414765,10.465979,2.0
14.459748,10.457144,3.0
14.427396,10.500443,3.0
14.45842,10.415181,3.0
8.425947,9.7703085,0.0
9.507218,10.133573,1.0
8.958199,9.84276,0.0
8.519221,9.768097,0.0
4.500964,10.277897,0.0
18.331118,11.3098345,4.0
10.341843,12.929081,0.0
7.0639863,11.590374,0.0
15.494869,11.185128,3.0
14.123094,10.936407,2.0
17.266802,10.345731,3.0
17.285147,10.41339,4.0
18.541756,10.524286,4.0
6.978384,9.978523,0.0
6.6672153,10.065292,0.0
6.979658,9.999947,0.0
10.899139,9.203832,0.0
7.721415,10.85645,0.0
14.878321,11.980331,3.0
20.48927,12.398327,5.0
24.037027,12.099791,5.0
24.444216,12.150404,5.0
13.382146,11.788747,3.0
9.554987,10.473857,1.0
13.810533,12.166932,3.0
11.682902,9.393885,1.0
9.909911,12.973974,0.0
10.180086,12.880955,0.0
9.677871,12.809651,0.0
11.886465,12.93171,1.0
16.981443,11.196509,3.0
17.823277,11.08148,4.0
8.438713,11.046927,0.0
8.40569,11.117826,0.0
9.124691,10.645538,0.0
9.874474,11.187523,0.0
8.484086,11.365241,0.0
11.334474,11.662783,1.0
11.344318,9.103061,0.0
11.492922,9.2104845,0.0
11.251569,9.28116,1.0
18.716784,11.155246,4.0
17.581234,11.525515,4.0
18.070843,11.474301,4.0
16.085596,12.707812,3.0
19.947052,10.642012,4.0
22.313698,10.617625,5.0
20.175346,10.643962,4.0
24.019993,11.30083,5.0
24.138088,11.247716,5.0
9.317234,11.611177,0.0
9.443588,11.756419,0.0
9.46668,11.593333,0.0
22.223864,10.787272,5.0
18.166609,11.207136,4.0
14.932868,10.951362,3.0
3.7942698,9.818885,0.0
15.64375,11.778789,3.0
10.500969,12.097578,0.0
11.651765,11.849667,1.0
11.272543,11.801524,1.0
11.009039,11.874213,1.0
21.95236,12.210561,5.0
21.298628,12.340096,5.0
21.437437,12.485779,5.0
23.893324,12.372389,5.0
8.863909,12.696284,0.0
11.696576,10.750526,2.0
4.6726375,9.604187,0.0
5.117414,9.748286,0.0
14.6551485,10.89721,3.0
17.931276,11.281074,4.0
20.27289,11.061307,5.0
18.442553,11.386105,4.0
8.682388,10.968141,0.0
10.254928,11.594858,1.0
17.487568,12.475227,4.0
17.268896,12.694873,5.0
20.998352,12.496639,5.0
21.28522,12.405216,5.0
19.596903,12.867933,5.0
21.783535,12.328271,5.0
13.361246,11.934949,2.0
11.186981,11.314669,1.0
20.764462,11.458303,5.0
20.763166,11.348678,5.0
9.644858,10.771525,0.0
9.975752,10.763171,1.0
10.02228,10.89207,1.0
9.831334,11.559174,1.0
22.272053,11.731483,5.0
21.341673,12.052614,5.0
19.790636,11.164678,5.0
21.12721,13.192599,5.0
21.028776,12.583832,5.0
21.965782,12.627152,5.0
7.7158866,10.381187,0.0
7.096648,10.623548,0.0
7.0720925,10.283114,0.0
12.866305,10.911004,2.0
12.854342,10.996441,2.0
8.178352,9.933313,0.0
10.443405,12.823936,0.0
16.512363,10.446303,3.0
16.857084,10.438713,3.0
16.839384,10.420097,3.0
19.983192,10.540068,4.0
21.085745,10.570945,5.0
11.129377,9.08874,1.0
11.280345,9.188089,0.0
11.464686,9.318086,1.0
12.955425,11.767993,2.0
10.907181,12.893353,1.0
13.725364,10.507103,3.0
19.857286,10.593715,4.0
18.812387,11.02227,4.0
19.53972,11.072485,5.0
23.774782,10.980948,5.0
23.29251,12.017921,5.0
22.637352,12.344182,5.0
10.181151,10.1204,0.0
8.308225,10.013682,0.0
8.699536,9.904118,0.0
8.430619,9.883457,0.0
10.364522,12.338694,0.0
10.785911,12.946836,1.0
17.309258,11.275563,4.0
11.220444,9.277613,0.0
11.541504,9.409752,1.0
7.7727532,12.037379,0.0
7.0740757,12.06601,0.0
18.61807,12.147785,4.0
13.455475,12.058085,2.0
13.516426,12.210685,2.0
18.541828,11.043799,5.0
18.67702,11.039502,5.0
16.839684,11.637646,4.0
4.7342825,10.224623,0.0
22.009075,10.866201,5.0
10.373469,13.02107,0.0
10.2771635,12.929898,0.0
10.29766,12.991908,0.0
10.333453,13.021643,0.0
10.406855,12.986924,0.0
11.50002,12.4301,1.0
6.472687,9.855789,0.0
6.6840377,9.659102,0.0
7.5015106,10.318545,0.0
18.021667,11.599501,4.0
23.611197,10.974107,5.0
23.762909,11.063094,5.0
8.915967,11.110289,0.0
10.1382675,12.274343,0.0
9.416064,11.996344,0.0
10.068744,12.284682,0.0
8.734781,11.761017,0.0
8.639951,11.487386,0.0
20.414999,11.061097,5.0
20.631468,11.228421,5.0
9.885576,11.592889,0.0
10.016498,11.690348,0.0
8.918434,11.354237,0.0
5.662613,10.787952,0.0
24.01924,11.416106,5.0
21.94226,10.8615885,5.0
22.335575,10.865671,5.0
19.655575,11.972008,5.0
23.080887,11.3382,5.0
5.3425097,10.686125,0.0
8.126341,10.410921,0.0
8.427559,10.3193445,0.0
8.361747,10.540674,0.0
8.472454,11.441651,0.0
17.560564,11.923366,4.0
19.026913,12.04508,5.0
20.770353,11.04434,5.0
22.441938,10.9399,5.0
18.492968,12.634729,5.0
19.029634,12.69438,5.0
20.112848,12.774068,5.0
13.058177,11.745819,2.0
14.309648,12.395831,3.0
14.542706,12.272575,3.0
17.515448,12.395636,5.0
6.014983,10.230919,0.0
6.044554,10.364387,0.0
5.9007874,10.159061,0.0
5.065643,9.807373,0.0
16.446009,12.01777,4.0
16.844538,12.384079,4.0
18.115961,12.63864,5.0
10.737253,10.467322,1.0
13.88432,11.074944,3.0
13.773567,11.083532,3.0
20.263306,10.444255,5.0
6.3800583,9.324029,0.0
6.4675784,9.28979,0.0
6.6240516,9.350455,0.0
6.637681,9.389743,0.0
6.932073,9.456776,0.0
6.480843,9.832001,0.0
6.2389827,9.98619,0.0
8.0884285,9.408801,0.0
9.784836,9.849263,1.0
9.497919,9.769516,1.0
11.208601,10.855235,2.0
9.407435,10.432007,0.0
13.599407,11.882211,2.0
13.918755,11.200751,2.0
16.196524,11.710075,3.0
15.68795,11.558493,3.0
17.595108,11.886948,4.0
21.846664,11.987412,5.0
11.069365,11.027316,2.0
10.855933,10.878442,1.0
12.456995,11.767156,2.0
15.064216,11.671653,3.0
14.086333,11.817819,2.0
14.7308,11.5714,3.0
10.354882,9.921713,1.0
7.307085,9.4224205,0.0
8.711809,10.272981,0.0
22.227827,10.742125,5.0
15.043849,11.251672,3.0
11.039575,10.903005,1.0
10.561867,10.96403,1.0
10.70499,11.0521755,1.0
10.850506,11.084352,2.0
13.51109,11.273989,2.0
18.357056,11.909623,4.0
18.916212,11.990426,5.0
21.647366,11.461227,5.0
16.028254,11.412025,3.0
15.997892,11.283552,3.0
18.862535,12.263067,5.0
13.18381,11.647025,2.0
13.497367,11.4066305,2.0
8.731747,10.106903,0.0
8.589818,10.258823,0.0
9.169445,10.24325,0.0
9.709765,10.326371,0.0
9.148243,10.276258,0.0
8.140632,11.067291,0.0
8.512712,11.1678095,0.0
8.694357,11.50734,0.0
8.838065,11.493285,0.0
8.781274,11.740981,0.0
10.87545,12.208075,2.0
10.656274,11.977148,2.0
7.234165,10.245075,0.0
10.209485,10.77668,1.0
11.69519,12.20068,1.0
11.676577,12.767857,1.0
7.5864353,10.312864,0.0
10.408102,11.962892,0.0
9.144511,11.979298,0.0
20.702223,11.133332,5.0
9.193492,9.809017,0.0
9.250576,9.9202175,0.0
8.6121855,9.866957,0.0
11.700083,11.510931,1.0
9.526127,12.6648035,0.0
9.832993,12.965819,0.0
21.284472,11.905278,5.0
21.285679,11.929204,5.0
21.21374,11.938032,5.0
23.823954,11.409933,5.0
20.233742,11.47092,5.0
21.95918,11.566111,5.0
21.894089,11.642452,5.0
10.06121,9.917765,1.0
5.9884324,9.728099,0.0
10.266734,9.860708,1.0
10.262409,9.993314,1.0
10.513131,9.980609,2.0
9.287849,10.946439,1.0
9.464585,11.117523,2.0
14.453698,11.302519,3.0
6.0288568,10.313972,0.0
6.41565,10.2119255,0.0
6.7646027,10.456674,0.0
11.938322,11.665114,2.0
17.509201,11.867977,4.0
17.730822,11.988169,4.0
16.355639,11.206107,3.0
16.367016,11.082673,3.0
15.139419,10.757573,3.0
16.650717,11.187018,4.0
14.279048,10.567828,2.0
10.874027,11.203769,1.0
7.6151056,11.298371,0.0
7.3111186,11.697508,0.0
18.901138,10.74252,4.0
17.680294,10.837327,3.0
11.530481,11.392521,2.0
11.156607,11.083347,1.0
11.815935,12.041055,1.0
15.035255,11.28251,3.0
11.837225,12.033456,1.0
13.726435,12.253928,2.0
13.675047,12.29793,2.0
18.222988,12.11919,4.0
16.308002,11.18906,3.0
17.673384,12.411216,4.0
19.857168,12.164736,5.0
19.611546,12.375377,5.0
4.700357,9.69196,0.0
4.6551094,9.636416,0.0
4.9257984,10.110695,0.0
20.800552,12.971059,5.0
21.227175,13.18178,5.0
20.949478,13.089458,5.0
23.661232,11.721109,5.0
24.634941,12.093294,5.0
23.786976,11.980727,5.0
7.8197966,10.328344,0.0
10.879106,11.820903,0.0
10.956568,11.931725,1.0
9.741254,11.237373,0.0
11.166522,11.846269,2.0
14.665135,13.605019,3.0
15.649745,13.547342,3.0
14.685669,13.62396,3.0
16.148237,13.645921,4.0
16.367,13.573169,4.0
4.711938,9.59733,0.0
5.2377625,10.562609,0.0
7.672846,9.373597,0.0
10.252968,12.076552,1.0
11.486401,11.060773,2.0
13.002615,11.559246,2.0
13.9760895,12.745928,2.0
14.570322,12.8177185,4.0
21.683186,11.525502,5.0
21.552162,11.565896,5.0
23.648705,11.188645,5.0
7.711366,10.612976,0.0
7.584527,10.379845,0.0
10.539129,10.876138,1.0
7.745016,11.3577,0.0
7.23864,11.852875,0.0
5.476626,10.8932295,0.0
21.319275,12.345588,5.0
14.874643,11.64488,3.0
18.022614,11.959681,4.0
19.680264,11.864475,5.0
19.131342,12.072467,5.0
21.12802,11.795662,5.0
6.7385025,9.514752,0.0
8.498374,10.425492,0.0
6.341391,9.676417,0.0
9.6757,10.507964,1.0
19.610348,10.941691,4.0
19.853176,10.850045,4.0
23.909866,11.152084,5.0
24.220156,11.265613,5.0
4.8419895,10.7212305,0.0
4.041014,10.056448,0.0
20.11435,13.499932,5.0
13.877534,12.72737,2.0
13.984105,12.750828,2.0
23.04463,10.883182,5.0
23.550861,10.969509,5.0
23.666775,11.030192,5.0
17.945877,13.062043,5.0
21.736542,12.349998,5.0
22.096212,12.238099,5.0
5.0386405,10.737543,0.0
5.4351,10.987757,0.0
5.5411057,11.330834,0.0
9.141848,10.784425,0.0
10.376934,11.051386,1.0
9.83268,10.949859,0.0
5.171551,10.157664,0.0
5.289614,10.131126,0.0
4.481399,10.329806,0.0
23.720636,11.515983,5.0
14.358447,13.628884,2.0
14.56582,13.663348,2.0
14.500678,13.624248,2.0
15.129097,13.636279,3.0
15.038425,13.614033,3.0
11.3681555,11.716772,1.0
21.752548,11.085931,5.0
21.593054,10.972817,5.0
18.611523,11.961196,4.0
20.418304,11.916356,5.0
10.660025,10.48548,1.0
11.437658,11.2597,1.0
23.97174,12.379017,5.0
23.05852,12.868185,5.0
23.190313,12.817363,5.0
22.842894,12.913153,5.0
9.319558,10.750601,0.0
6.152176,10.920232,0.0
5.862238,10.820627,0.0
5.915942,10.962599,0.0
7.2255554,11.781272,0.0
5.4783254,10.606453,0.0
8.86153,9.561697,0.0
8.661541,9.432449,0.0
8.818641,9.548314,0.0
23.41632,10.953419,5.0
8.604762,9.496342,0.0
5.2374215,10.800749,0.0
5.455996,10.70046,0.0
18.229898,11.903327,4.0
19.289427,11.8564415,5.0
5.0076585,10.3650675,0.0
5.5425262,10.775934,0.0
5.3564816,10.997981,0.0
5.5163465,11.138062,0.0
5.351206,11.161031,0.0
5.6321435,11.271433,0.0
6.73217,10.088879,0.0
6.825069,10.253268,0.0
6.5697756,10.310576,0.0
11.270788,9.554863,1.0
10.942248,10.082129,0.0
14.52626,12.049923,3.0
23.44613,11.105241,5.0
22.9359,11.329461,5.0
18.367447,12.0482235,5.0
17.969002,12.043071,5.0
12.408785,10.849433,2.0
13.888784,10.796698,3.0
16.806034,10.377855,3.0
17.16317,10.335088,3.0
13.560192,11.389949,2.0
14.791115,11.719617,3.0
18.184683,12.043357,4.0
8.662661,11.200091,0.0
9.691734,11.535844,0.0
11.605993,12.138054,1.0
9.340316,10.911291,0.0
20.067045,11.951043,5.0
22.62461,12.072353,5.0
16.782108,11.694967,4.0
5.008801,10.050509,0.0
5.0714116,10.080898,0.0
4.9115553,10.099553,0.0
5.1312,10.1015,0.0
18.092505,10.828807,4.0
6.729804,11.482049,0.0
8.417832,10.406902,0.0
4.9583144,9.861032,0.0
4.970332,9.897113,0.0
9.193871,10.918693,0.0
9.226758,10.864863,0.0
14.785384,11.39057,3.0
7.394518,11.349854,0.0
8.777097,12.118179,0.0
21.662958,13.05551,5.0
15.361585,13.09946,3.0
21.655962,11.985988,5.0
24.563564,11.880778,5.0
6.4646525,10.747719,0.0
6.0351896,10.754979,0.0
6.4630136,10.826724,0.0
8.333677,9.561928,0.0
8.614894,9.550508,0.0
8.1964245,9.610238,0.0
8.245868,9.350548,0.0
5.786513,11.042108,0.0
9.610769,11.875484,0.0
7.2110066,10.989808,0.0
20.137499,12.217051,5.0
20.093565,12.281409,5.0
21.913776,11.068886,5.0
21.812355,11.342264,5.0
12.011804,12.840224,2.0
11.437823,12.810391,1.0
8.354578,12.295433,0.0
10.247381,12.22257,0.0
16.83038,12.233334,4.0
13.543269,11.877256,3.0
8.848616,12.916381,0.0
8.8114195,12.978314,0.0
9.156455,12.966075,0.0
9.105208,12.967455,0.0
7.7281213,11.482713,0.0
17.298681,12.738304,5.0
11.664199,11.754168,2.0
19.54813,13.414854,5.0
19.593563,13.446801,5.0
19.190401,13.313566,5.0
20.130629,13.448068,5.0
6.253736,9.45248,0.0
9.598142,10.826406,0.0
9.26563,11.056595,0.0
7.427639,10.646359,0.0
9.696063,11.294358,1.0
9.30276,11.300882,0.0
12.544748,12.208726,2.0
14.02614,11.857776,3.0
16.05532,11.506273,3.0
15.754057,11.633759,3.0
19.017727,11.881479,4.0
20.977274,12.045734,5.0
21.450254,12.264433,5.0
8.232677,10.521421,0.0
8.677456,11.701125,0.0
8.238609,11.465492,0.0
9.252657,11.849445,0.0
12.559263,12.12566,2.0
12.89966,11.711373,2.0
9.14022,11.238951,0.0
9.501883,11.597454,0.0
14.007065,12.8179035,2.0
14.317296,12.782373,3.0
20.87748,13.298739,5.0
21.042772,13.3199625,5.0
20.952236,13.209095,5.0
6.9833603,11.378247,0.0
7.8652444,12.132401,0.0
7.3747153,11.717746,0.0
7.0225534,9.691763,0.0
5.6773415,10.060225,0.0
6.5803285,11.881704,0.0
6.832667,11.935549,0.0
9.474794,11.168632,1.0
11.202856,12.036319,2.0
8.651294,11.365331,0.0
18.207905,11.130411,4.0
18.223068,11.095879,4.0
18.16962,11.165691,4.0
20.40415,10.855651,5.0
11.919807,11.96797,2.0
14.091284,12.372387,3.0
22.205156,11.261047,5.0
22.34832,12.462449,5.0
20.456896,12.300837,5.0
9.128269,10.373184,0.0
9.122021,10.113686,0.0
9.091708,10.211841,0.0
10.15225,12.687162,1.0
9.136081,10.220365,0.0
9.378921,10.301053,0.0
9.150416,10.385976,0.0
9.071518,10.541848,0.0
19.027847,12.018361,5.0
19.69318,11.425541,5.0
21.65898,11.190565,5.0
8.5633955,9.856301,0.0
10.630302,11.987079,1.0
8.29848,9.639487,0.0
8.458942,9.965955,0.0
8.973506,12.096479,0.0
6.958828,11.506014,0.0
13.990368,11.35952,3.0
16.033066,11.516373,3.0
7.4476333,12.391,0.0
8.021096,12.504986,0.0
8.043925,12.323745,0.0
19.364252,12.133347,5.0
20.693308,11.79643,5.0
20.030457,12.071201,5.0
17.449244,11.929867,4.0
21.683115,10.9277,5.0
23.90524,11.156532,5.0
7.891635,9.361154,0.0
7.5307326,9.301819,0.0
7.6904325,9.433079,0.0
13.478731,12.879076,2.0
13.046206,12.732188,2.0
10.329965,12.336264,0.0
7.3008666,10.492911,0.0
7.33699,10.536596,0.0
7.3768167,10.557511,0.0
20.001307,10.973466,5.0
21.088432,11.362522,5.0
21.990139,11.546202,5.0
6.1217165,9.912415,0.0
7.276339,10.044237,0.0
6.8432264,9.728712,0.0
8.660126,10.862961,0.0
8.360875,11.058149,0.0
7.776986,10.968315,0.0
22.827627,11.867086,5.0
19.32235,12.334848,5.0
22.541348,11.8219385,5.0
11.501162,11.017776,1.0
12.253241,11.924763,2.0
12.146213,11.637608,2.0
12.359625,11.582122,2.0
11.803426,11.217704,2.0
9.419677,10.288119,1.0
11.374099,11.002424,1.0
10.77738,12.450651,1.0
14.48333,10.897432,3.0
18.086746,11.140986,4.0
22.001673,11.660596,5.0
7.595438,11.188682,0.0
7.278835,11.22756,0.0
12.345673,11.307104,2.0
12.03252,11.188987,2.0
9.426032,10.827084,1.0
21.518589,12.229063,5.0
15.266138,11.695823,3.0
18.152237,11.462462,4.0
17.778994,11.876637,4.0
16.76685,13.350421,5.0
16.70737,13.354989,5.0
16.71598,13.31613,5.0
16.703157,13.353239,5.0
16.737492,13.321316,5.0
14.382986,11.252086,3.0
14.4203,11.310751,3.0
21.08613,10.997665,5.0
6.7432256,11.460318,0.0
10.332248,11.753039,0.0
14.140291,13.612111,2.0
8.555604,9.352686,0.0
11.846746,10.132991,1.0
13.468255,10.357699,2.0
9.147983,10.76816,1.0
9.152982,10.861629,0.0
9.237498,11.241917,0.0
9.007125,12.450243,0.0
9.88875,12.710055,1.0
13.633992,12.440651,2.0
15.865621,11.721186,3.0
15.945892,11.603231,3.0
19.425688,10.945336,5.0
19.511404,11.195882,5.0
17.88355,12.658884,5.0
17.145977,12.839394,5.0
21.65924,10.903701,5.0
19.586136,10.858643,4.0
8.287496,9.261417,0.0
19.295683,12.030051,5.0
19.541998,12.229957,5.0
15.830868,12.755305,3.0
18.421848,12.818594,5.0
22.355232,10.857898,5.0
22.355072,10.856611,5.0
22.414179,10.716864,5.0
20.67647,10.934632,5.0
19.07688,11.64094,4.0
22.801188,11.016183,5.0
6.773116,11.1303425,0.0
6.312086,10.615684,0.0
6.3974295,10.974474,0.0
7.100185,11.589547,0.0
6.5296082,11.353838,0.0
6.898161,11.37825,0.0
11.058231,10.561206,1.0
10.849021,10.569603,0.0
11.098526,10.631487,1.0
9.274361,9.910047,0.0
9.899945,10.251937,0.0
7.549962,10.64693,0.0
18.024668,12.542116,5.0
17.353514,10.98626,4.0
17.5815,10.871043,4.0
8.72964,11.475523,0.0
9.510685,11.329276,1.0
8.250005,11.662005,0.0
10.355976,11.794992,0.0
21.865166,11.316442,5.0
8.289147,9.534629,0.0
8.400515,9.392766,0.0
8.301323,9.557347,0.0
8.757543,9.838231,0.0
10.762333,10.830063,1.0
20.72491,12.774201,5.0
20.641417,12.804811,5.0
8.819255,10.963825,0.0
11.301527,11.490128,1.0
9.097189,10.980416,0.0
11.075525,11.836897,1.0
11.56503,12.418688,1.0
6.8725166,9.970022,0.0
8.767089,10.3129015,0.0
7.5981317,9.949078,0.0
7.419641,10.254486,0.0
8.5834,12.776729,0.0
10.329789,12.66584,1.0
9.676026,12.743175,0.0
23.901,12.4864025,5.0
22.814796,12.806018,5.0
7.794332,11.79041,0.0
7.936394,11.98832,0.0
8.417267,12.024296,0.0
10.581449,12.936081,0.0
4.654742,10.29468,0.0
8.344957,9.548828,0.0
8.276378,9.7090645,0.0
10.692924,10.702702,2.0
9.26042,10.5583935,0.0
9.297821,10.852371,0.0
6.441022,10.956181,0.0
7.4102006,10.095501,0.0
6.385605,10.294461,0.0
7.953683,10.09358,1.0
13.833544,10.953795,2.0
10.504132,12.952737,0.0
10.723106,12.892545,0.0
10.725581,12.756414,0.0
20.364683,10.642363,5.0
22.361729,10.658542,5.0
22.55855,10.792121,5.0
22.731424,10.670674,5.0
13.725891,12.166667,2.0
14.032981,12.226978,3.0
7.420488,9.585126,0.0
7.327376,9.487404,0.0
7.5067606,9.469872,1.0
7.1585073,9.486816,0.0
8.372494,9.674802,0.0
10.928078,10.74712,1.0
12.15059,12.023057,2.0
21.4612,12.214692,5.0
22.778757,12.124327,5.0
22.680552,12.126211,5.0
7.7253933,10.912757,0.0
12.329854,11.889599,2.0
21.281338,12.202246,5.0
18.641176,12.378468,5.0
18.123827,11.760003,4.0
20.312489,11.005523,5.0
20.52739,11.06209,5.0
4.0992603,9.877349,0.0
5.918501,11.2970495,0.0
4.6571703,9.7497635,0.0
17.719646,11.2179575,4.0
16.461205,11.1039095,3.0
7.8963814,10.948554,1.0
20.62977,11.753358,5.0
20.74815,12.0594225,5.0
10.609644,11.52787,0.0
10.322316,11.056426,1.0
13.791217,10.964918,2.0
14.166768,10.925292,3.0
13.31001,11.069827,2.0
12.870733,11.19577,2.0
14.624384,11.656976,3.0
14.987083,12.0073,3.0
17.529264,12.019298,3.0
17.510645,12.017201,3.0
17.051254,13.002454,5.0
17.40862,12.664581,5.0
21.267393,11.72248,5.0
20.012165,12.129987,5.0
20.796602,12.026682,5.0
24.494148,11.598437,5.0
24.397045,11.398962,5.0
19.223732,11.043742,5.0
19.267115,11.301863,5.0
19.787355,11.224495,5.0
6.316818,10.332882,0.0
9.586658,12.445826,0.0
8.29715,11.012957,0.0
8.110723,11.135686,0.0
22.541979,11.013572,5.0
22.96024,11.191566,5.0
20.033066,12.075916,5.0
8.618518,9.289874,0.0
8.401503,9.323682,1.0
6.85757,9.348143,0.0
6.9987116,9.310188,0.0
7.012852,9.422854,0.0
14.560501,13.509794,3.0
15.1020155,13.607205,3.0
16.884312,12.940485,5.0
20.554459,12.867293,5.0
20.39786,12.933536,5.0
6.2713933,9.436777,0.0
5.49283,9.798411,0.0
5.9201813,9.889354,0.0
5.8575654,9.9065,0.0
9.460872,10.683925,0.0
4.9747972,10.190466,0.0
4.692413,10.682819,0.0
6.058217,10.473066,0.0
4.927876,9.8286085,0.0
19.039085,12.462053,5.0
15.108983,11.994898,3.0
19.071444,12.347778,5.0
19.090517,11.6357,5.0
19.176376,11.682228,5.0
22.070227,11.233438,5.0
24.389261,10.982358,5.0
24.34325,11.00827,5.0
24.331802,10.992188,5.0
24.375666,10.960123,5.0
24.35192,10.99822,5.0
11.9532175,9.431084,2.0
12.9192505,11.753105,2.0
9.108228,9.970759,0.0
8.69276,9.8573675,0.0
6.5018754,11.015516,0.0
17.522888,12.74112,5.0
7.91345,11.455647,0.0
7.2118483,11.120064,0.0
21.343298,11.36587,5.0
20.83697,11.438218,5.0
23.454414,11.043593,5.0
13.974886,11.431394,3.0
18.198158,11.381872,4.0
19.894941,11.114529,4.0
21.65741,10.877696,5.0
13.712994,11.076025,2.0
14.855788,11.581045,3.0
15.325889,11.530161,3.0
15.93098,11.469274,3.0
18.438549,11.095361,4.0
20.534218,11.43941,5.0
18.408976,11.907534,5.0
12.695082,11.376513,2.0
10.212257,10.41108,1.0
12.360274,11.20944,2.0
12.41115,11.296378,2.0
18.582401,11.747552,4.0
7.9631443,11.617306,0.0
7.061138,11.21867,0.0
7.138056,11.219981,0.0
6.8681,11.318335,0.0
16.417309,11.231304,3.0
19.221542,10.791161,5.0
18.38576,11.259966,4.0
18.447199,11.023464,4.0
16.432945,12.223256,4.0
4.4364715,9.935006,0.0
4.4622617,9.988442,0.0
4.267441,9.799404,0.0
4.1963015,9.823474,0.0
6.4215307,10.2796335,0.0
14.211434,11.761032,3.0
10.781015,10.150514,2.0
10.923472,10.256768,2.0
10.819732,10.152881,2.0
11.003908,10.227762,2.0
15.758021,11.653522,3.0
17.982208,11.57792,4.0
16.792976,11.765359,4.0
24.688276,12.05253,5.0
18.849625,11.6362,4.0
11.108065,12.421773,1.0
9.373715,12.25638,0.0
10.981036,12.832049,1.0
16.018833,10.816446,3.0
16.859617,10.54637,3.0
16.133934,10.715656,3.0
8.869434,12.15386,0.0
10.389704,11.818451,1.0
13.28337,10.400678,2.0
10.031618,10.661854,2.0
12.257117,11.562631,2.0
10.629711,11.304344,1.0
11.903711,11.584761,2.0
16.172216,12.285298,3.0
16.154528,12.242947,3.0
16.50759,13.53571,4.0
16.420294,13.470149,4.0
16.466768,13.539361,4.0
19.717638,11.023613,4.0
20.142021,11.044999,5.0
6.2264223,10.350045,0.0
5.888459,10.313024,0.0
5.9293146,10.608439,0.0
5.8868637,10.71601,0.0
14.417646,12.524197,3.0
16.351376,12.862073,3.0
17.155252,12.881238,4.0
17.47536,13.027367,4.0
16.66929,12.852085,4.0
21.07262,12.411038,5.0
5.899753,9.71589,0.0
6.2545977,9.5819435,0.0
20.178873,11.784325,5.0
20.767727,11.721488,5.0
10.662104,12.08146,1.0
21.066376,13.212916,5.0
21.3492,13.092474,5.0
21.007336,13.167443,5.0
21.144701,13.168738,5.0
8.03493,12.015745,0.0
7.276495,11.523226,0.0
5.798933,10.876481,0.0
7.0756173,12.0690365,0.0
16.736258,11.030612,3.0
16.182796,10.841716,3.0
16.59451,10.956909,3.0
19.452353,12.070431,5.0
15.017956,10.581445,3.0
16.676142,10.999172,4.0
12.174853,12.4011965,2.0
11.811128,12.588465,1.0
12.376318,12.335671,2.0
12.842579,12.606164,2.0
13.557187,12.542387,2.0
18.309334,10.819215,4.0
22.22161,11.35162,5.0
10.939132,11.320791,1.0
11.375125,11.252545,2.0
10.092277,11.856225,1.0
9.810908,11.121464,0.0
23.528776,11.535854,5.0
8.416733,11.236333,0.0
11.301118,12.233686,1.0
8.157263,11.601264,0.0
11.197528,12.836483,0.0
8.237632,11.96337,0.0
11.6187935,11.220183,2.0
11.575793,11.230778,1.0
11.7365885,11.324388,1.0
11.674254,11.362528,1.0
7.2890463,11.978411,0.0
9.487857,11.800839,1.0
10.051409,11.853123,1.0
10.478237,11.829077,1.0
8.424891,12.698318,0.0
7.3728085,12.438705,0.0
7.3709474,11.889238,0.0
22.768991,11.264096,5.0
22.957672,11.145474,5.0
15.352335,11.64847,3.0
12.826905,11.232359,2.0
12.306111,10.972913,2.0
14.837093,10.871298,3.0
22.182503,10.543011,5.0
8.066865,10.241029,0.0
8.378347,10.335711,0.0
8.456767,10.230553,0.0
8.000147,10.186968,0.0
8.168285,10.071307,0.0
7.2890606,10.907284,0.0
7.1623044,10.892033,0.0
8.200947,10.754978,0.0
6.19048,10.831242,0.0
5.37616,10.557754,0.0
16.158676,12.027577,4.0
14.812418,11.773286,3.0
10.180792,12.545484,0.0
11.173258,13.107081,1.0
21.381372,11.360392,5.0
5.685606,10.611769,0.0
5.8620343,10.40159,0.0
6.233678,10.507908,0.0
13.523656,10.829233,2.0
8.734129,10.909296,1.0
11.526723,12.040983,1.0
10.528072,12.916936,1.0
11.993119,13.014304,1.0
9.909932,13.072657,1.0
9.703165,13.0800905,0.0
9.539822,13.169716,0.0
9.932256,13.195538,1.0
9.797312,10.649149,1.0
11.640928,10.649585,2.0
11.387756,9.223335,1.0
11.431146,9.365862,0.0
11.431275,9.166429,1.0
11.817729,9.43587,1.0
18.201378,12.243494,5.0
18.334883,12.648355,5.0
18.352192,12.322202,5.0
24.734612,12.0818405,5.0
24.712141,12.136685,5.0
24.660774,12.125758,5.0
9.365429,12.445281,0.0
11.149269,13.055412,0.0
9.287208,12.183923,0.0
11.716715,12.501086,1.0
11.518922,12.411868,1.0
13.194755,11.089287,2.0
8.924838,9.557938,0.0
10.480981,12.002926,1.0
10.183276,11.094201,0.0
11.835521,12.13868,2.0
11.908097,11.968124,2.0
8.70337,11.673383,0.0
8.303024,11.05361,0.0
22.998497,11.154421,5.0
20.505625,11.441035,5.0
7.567293,10.079947,0.0
7.468355,10.158969,0.0
7.719002,10.126258,0.0
13.269915,10.288325,2.0
15.469561,10.714333,3.0
10.534056,10.963884,1.0
10.372185,11.130224,1.0
9.671284,11.83722,0.0
9.730597,11.877835,0.0
9.667277,11.8827715,0.0
6.6754565,11.10392,0.0
6.583896,11.135965,0.0
14.318613,13.33105,3.0
13.55383,10.283056,2.0
13.625253,10.31514,2.0
13.608217,10.263452,2.0
13.595345,10.287642,2.0
13.603246,10.262229,2.0
13.575111,10.283936,2.0
21.42441,12.364062,5.0
21.455086,12.380738,5.0
10.726927,11.895976,1.0
12.99351,11.524976,2.0
15.196241,11.591742,3.0
14.757912,11.322711,3.0
22.85519,10.990398,5.0
14.324196,12.529974,3.0
21.947454,12.050039,5.0
22.023186,12.061821,5.0
22.153168,11.936235,5.0
22.22442,11.973282,5.0
21.214525,12.122811,5.0
18.303411,12.605955,5.0
19.536669,12.444551,5.0
21.701384,12.219814,5.0
22.516378,12.008347,5.0
16.848547,11.203466,3.0
19.007547,11.05909,4.0
21.199417,12.449345,5.0
7.775117,10.922665,0.0
9.145305,9.817198,0.0
10.612085,10.976774,1.0
11.785702,11.276925,2.0
16.245039,12.164906,4.0
19.405338,11.457244,5.0
15.388641,11.800795,3.0
20.919401,11.799884,5.0
23.524134,11.4143095,5.0
23.81983,11.506681,5.0
24.601524,11.939498,5.0
24.724257,11.981097,5.0
12.540693,11.323993,2.0
14.025873,10.937517,2.0
13.737378,10.6643095,2.0
14.251798,10.728702,3.0
16.300135,10.499524,3.0
16.594574,11.324234,3.0
18.920542,11.513236,4.0
21.815317,11.315926,5.0
23.554508,10.984795,5.0
21.38184,11.636074,5.0
18.66842,11.989985,5.0
8.069093,11.281138,0.0
15.96205,10.916133,3.0
17.207493,10.651236,3.0
17.765945,10.725512,4.0
17.644976,10.680517,4.0
17.817654,10.816762,4.0
13.928169,12.736732,2.0
16.381649,12.923878,4.0
6.562445,10.103588,0.0
6.979719,9.859671,0.0
6.2013702,10.249364,0.0
5.909808,10.26082,0.0
6.402511,10.208019,0.0
11.674751,12.017921,2.0
14.1583185,11.589428,3.0
17.225035,12.2613735,4.0
15.3221655,11.944938,3.0
18.947092,12.365756,5.0
15.118283,11.943494,3.0
14.7566,11.951251,3.0
12.939884,11.423694,2.0
18.226704,12.335695,5.0
18.045208,12.182015,4.0
18.091478,12.060881,4.0
17.963037,12.347991,5.0
24.633566,12.11826,5.0
24.710384,12.168552,5.0
20.609776,12.921068,5.0
10.43906,10.279047,0.0
10.46028,10.491448,1.0
10.339553,10.531786,0.0
12.1283865,11.271309,2.0
12.427487,11.220232,3.0
15.165056,11.951824,3.0
15.676792,12.243269,3.0
17.893768,11.920781,4.0
18.524008,11.696696,4.0
8.058761,11.565394,0.0
8.745044,12.503023,0.0
7.4134846,11.617821,0.0
15.177398,13.550271,3.0
16.283203,13.692354,5.0
15.619066,13.606983,3.0
7.113981,10.380779,0.0
7.557555,10.698635,0.0
11.01056,12.069853,1.0
8.753186,11.658866,0.0
8.219021,11.0957,1.0
8.257648,11.06762,1.0
14.008241,12.928315,2.0
19.667126,11.434994,5.0
20.20593,11.125908,5.0
12.552698,12.376368,2.0
10.624377,11.660207,0.0
11.021728,11.921021,1.0
12.281598,12.376584,1.0
12.892446,12.346412,2.0
13.485515,12.519995,2.0
11.971283,11.653469,2.0
6.8809276,11.051685,0.0
7.2980537,10.914275,0.0
7.221262,12.438748,0.0
7.336511,12.414489,0.0
6.281037,11.882896,0.0
6.4351296,12.065547,0.0
21.339466,13.245657,5.0
20.359129,13.421254,5.0
20.187365,11.984984,5.0
20.332241,12.039276,5.0
11.743714,11.964527,1.0
12.885212,12.1065645,2.0
15.529614,12.027361,3.0
17.089521,12.279389,4.0
17.46816,12.251701,4.0
9.971263,11.682781,1.0
10.378001,11.478526,1.0
4.9462013,11.107258,0.0
4.9433713,11.135174,0.0
4.9490943,11.083918,0.0
19.597744,11.135789,5.0
21.398853,11.023068,5.0
7.67226,10.94873,0.0
8.391358,10.617894,0.0
7.975003,12.393282,0.0
7.863302,12.318161,0.0
8.815816,12.91379,0.0
8.547797,12.893314,0.0
8.574067,12.911801,0.0
20.244793,12.11624,5.0
20.959703,11.927807,5.0
22.579813,11.982541,5.0
17.928507,11.857635,4.0
8.006228,9.903737,0.0
6.9904327,9.660281,0.0
18.701088,12.233805,5.0
23.505867,11.275368,5.0
21.312965,12.044856,5.0
21.242619,12.035035,5.0
21.806257,12.226494,5.0
23.599571,11.3485365,5.0
24.61817,12.00439,5.0
6.6455817,11.560591,0.0
6.365896,11.099049,0.0
7.203591,12.02857,0.0
6.6051054,11.77575,0.0
11.0900345,11.430364,2.0
15.391007,10.786601,3.0
16.06016,11.003225,3.0
16.813225,11.610902,4.0
9.130863,11.556961,0.0
9.123799,11.593319,0.0
11.216634,12.321604,1.0
9.7918415,12.02473,0.0
10.37763,12.574297,0.0
15.406046,13.731106,3.0
16.08637,13.605696,3.0
16.260925,13.682468,4.0
16.147568,13.742643,4.0
21.097239,13.314642,5.0
21.210052,13.344251,5.0
5.9381948,11.160606,0.0
3.9885592,9.895046,0.0
4.3080883,9.906019,0.0
4.1541924,9.924563,0.0
17.366331,12.842594,5.0
19.76241,12.182064,5.0
10.454709,12.527296,1.0
9.26287,10.724404,0.0
22.647028,11.355547,5.0
23.245836,11.68882,5.0
17.817867,12.346517,5.0
17.633621,12.619382,5.0
21.062712,10.973084,5.0
21.81448,10.664598,5.0
11.199718,11.81044,1.0
11.439037,11.733912,1.0
11.709812,11.692627,2.0
7.8680277,10.906483,0.0
7.1746087,10.664487,0.0
5.9787188,9.864676,0.0
22.927994,10.962312,5.0
23.349335,11.219309,5.0
23.867918,11.146509,5.0
20.322863,11.935336,5.0
21.52689,11.956162,5.0
22.180742,11.719832,5.0
24.000786,11.564006,5.0
7.7802143,10.747988,0.0
7.187039,10.587782,0.0
11.090153,11.927273,1.0
12.031912,11.432782,2.0
13.652227,12.020971,2.0
13.922176,12.004147,3.0
14.369889,11.892571,3.0
16.13665,11.870974,4.0
4.9861364,9.930582,0.0
20.249569,11.924903,5.0
21.003141,12.043354,5.0
10.425513,11.33665,1.0
10.73727,11.610764,1.0
13.010505,12.966718,2.0
7.2979693,12.344845,0.0
6.9413013,11.446342,0.0
6.903428,11.454251,0.0
9.520696,10.970661,2.0
15.068425,12.16805,3.0
16.593594,12.009373,4.0
19.003222,11.785187,5.0
21.640635,10.773478,5.0
22.468231,10.81059,5.0
22.185547,10.900257,5.0
6.9283466,10.076143,0.0
7.8107586,10.137627,0.0
22.868153,10.873257,5.0
20.556822,12.290185,5.0
19.645224,12.159549,5.0
10.814406,11.731424,1.0
10.901481,11.722079,1.0
6.92244,10.755182,0.0
11.803947,11.874041,2.0
12.540187,12.189639,2.0
15.818414,12.5005455,3.0
17.065195,13.066317,5.0
16.96759,13.017222,5.0
18.117506,12.937442,5.0
5.907947,9.989806,0.0
10.258854,11.951065,0.0
16.219563,11.505028,3.0
18.068129,11.779752,4.0
15.853413,11.524979,3.0
8.198378,11.450659,0.0
8.13655,11.349093,0.0
7.7299414,11.187139,0.0
23.372784,11.178319,5.0
16.389378,11.683085,3.0
19.617842,11.075662,4.0
19.254644,11.271388,4.0
16.76899,11.879279,4.0
4.541311,10.199735,0.0
4.6251893,9.858533,0.0
4.825669,9.684907,0.0
5.1124854,9.716754,0.0
5.772135,9.684298,0.0
7.24192,9.796092,1.0
17.004578,13.65359,4.0
8.966325,10.459225,1.0
12.914225,11.193254,2.0
13.79713,11.070952,3.0
16.556208,11.642468,4.0
14.498496,10.765998,2.0
13.516889,12.547711,2.0
14.816126,12.712824,3.0
6.3088827,11.893788,0.0
6.3003025,11.641106,0.0
5.9088264,11.589863,0.0
6.1556463,11.913723,0.0
6.3087506,12.008631,0.0
17.446012,12.816284,5.0
16.832376,12.840586,4.0
16.556604,12.382361,4.0
20.06239,12.148716,5.0
12.074616,12.140772,2.0
11.529112,12.743085,1.0
11.4327545,12.649819,1.0
10.8828335,12.593433,0.0
8.99455,11.732273,0.0
9.509448,11.631651,0.0
17.579302,11.350397,4.0
19.718786,11.363035,5.0
14.2368145,10.53964,3.0
16.76718,10.677108,3.0
19.604107,12.4950285,5.0
20.847786,12.124549,5.0
6.54163,10.0631485,0.0
6.6370587,10.068707,0.0
13.341735,12.045393,2.0
14.045659,11.95215,3.0
18.275784,11.655373,4.0
18.3315,11.703531,4.0
19.077002,11.3363495,5.0
14.334308,12.788119,3.0
12.807932,11.305004,2.0
13.131087,11.310411,3.0
15.568173,11.925428,3.0
12.582763,11.152425,2.0
4.332795,10.464793,0.0
3.8368917,9.95376,0.0
8.967566,10.764561,0.0
10.621462,10.876388,2.0
9.652691,10.937031,0.0
20.903559,11.170952,5.0
20.915533,11.1768055,5.0
20.678595,11.907838,5.0
20.30134,12.56568,5.0
19.806684,12.444416,5.0
12.081401,10.488078,2.0
11.522656,9.368936,1.0
11.936962,9.553357,2.0
11.577883,9.531425,1.0
12.272175,11.458606,2.0
12.186605,9.709765,2.0
12.376103,9.749063,2.0
11.204795,9.167241,0.0
16.87498,11.167723,3.0
16.858717,11.100243,3.0
18.848047,11.183259,4.0
18.828665,11.087007,4.0
16.414495,10.798085,3.0
16.82318,10.793039,3.0
18.325241,10.981463,4.0
22.865446,11.270881,5.0
22.054508,11.608155,5.0
23.30898,11.326434,5.0
22.646284,11.01281,5.0
22.38157,11.983611,5.0
11.647799,11.2497225,2.0
11.602459,11.151057,1.0
11.736283,11.448724,1.0
11.816426,11.430127,1.0
10.871858,11.814924,1.0
11.354508,11.712745,1.0
11.760103,11.475538,1.0
11.465311,11.672572,1.0
9.536851,10.838068,2.0
11.343811,10.232631,2.0
11.229414,10.202168,1.0
11.56542,10.267856,2.0
13.408411,10.962067,3.0
13.625741,10.549418,3.0
15.316704,10.86248,3.0
9.169434,11.455463,0.0
11.306328,9.118668,0.0
11.558791,9.222267,1.0
11.821481,9.417531,1.0
11.017238,9.029221,0.0
11.063269,11.497109,1.0
6.6004243,10.115648,0.0
11.899961,12.1384535,2.0
16.140205,11.81819,4.0
19.482365,11.529511,5.0
18.18183,11.896308,5.0
6.9351106,10.644759,0.0
6.3959,10.437573,0.0
13.860648,11.624193,3.0
12.231311,11.098437,3.0
16.521805,12.113833,4.0
17.396439,12.90325,5.0
18.765232,12.243199,5.0
19.122942,11.968084,5.0
10.076283,10.762113,1.0
14.184727,10.737105,3.0
16.604965,10.400033,3.0
17.677664,10.5679245,4.0
18.001406,10.682898,4.0
20.746601,10.795779,5.0
14.489873,10.929784,3.0
14.628985,10.804942,3.0
14.210909,10.991252,3.0
14.2597,10.937842,3.0
23.187037,11.860627,5.0
22.531097,11.718838,5.0
22.186705,11.97541,5.0
23.516533,11.844705,5.0
6.310854,9.397705,0.0
6.2224402,9.429387,0.0
10.1710205,10.04199,2.0
12.456597,12.552929,2.0
8.305814,10.579708,0.0
7.109939,11.011384,0.0
8.293568,10.469266,0.0
20.876032,12.744885,5.0
20.850239,12.725278,5.0
22.634853,12.395292,5.0
23.36595,12.317318,5.0
23.651043,12.040639,5.0
6.6387467,10.524035,0.0
6.6369796,10.5271635,0.0
18.34037,12.994658,5.0
19.135727,12.8906355,5.0
22.27462,12.531168,5.0
19.167519,10.738803,4.0
19.748972,10.770608,4.0
19.475065,10.729336,4.0
13.410663,12.387157,2.0
13.31252,12.356765,2.0
13.9020605,12.403791,2.0
14.356087,12.606941,3.0
14.315251,12.64308,3.0
14.256058,12.711059,3.0
11.194783,11.240447,1.0
21.831259,11.409408,5.0
19.12773,11.625009,5.0
7.4731526,12.225924,0.0
7.5401664,12.236627,0.0
7.8076773,12.1904335,0.0
8.482256,12.429942,0.0
8.490315,12.278457,0.0
13.591151,12.061426,2.0
10.616492,12.873203,0.0
9.906877,12.255591,0.0
16.989958,12.709281,4.0
16.90014,12.720161,4.0
17.377148,12.605723,5.0
15.019049,11.935985,3.0
7.429013,11.594032,0.0
8.618254,9.744492,0.0
8.930101,9.793629,0.0
8.801968,9.768746,0.0
13.00398,10.361316,3.0
16.24557,11.389424,3.0
8.269489,11.206574,1.0
10.58482,11.820476,2.0
15.587569,12.827938,4.0
13.512773,12.910615,3.0
16.109627,13.451876,3.0
16.450132,13.504265,4.0
16.77432,13.596442,5.0
16.901644,13.551305,5.0
20.830536,12.386802,5.0
21.821535,12.023816,5.0
19.145857,12.035351,5.0
22.354166,11.483787,5.0
23.178942,11.931521,5.0
23.689184,11.720573,5.0
23.445488,11.3599825,5.0
22.03055,10.91338,5.0
22.412434,11.429452,5.0
11.54655,9.408257,2.0
22.68746,11.704557,5.0
22.67414,11.7718935,5.0
16.990608,10.331724,3.0
17.136711,10.304784,3.0
17.216204,10.393783,3.0
20.086025,10.612491,4.0
23.41696,10.806953,5.0
24.18289,11.125632,5.0
22.599195,10.612085,5.0
23.061937,10.726134,5.0
6.237945,10.824663,0.0
8.637509,9.725893,0.0
9.201294,11.896433,0.0
9.224881,11.935818,0.0
15.518447,11.626031,3.0
15.510804,11.485973,3.0
18.347593,11.392747,4.0
19.155273,11.15617,4.0
17.859442,12.206085,4.0
18.345907,12.118158,5.0
17.400343,12.777263,4.0
21.741028,11.006315,5.0
21.470997,10.63885,4.0
7.9605336,10.427565,0.0
5.5276656,10.18167,0.0
6.1049533,10.457408,0.0
6.8741884,10.589271,0.0
8.27679,10.460553,0.0
13.835959,10.738236,3.0
17.719603,11.617133,4.0
17.944105,11.641618,4.0
16.432386,10.500122,3.0
16.89715,10.450062,3.0
18.569115,10.967218,4.0
20.783014,10.958331,5.0
17.990547,10.744405,4.0
18.84111,10.739449,4.0
15.951975,11.584969,3.0
17.21255,11.588193,4.0
17.432922,11.634177,4.0
23.032856,12.921558,5.0
17.475151,10.6100445,4.0
13.2645235,11.727159,3.0
18.432814,11.879245,5.0
11.11842,10.790556,1.0
10.845732,10.76157,1.0
9.395526,10.551757,1.0
9.378844,10.594518,1.0
8.688749,10.84341,0.0
6.7341886,10.64943,0.0
9.011618,9.560972,1.0
9.343197,9.692016,1.0
9.374887,10.0452795,0.0
9.326691,10.110522,0.0
9.142052,10.364058,0.0
9.593149,10.467082,0.0
22.06652,11.872277,5.0
23.356789,10.944073,5.0
20.86598,11.0833235,5.0
19.643248,13.178088,5.0
6.8443193,10.347689,0.0
6.4941216,10.245772,0.0
19.658274,10.743289,4.0
19.946896,10.664674,4.0
13.770942,10.892792,2.0
6.3866363,11.307199,0.0
6.88416,11.565381,0.0
21.628864,12.53819,5.0
11.896663,9.897071,2.0
11.6044855,9.39379,1.0
11.572678,9.326151,1.0
7.7500925,11.070466,0.0
9.820183,11.229147,0.0
9.878592,11.3538685,0.0
9.899204,11.277855,0.0
9.818106,11.2447,0.0
18.812872,11.178321,4.0
16.892496,13.13081,4.0
17.078438,13.014545,4.0
11.524275,9.647094,0.0
20.847813,12.251288,5.0
22.295275,12.015716,5.0
21.22444,12.599865,5.0
9.346677,12.311682,0.0
7.10776,11.246671,0.0
10.407491,9.7915,2.0
21.466143,12.427775,5.0
15.516711,12.2909355,3.0
17.583172,12.314355,4.0
8.824667,10.676612,0.0
9.258008,10.572401,1.0
17.107826,12.86044,4.0
16.685335,12.977475,4.0
19.493488,11.040361,4.0
19.205366,11.1240015,4.0
19.479126,10.824014,4.0
18.88833,10.826852,3.0
9.557211,10.682335,1.0
14.187068,10.907983,2.0
13.789847,10.865994,2.0
14.1100855,10.86549,2.0
16.643837,10.439199,3.0
9.413162,10.952238,0.0
10.764375,11.544534,1.0
15.973954,11.485528,3.0
13.04897,11.06472,2.0
16.668495,11.872715,4.0
3.7716105,9.780695,0.0
3.920418,9.763429,0.0
3.6375015,9.801414,0.0
8.751888,10.687627,1.0
15.464244,13.249171,3.0
13.273778,10.234139,2.0
13.4492855,10.278223,2.0
14.735116,10.632403,3.0
17.080902,11.625652,4.0
20.580654,11.214242,5.0
9.294041,10.172275,1.0
9.788586,10.297193,1.0
7.8989825,11.822636,0.0
6.0126204,11.052174,0.0
7.6687284,11.543337,0.0
7.5348406,11.810142,0.0
9.465885,12.718267,0.0
12.343188,12.17907,2.0
3.7063692,9.862709,0.0
5.567495,9.836771,0.0
6.9382663,10.604906,0.0
6.2805862,10.920779,0.0
7.2303615,11.717774,0.0
22.178871,12.646781,5.0
23.70003,12.328701,5.0
14.367816,10.844536,3.0
18.480095,11.220342,5.0
18.404583,11.257665,4.0
18.252506,11.368854,4.0
21.09595,11.873903,5.0
22.10597,10.855729,5.0
19.563276,10.728058,4.0
19.184614,11.947266,5.0
20.030704,11.564529,5.0
7.70465,10.071907,0.0
7.467294,9.824529,0.0
17.398312,12.987127,5.0
17.44645,12.941475,5.0
15.676725,11.939564,3.0
15.449417,11.861808,3.0
15.971038,11.947953,4.0
15.552228,11.913456,3.0
13.886521,12.061545,2.0
22.698414,11.720845,5.0
17.94495,11.961903,4.0
18.725792,12.229198,4.0
18.644196,12.107411,4.0
8.364049,11.208114,0.0
12.736483,11.819747,2.0
14.677116,11.095792,3.0
14.005791,11.446616,2.0
12.73259,11.915673,2.0
21.084515,13.028008,5.0
22.290033,10.732542,5.0
20.617344,10.8128395,5.0
7.505656,12.454572,0.0
19.07836,12.78208,5.0
20.95734,12.698037,5.0
11.537686,9.398166,1.0
11.632609,9.36139,1.0
10.099711,11.404853,2.0
14.366375,11.250154,3.0
14.953379,11.453978,3.0
15.77777,11.570414,3.0
14.285648,12.85293,3.0
11.576093,9.574334,1.0
12.033331,9.507078,2.0
11.856509,9.428768,1.0
11.993676,9.609897,2.0
16.408796,12.949332,3.0
16.416185,13.051075,3.0
18.350197,12.635369,5.0
16.571745,12.789593,4.0
17.871824,11.975102,4.0
22.974705,12.00443,5.0
22.953218,12.000497,5.0
19.349007,11.668149,5.0
19.413588,12.32758,5.0
16.901175,12.501732,4.0
17.531092,12.283126,4.0
17.39646,12.349786,4.0
18.813425,12.257347,5.0
19.423512,12.193993,5.0
18.345354,12.307672,5.0
6.1492043,10.997109,0.0
22.500484,10.4121685,5.0
22.75271,10.514323,5.0
15.527057,11.668613,3.0
16.307594,11.42257,4.0
15.899818,11.529628,4.0
24.511127,11.747728,5.0
21.25686,11.032524,5.0
21.292505,11.016167,5.0
21.530933,11.204729,5.0
23.930115,11.347283,5.0
19.150944,11.934391,5.0
20.403877,10.965258,5.0
11.769018,10.835484,2.0
11.785376,11.021983,2.0
11.922133,11.281324,2.0
8.538203,11.056544,0.0
9.88876,12.078558,1.0
10.211773,10.729262,2.0
8.405461,11.005884,0.0
11.415676,12.151371,1.0
14.243298,10.760484,2.0
14.428981,10.741739,2.0
15.467364,10.710311,3.0
17.205343,10.351978,4.0
6.419,9.73496,0.0
7.35716,10.12938,0.0
8.918674,9.509983,0.0
9.406718,9.701847,1.0
9.7857895,10.003126,1.0
10.080848,10.408958,2.0
14.852669,13.700244,3.0
5.967075,10.18699,0.0
3.8517697,9.852072,0.0
5.6209106,10.082882,0.0
15.654622,10.833588,3.0
16.283794,10.945142,3.0
9.467672,11.965593,0.0
8.64251,11.628263,0.0
19.692684,12.380241,5.0
10.708929,12.599934,1.0
10.885404,12.57189,1.0
21.346333,10.92626,5.0
22.490017,11.198772,5.0
16.112661,11.527487,3.0
16.186052,11.579584,3.0
13.700974,11.246214,3.0
22.489464,11.129458,5.0
21.996275,11.292647,5.0
23.703945,11.314633,5.0
24.179441,11.400394,5.0
24.545414,12.000475,5.0
20.188417,12.371602,5.0
16.095413,11.342375,3.0
19.618996,10.708486,4.0
19.237703,10.80061,4.0
19.31313,10.777114,4.0
23.59496,11.416791,5.0
5.622305,10.188116,0.0
6.371652,10.187249,0.0
7.0101624,11.041747,0.0
7.1115994,10.504938,0.0
16.709038,12.097239,4.0
14.665526,13.372409,3.0
14.919875,13.104637,3.0
20.7481,12.031527,5.0
11.190427,11.282096,1.0
9.807478,10.658467,0.0
12.517402,12.238724,2.0
12.158562,11.9206705,1.0
17.429043,11.951623,4.0
17.238869,11.883467,4.0
18.023357,11.945286,5.0
17.720093,12.235607,3.0
21.242075,10.946406,5.0
23.518452,11.6543455,5.0
23.043823,11.355226,5.0
22.848827,11.147066,5.0
21.394232,12.43767,5.0
19.638914,12.656294,5.0
22.059399,12.19287,5.0
10.432349,12.183724,2.0
6.167603,11.125189,0.0
24.684206,12.021831,5.0
14.189972,13.793697,2.0
13.986847,13.816881,1.0
14.105649,13.829269,2.0
14.203822,13.838562,2.0
14.132016,13.87238,2.0
18.18435,11.628229,4.0
10.510037,9.867202,2.0
22.214436,10.591634,5.0
10.3583,12.475262,2.0
23.289694,11.051735,5.0
23.293653,11.105346,5.0
6.116195,9.938302,0.0
7.779489,10.114518,0.0
22.799875,10.985341,5.0
22.57541,11.0579,5.0
22.677355,11.05658,5.0
22.631393,10.962919,5.0
21.169664,12.816208,5.0
19.73804,12.799861,5.0
24.408022,12.312697,5.0
23.622166,11.671839,5.0
11.483425,12.000358,0.0
11.697208,12.164918,1.0
18.911995,11.946262,5.0
17.59773,11.398654,4.0
17.602554,11.3464155,4.0
16.598143,11.171188,3.0
19.81276,10.611259,4.0
22.606192,10.424083,5.0
17.95459,12.48151,5.0
9.681169,11.293492,1.0
11.921415,12.074606,2.0
10.112606,11.484487,1.0
13.189758,12.241393,2.0
7.8077035,10.425277,0.0
9.055961,11.497374,0.0
8.713658,12.930377,0.0
8.381824,12.732501,0.0
16.99815,11.282697,3.0
17.964539,11.014563,4.0
21.963884,12.225246,5.0
7.583586,9.562322,0.0
7.938406,9.42395,0.0
7.1039476,9.933919,0.0
7.129416,10.146189,0.0
19.299583,11.120975,5.0
22.630917,10.631852,5.0
24.514376,12.260017,5.0
6.552885,9.768031,0.0
8.140089,10.205481,0.0
20.07454,10.810444,4.0
21.971037,12.093077,5.0
17.879076,11.872523,4.0
19.296865,11.572153,4.0
19.292297,11.695421,5.0
20.817314,11.284613,5.0
21.907452,10.4264145,5.0
21.2318,12.178962,5.0
19.722054,11.021653,5.0
12.541404,11.780492,2.0
12.042342,11.074126,2.0
5.5532956,11.51911,0.0
5.5534773,11.478636,0.0
8.631525,9.47297,0.0
8.598438,9.488847,0.0
21.041714,12.809836,5.0
20.133581,12.702615,5.0
21.375298,11.048465,5.0
6.828887,10.135883,0.0
8.919871,11.35447,0.0
9.1160145,11.592925,0.0
10.45165,11.977717,1.0
22.372452,10.703128,5.0
17.644547,12.807093,5.0
17.922256,12.969907,5.0
20.51594,11.368957,5.0
18.173529,12.795505,4.0
23.859816,11.399794,5.0
13.741004,10.494135,2.0
22.343002,11.533887,5.0
21.9064,12.099804,5.0
10.226636,12.108783,1.0
10.43325,12.050948,1.0
21.6875,13.054237,5.0
19.268253,11.976762,5.0
22.024572,11.408985,5.0
21.841825,11.527117,5.0
22.624664,11.925754,5.0
20.78794,12.124386,5.0
18.461325,11.628287,4.0
4.3561664,10.411793,0.0
20.53685,10.707239,5.0
20.816797,10.67835,5.0
20.491772,11.711174,5.0
21.913578,10.825397,5.0
11.622935,11.464238,2.0
10.167175,11.480496,1.0
22.507494,12.159912,5.0
24.067822,12.042486,5.0
18.042877,12.590421,5.0
22.328299,10.614897,5.0
15.837072,11.263465,3.0
18.044771,11.672193,4.0
6.126879,9.66344,0.0
23.713505,12.091438,5.0
14.483835,12.8965645,3.0
9.287455,12.813162,0.0
12.774509,12.271276,2.0
12.592139,12.372464,2.0
9.64321,12.0081,0.0
6.4600425,9.8607855,0.0
7.7476764,10.360583,0.0
7.856601,11.031039,0.0
3.7881596,9.71323,0.0
8.943405,9.854539,0.0
11.424756,10.683367,2.0
13.347693,10.922076,2.0
13.6726,10.934221,2.0
9.53096,10.941418,0.0
9.910024,10.846394,1.0
19.914988,10.952445,5.0
7.198551,11.179231,0.0
6.9691334,11.158337,0.0
8.511989,12.007831,0.0
9.735479,10.457003,1.0
9.633729,10.363704,1.0
9.966532,10.710501,1.0
9.06823,11.62492,0.0
8.288414,11.390509,0.0
20.032986,12.521864,5.0
18.950638,11.437291,4.0
18.080772,11.5016365,4.0
12.284891,10.929772,2.0
12.168321,10.728562,2.0
12.405176,10.772007,3.0
12.222375,10.828448,3.0
15.721436,12.558407,4.0
8.075264,11.760946,0.0
8.845963,9.378397,0.0
8.92022,9.412106,0.0
9.156851,9.589699,1.0
8.971291,9.515929,1.0
8.851985,11.877186,0.0
14.077843,12.783216,3.0
14.173038,12.50252,3.0
20.359985,11.363438,5.0
18.34173,10.72789,4.0
20.313993,10.527147,4.0
21.210705,10.595544,5.0
20.53257,10.615213,5.0
10.488101,10.578087,2.0
9.501032,10.495024,1.0
22.65223,10.668312,5.0
8.894731,9.582221,0.0
9.814371,10.036557,1.0
9.834302,10.106651,1.0
8.925487,11.647812,0.0
8.825161,11.4852295,0.0
6.950112,9.668277,0.0
9.6647625,10.404778,1.0
11.469618,11.044661,2.0
9.898859,10.587178,2.0
13.83605,11.655394,3.0
20.109066,11.118541,4.0
18.00705,10.897262,4.0
4.2908854,9.730342,0.0
19.662933,11.016271,4.0
13.891152,12.041335,3.0
13.72673,11.91535,3.0
14.832487,12.054748,3.0
10.516602,12.682574,1.0
10.236593,12.828165,1.0
12.576257,12.600039,2.0
17.995462,12.464735,5.0
18.878674,12.767621,5.0
22.216648,10.761587,5.0
22.854977,11.062855,5.0
7.7338576,11.718723,0.0
8.258229,11.195028,0.0
7.9925747,11.160197,0.0
8.846579,11.984839,0.0
8.465462,11.690711,0.0
9.368888,11.854861,0.0
8.764274,9.38285,0.0
9.050142,9.785232,1.0
15.151271,11.822089,3.0
15.195122,11.874592,3.0
17.169466,11.666162,4.0
16.764431,11.708749,4.0
17.18858,11.569205,4.0
15.5118475,11.016256,3.0
16.054422,10.894892,3.0
6.922395,10.805897,0.0
12.953514,12.393005,2.0
12.783597,12.485216,2.0
12.727261,12.513308,2.0
15.204165,12.388681,3.0
11.511228,11.13141,2.0
11.174831,11.128572,1.0
10.624413,11.79069,1.0
14.981423,11.894226,3.0
15.657404,11.901688,3.0
19.669579,11.600208,5.0
8.426952,10.869454,0.0
9.95592,12.638617,0.0
10.582236,12.970391,1.0
9.152764,11.997323,0.0
9.610245,11.987881,1.0
12.144205,12.056146,1.0
12.391753,12.015996,2.0
19.06836,11.785387,4.0
5.7331533,10.821486,0.0
5.667727,10.66114,0.0
6.813445,11.564451,0.0
6.7986174,11.531605,0.0
6.8240542,11.557727,0.0
6.797822,11.512667,0.0
7.2528787,12.253691,0.0
7.4330764,12.32205,0.0
11.658038,12.400607,1.0
8.426867,10.211411,0.0
5.1451135,10.661242,0.0
3.756208,10.057588,0.0
22.185331,10.947496,5.0
11.23172,9.15497,0.0
11.078095,9.403543,0.0
8.646213,10.9185295,0.0
9.720784,11.378739,0.0
8.46128,11.664449,0.0
11.8689575,11.150444,2.0
12.129004,11.257617,2.0
12.257336,11.504429,2.0
14.800031,12.003669,3.0
14.582551,11.726786,3.0
8.706833,10.550806,0.0
6.6825013,11.844636,0.0
9.47257,11.522813,1.0
14.0507965,12.907132,3.0
9.852061,13.049514,0.0
9.167856,10.010981,0.0
9.406031,12.999712,0.0
9.095732,12.803123,0.0
13.963521,10.790703,2.0
16.71932,10.36359,3.0
17.372366,10.483327,4.0
17.720572,10.560281,4.0
8.991662,10.639837,1.0
13.721092,11.8095,3.0
12.880986,10.809937,2.0
24.138254,11.29348,5.0
15.470706,11.537048,3.0
16.220743,11.235414,3.0
16.026459,11.300754,3.0
18.171715,11.52734,4.0
18.234655,11.544268,4.0
19.642044,11.99731,5.0
8.312009,10.660918,0.0
8.189645,10.653775,0.0
7.7490053,10.472457,0.0
11.975449,11.794103,2.0
13.038974,12.376677,2.0
12.549749,12.2126465,2.0
6.7745624,10.864063,0.0
6.8237696,10.826092,0.0
19.613571,12.594459,5.0
13.66464,11.415621,3.0
13.338563,11.785913,2.0
17.052004,11.656967,4.0
17.020807,11.626431,4.0
17.02826,11.644501,4.0
17.059471,11.638626,4.0
18.82782,11.9067745,5.0
22.798492,12.02863,5.0
24.123697,12.383652,5.0
8.466551,10.253732,0.0
8.867613,10.386278,0.0
6.639532,10.744628,0.0
8.949029,11.28498,0.0
6.974895,10.677587,0.0
20.184658,11.684733,5.0
20.876339,11.645977,5.0
13.14701,11.593827,2.0
12.18508,11.528567,2.0
14.5772705,10.9555435,2.0
14.48466,10.80664,2.0
18.950794,11.62261,5.0
22.146515,10.972021,5.0
8.935092,11.03218,1.0
10.470105,10.010977,1.0
12.237408,11.36993,2.0
16.493258,11.044233,3.0
16.751059,11.501153,3.0
10.466959,12.774479,1.0
10.467421,12.869115,1.0
8.573216,10.401151,0.0
9.016153,10.623863,1.0
11.256807,10.764235,2.0
5.737522,11.129927,0.0
11.848571,10.262091,1.0
11.930947,10.562954,1.0
15.343792,12.536553,3.0
15.956532,12.937055,3.0
12.989057,12.415134,2.0
10.812114,11.922389,1.0
11.9664955,12.205505,1.0
10.210456,11.72792,0.0
12.536336,12.753977,2.0
11.81838,11.442247,2.0
11.593276,11.447667,1.0
7.810397,10.16046,0.0
7.7485814,9.842712,0.0
8.021321,10.079763,0.0
7.486564,10.650065,0.0
7.571766,11.015692,0.0
22.209208,11.910776,5.0
22.440687,11.821192,5.0
22.415808,11.897297,5.0
22.278332,12.0898485,5.0
18.54709,10.701721,4.0
18.364439,10.880431,4.0
20.600178,10.887432,5.0
13.9562435,12.737734,3.0
13.725146,12.891187,2.0
23.023329,11.464799,5.0
23.679161,11.4153805,5.0
23.479815,11.396683,5.0
23.92553,11.388581,5.0
5.7479043,10.907537,0.0
4.44978,10.562753,0.0
4.6487994,10.438951,0.0
8.718762,10.1176405,0.0
8.9533415,10.398243,0.0
8.88467,12.815307,0.0
9.205371,10.766605,0.0
10.861384,11.878467,1.0
10.801503,10.412921,1.0
11.2446575,10.990653,1.0
11.373469,11.674739,1.0
21.673773,12.037428,5.0
11.268636,10.455014,2.0
10.997773,10.460833,1.0
11.355831,10.5162,2.0
11.288165,10.508405,2.0
9.9248295,11.47738,1.0
18.076733,11.388534,4.0
18.071121,11.380599,4.0
18.878122,12.643602,5.0
17.801365,12.867531,4.0
20.804876,12.619917,5.0
21.829285,12.821811,5.0
14.368574,10.800724,3.0
14.328624,10.803506,3.0
18.97227,12.787578,5.0
22.557861,11.969038,5.0
21.64007,12.219581,5.0
16.533367,11.627456,3.0
21.861904,11.017063,5.0
24.074497,11.250454,5.0
23.904587,11.224695,5.0
17.238256,12.548155,4.0
8.517007,9.633508,0.0
8.310111,9.750122,0.0
8.203962,9.997161,0.0
7.9945936,11.707375,0.0
14.724039,11.614378,3.0
10.032703,10.064772,1.0
9.964404,9.948243,1.0
8.000115,9.686904,0.0
15.6594715,11.931058,4.0
15.386939,11.83758,3.0
16.139484,11.432528,3.0
17.750673,12.381041,4.0
22.694088,11.272116,5.0
23.976696,11.497265,5.0
23.245058,11.852906,5.0
24.736725,12.078103,5.0
16.180517,12.092392,4.0
8.501118,12.147705,0.0
6.623116,11.155285,0.0
6.7035108,10.922527,0.0
18.093029,12.483045,5.0
21.19413,12.459873,5.0
17.358337,11.794,4.0
15.711803,12.121868,3.0
16.303684,11.700866,3.0
10.843918,11.1783905,1.0
10.710885,11.436549,1.0
13.781358,12.060459,2.0
9.162989,12.205242,0.0
7.489686,10.956829,0.0
19.198408,12.354637,5.0
15.028843,12.033167,3.0
14.599209,12.005239,2.0
15.682406,12.017025,3.0
22.97504,12.02551,5.0
22.785852,12.16131,5.0
23.320751,12.1872225,5.0
24.613474,12.243111,5.0
21.068905,13.310801,5.0
22.936428,12.967246,5.0
23.485239,12.732372,5.0
23.604883,12.69368,5.0
17.326942,11.59919,4.0
17.615814,11.875375,4.0
16.866959,12.00248,4.0
13.865939,11.626028,3.0
16.39344,11.834903,3.0
18.561071,12.320951,5.0
16.894552,12.381449,4.0
14.431622,10.973271,3.0
17.585892,11.933821,5.0
8.599629,12.7663555,0.0
8.41678,11.850703,0.0
8.75098,12.231863,0.0
9.916465,11.615215,1.0
10.276506,11.972193,1.0
12.093377,12.5517845,1.0
13.358569,12.026792,2.0
9.961185,10.620898,1.0
10.305074,10.803036,1.0
10.3468275,10.977094,1.0
10.128612,11.998249,1.0
10.425489,12.289887,1.0
10.499797,12.212866,2.0
13.604441,12.813352,2.0
8.756976,10.551339,0.0
11.764079,10.732183,2.0
12.0505295,10.854564,1.0
7.497057,11.881699,0.0
7.488329,11.810745,0.0
7.083329,11.920427,0.0
22.71716,12.228071,5.0
22.150694,12.355578,5.0
16.432375,11.992787,3.0
16.629374,11.936723,4.0
9.2715845,12.423547,0.0
6.861859,11.268195,0.0
7.318639,10.450385,0.0
3.5033176,9.956391,0.0
3.5729868,9.997078,0.0
3.5420113,9.958812,0.0
5.8684316,10.251069,0.0
6.1479816,10.393659,0.0
10.021866,11.2855625,1.0
8.772927,11.743272,0.0
7.3990817,11.145329,0.0
16.99535,11.701131,4.0
17.245901,11.660419,4.0
14.285073,12.441206,3.0
17.301958,12.028872,4.0
14.639118,12.564292,3.0
18.194122,11.776232,4.0
18.457943,11.514863,4.0
16.52406,12.8934145,4.0
8.873594,10.108782,0.0
9.345126,10.369913,0.0
10.764866,12.725825,0.0
22.868437,12.730708,5.0
22.485441,12.730294,5.0
9.005307,11.187844,0.0
16.652151,11.223271,5.0
9.933204,10.723237,1.0
19.916222,12.979712,5.0
21.945745,12.839547,5.0
8.939923,11.550612,0.0
8.559476,11.308091,0.0
8.60841,10.825471,0.0
10.736868,10.836946,1.0
11.43508,12.739049,1.0
11.205855,12.990981,1.0
11.135238,12.839186,1.0
8.997468,11.171951,0.0
7.577841,10.810921,0.0
21.583433,11.221891,5.0
17.819307,10.942478,4.0
18.390846,13.2745,5.0
17.012136,13.589243,5.0
7.3803024,11.638941,0.0
6.669568,11.0478,0.0
7.33589,11.674363,0.0
11.559918,10.907756,2.0
11.505603,10.821304,2.0
10.369782,11.630176,0.0
10.361285,11.831247,0.0
21.442991,11.730896,5.0
23.817114,11.3133,5.0
23.793152,11.473878,5.0
14.479637,10.459114,3.0
16.67702,10.725669,3.0
5.6306405,10.686443,0.0
4.9012847,10.507374,0.0
11.8072605,12.1193285,2.0
16.62791,11.95668,3.0
10.417004,11.411886,1.0
9.761737,11.526133,0.0
7.8897076,11.89453,0.0
9.883169,11.924177,0.0
11.680612,13.074207,1.0
8.207114,11.787516,0.0
8.504769,12.509613,0.0
8.718468,12.080024,0.0
9.598031,10.149179,0.0
5.8622627,10.742503,0.0
11.932719,11.883058,2.0
11.956051,11.799356,2.0
12.030588,11.655085,2.0
11.810504,11.861119,2.0
6.1437006,10.605698,0.0
5.399583,10.178275,0.0
9.920845,11.171179,1.0
19.792706,10.851384,4.0
16.208267,11.412332,3.0
13.906388,11.125063,3.0
8.72836,12.923131,0.0
14.636646,12.135798,3.0
14.762097,12.006822,3.0
15.760941,12.007064,4.0
19.921164,11.115791,5.0
20.722078,11.007556,5.0
21.882801,10.508192,5.0
11.872844,11.514044,2.0
14.954791,11.825502,3.0
22.303001,10.949723,5.0
22.83635,11.052066,5.0
8.917782,10.564793,0.0
8.841946,10.524709,0.0
14.042761,11.409516,2.0
22.750065,10.78567,5.0
20.662579,11.13071,5.0
19.965448,11.62622,5.0
21.124395,11.760318,5.0
16.56574,13.163242,4.0
7.80879,12.713041,0.0
14.888655,12.805845,3.0
24.002928,12.557308,5.0
10.275023,12.778929,0.0
9.68935,12.546795,0.0
13.326829,12.021759,3.0
7.49636,11.848336,0.0
23.272652,12.818245,5.0
23.74692,12.628284,5.0
16.27805,11.52954,3.0
7.0415287,9.298658,0.0
4.5522165,9.961606,0.0
4.3254285,10.006921,0.0
14.95077,11.961954,3.0
23.564667,11.18296,5.0
4.837641,9.762738,0.0
4.6358166,9.708665,0.0
4.5991073,9.606337,0.0
23.531813,12.014165,5.0
12.324019,11.963715,2.0
15.840868,10.946094,3.0
14.726547,12.112221,3.0
18.87349,11.812491,5.0
16.250477,10.706576,3.0
17.649044,11.033511,4.0
9.63647,10.899247,0.0
9.487477,11.044113,0.0
7.511728,10.177322,0.0
16.384975,13.364203,3.0
16.877287,13.37093,4.0
22.329678,12.509907,5.0
9.521493,12.500606,0.0
9.569485,12.221864,0.0
8.387515,9.763178,0.0
8.306729,9.8312845,0.0
7.4103603,10.822035,0.0
16.36224,11.646091,3.0
20.924856,13.192226,5.0
8.853263,10.546169,0.0
10.5590105,10.715336,0.0
8.723108,11.124228,0.0
7.479087,11.673187,0.0
7.4000163,11.72146,0.0
7.3631687,11.657595,0.0
4.685468,10.797513,0.0
4.8728256,10.844067,0.0
15.036863,10.913965,3.0
12.375198,11.469297,2.0
12.34756,11.5908575,2.0
12.117411,12.24227,2.0
6.395592,12.053128,0.0
10.590153,11.457555,1.0
10.644659,12.675533,1.0
20.574192,11.772918,5.0
21.08503,11.899787,5.0
11.606762,13.220593,2.0
12.793281,12.743365,2.0
11.227165,10.561565,1.0
11.42724,10.547937,2.0
12.967321,10.791199,2.0
17.187206,13.006084,5.0
20.138733,10.675286,4.0
5.47757,10.572347,0.0
5.545877,10.90498,0.0
10.593626,13.084471,1.0
10.229962,13.0683565,0.0
5.7378044,10.893801,0.0
6.75296,11.619685,0.0
8.072471,10.127327,0.0
8.178007,10.428401,0.0
17.810434,13.468606,4.0
7.5847354,12.106352,0.0
8.997895,12.703504,0.0
7.883553,12.380222,0.0
11.762015,11.86365,2.0
15.042949,12.145937,3.0
11.658409,12.400562,1.0
12.319985,12.226991,1.0
14.492969,10.603644,3.0
7.5748277,9.740314,1.0
14.596524,10.619596,3.0
12.464109,12.047563,2.0
18.593622,11.8414345,4.0
19.495766,11.494329,5.0
9.862324,11.460966,0.0
22.192888,10.632579,5.0
11.145746,13.07692,0.0
4.798338,9.88407,0.0
4.8993144,10.05228,0.0
4.4468217,9.86329,0.0
18.011997,12.083271,5.0
12.141927,11.705735,2.0
24.414507,11.424292,5.0
16.756195,12.323105,3.0
17.805609,12.237485,4.0
19.817413,12.166843,5.0
14.581433,10.955248,3.0
10.948479,12.970354,1.0
11.118866,12.931673,1.0
11.342587,12.874081,2.0
8.5894575,11.671104,0.0
9.067426,12.0097275,0.0
8.418799,11.41032,0.0
9.640179,11.312609,0.0
10.685343,11.709745,1.0
10.61127,11.27657,1.0
16.707222,12.943308,5.0
10.293142,12.206062,1.0
17.530777,12.952446,4.0
8.275906,11.581256,0.0
8.538375,11.37805,0.0
12.168602,10.992441,2.0
22.02276,10.55856,5.0
22.100628,10.682357,5.0
17.979013,11.207462,4.0
20.25475,10.7872925,5.0
9.770152,11.217848,0.0
9.974442,11.268149,0.0
20.245327,12.981836,5.0
15.993511,13.476532,3.0
23.787569,12.602288,5.0
17.390684,11.982474,5.0
17.937218,10.791002,4.0
22.31504,10.49445,5.0
22.180109,10.537671,5.0
6.0616727,10.61512,0.0
5.8277097,10.584186,0.0
5.695092,10.511349,0.0
21.180008,11.1650715,5.0
23.963455,11.396655,5.0
12.141275,11.041284,2.0
12.954236,11.0772085,3.0
6.7021713,10.724752,0.0
6.1745586,11.910928,0.0
23.688623,11.658574,5.0
23.409111,11.657052,5.0
9.0418415,12.789926,0.0
5.580227,10.982161,0.0
6.200898,11.132634,0.0
7.6022024,10.257137,0.0
11.006664,10.683286,2.0
17.675514,11.495253,4.0
23.911173,11.316112,5.0
10.288159,12.629795,0.0
20.807568,12.286723,5.0
22.090649,12.164122,5.0
23.653168,11.9218025,5.0
23.591032,10.936749,5.0
23.470879,10.985095,5.0
24.363052,11.558918,5.0
7.966054,10.103789,0.0
7.496749,11.018655,0.0
7.311769,11.053783,0.0
7.078663,10.383963,0.0
6.7401705,10.28783,0.0
14.615979,12.622015,3.0
12.575075,11.352189,3.0
23.40026,12.7601595,5.0
21.83418,12.878554,5.0
23.166887,10.604038,5.0
17.589228,11.332015,4.0
18.367517,11.304737,4.0
12.388944,12.730936,2.0
7.673913,12.043486,0.0
16.001589,13.53112,4.0
24.041285,12.547404,5.0
24.477537,12.32033,5.0
23.061811,10.7197275,5.0
15.483242,12.335104,3.0
21.685884,10.733931,5.0
21.830564,11.547656,5.0
14.63768,11.82101,3.0
20.238302,11.195196,5.0
20.13837,11.138058,5.0
16.137491,10.568766,3.0
17.10568,10.397197,3.0
11.023689,12.765699,1.0
10.928212,12.583143,1.0
13.307332,10.888634,2.0
13.407922,12.083619,2.0
10.455416,9.935527,2.0
11.642704,11.929827,2.0
13.125486,12.450509,2.0
13.268333,12.396318,2.0
11.361205,11.389565,1.0
8.048972,11.82859,0.0
7.7286386,11.970694,0.0
19.033115,12.119651,5.0
18.49083,12.472401,5.0
11.673691,10.840022,1.0
14.90067,12.252451,3.0
14.539305,11.112497,3.0
14.927032,11.061041,3.0
7.5358305,11.384146,0.0
5.805557,11.210285,0.0
12.536957,12.242486,2.0
6.7009645,10.188097,0.0
7.386696,12.541742,0.0
3.8365119,9.723933,0.0
6.537087,10.536218,0.0
20.844126,13.112417,5.0
19.065994,11.146584,4.0
19.310751,11.113833,4.0
21.266943,12.532073,5.0
22.486454,11.940027,5.0
14.034341,12.204958,2.0
13.486316,12.517442,2.0
8.973183,10.140657,0.0
14.00487,12.3763275,3.0
14.057955,12.205706,3.0
19.109306,12.452963,5.0
21.209059,11.80708,5.0
19.143087,12.40685,5.0
5.0255003,10.890752,0.0
11.744091,12.112483,1.0
8.882978,11.305466,0.0
19.903461,11.262011,5.0
23.66219,12.612758,5.0
5.1209126,9.872276,0.0
5.1134415,9.854626,0.0
5.1566887,9.888336,0.0
5.1783166,9.925014,0.0
4.015067,9.793207,0.0
16.996675,11.945099,4.0
9.537723,10.789419,1.0
11.656539,11.482801,2.0
21.526056,11.392864,5.0
8.900622,10.801117,1.0
5.810248,9.645319,0.0
3.923635,9.969004,0.0
21.99007,10.979565,5.0
22.007093,10.975608,5.0
9.839756,11.928965,1.0
9.921888,12.798071,1.0
13.347582,12.982122,3.0
5.2493124,10.431038,0.0
4.854501,10.44003,0.0
12.56623,12.987364,2.0
11.396345,10.847433,1.0
13.698112,10.281561,2.0
19.526487,12.14031,5.0
21.882942,11.356429,5.0
21.528776,11.494973,5.0
8.775061,10.995045,0.0
22.140017,11.059558,5.0
6.76734,10.3374605,0.0
12.405687,11.844871,2.0
4.003035,10.073077,0.0
6.851929,9.989675,0.0
8.289109,10.757158,0.0
8.066115,11.393149,0.0
11.6328535,11.683806,1.0
21.969288,11.087813,5.0
13.4436865,11.638895,2.0
7.2463737,11.093038,0.0
16.465912,10.442309,3.0
23.889517,12.46857,5.0
22.520016,12.575145,5.0
3.953361,10.184497,0.0
9.551611,12.472033,0.0
8.853435,12.501168,0.0
11.1547365,12.359086,1.0
10.203367,12.811409,1.0
8.282735,12.622981,0.0
8.868711,12.972825,0.0
24.017702,11.397493,5.0
5.960858,11.30862,0.0
11.88925,12.006317,1.0
14.581429,12.390101,3.0
9.472639,12.849575,0.0
19.062267,13.020053,5.0
9.988126,11.2271,1.0
10.045764,12.395524,0.0
13.097502,12.567546,2.0
12.242399,12.2838125,1.0
15.5795355,11.044093,3.0
7.7780204,11.295978,0.0
8.219747,10.720306,0.0
17.207697,10.462919,4.0
15.492239,12.058694,3.0
9.533761,11.955428,0.0
8.483803,11.788369,0.0
16.957771,11.940593,4.0
12.669282,10.484174,2.0
8.510672,10.340935,0.0
7.4425573,11.854937,0.0
11.76799,11.604926,1.0
17.531843,11.365317,4.0
7.349376,11.173537,0.0
22.066484,11.799618,5.0
9.519188,12.149621,0.0
22.113667,12.655173,5.0
8.00979,12.403157,0.0
11.322852,12.750186,2.0
14.494514,12.709746,3.0
21.134447,13.347886,5.0
16.768478,11.633114,4.0
18.015081,11.628514,4.0
23.146868,12.784542,5.0
16.60469,11.220589,4.0
18.773937,11.942383,5.0
12.990216,12.743547,2.0
8.979644,13.076174,1.0
23.6507,12.554175,5.0
6.0738854,11.765934,0.0
14.271138,12.634754,3.0
8.242127,12.168154,0.0
20.787313,10.883095,5.0
9.066461,11.302732,1.0
9.161467,10.291541,0.0
13.692391,11.873894,2.0
8.2011795,11.593903,0.0
9.866653,11.685339,0.0
19.20593,11.79467,4.0
8.932311,13.004415,0.0
18.60691,12.107133,4.0
20.913067,12.864546,5.0
13.391097,11.854163,2.0
8.192344,12.6248455,0.0
18.429348,11.535559,4.0
23.171225,11.000659,5.0
9.874489,10.629544,1.0
7.1728644,12.360407,0.0
5.843915,11.545954,0.0
21.257017,13.215983,5.0
10.697334,11.597158,1.0
9.270659,11.691477,0.0
11.131432,12.935625,0.0
7.4982934,11.191645,0.0
21.118496,11.238591,5.0
17.505465,10.508583,4.0
10.902461,12.211757,2.0
19.726524,12.113467,5.0
22.651194,11.945431,5.0
6.5603867,10.59378,0.0
7.322811,10.694838,0.0
23.930626,11.539138,5.0
4.054339,10.263502,0.0
9.753525,12.358524,0.0
12.59949,12.000955,2.0
17.401417,10.382463,4.0
16.400665,11.737613,3.0
8.968242,11.328228,0.0
14.299488,10.833106,2.0
15.364333,11.372034,3.0
5.631979,10.744656,0.0
23.718933,11.409709,5.0
22.705477,11.79271,5.0
9.64046,13.185577,0.0
8.853064,12.262337,0.0
11.595206,11.755651,2.0
16.085066,11.82051,4.0
20.172205,10.892049,5.0
19.651226,12.367037,5.0
14.144912,12.510874,3.0
7.5682063,11.344205,0.0
19.461111,11.091673,5.0
15.101488,10.852478,3.0
13.156644,12.107334,2.0
23.411146,12.712855,5.0
10.556628,11.14756,1.0
10.968671,11.731014,0.0
11.512169,12.04491,1.0
12.69436,12.303415,2.0
6.71521,11.081415,0.0
11.037308,12.895209,0.0
6.789715,11.987722,0.0
7.3910108,11.574983,0.0
8.229829,10.631957,0.0
20.512306,10.37971,4.0
12.335053,12.571093,2.0
22.10606,10.5572605,5.0
16.68753,11.322913,4.0
17.37543,12.181892,4.0
13.228408,11.064274,2.0
15.453108,13.644713,3.0
5.356058,9.775472,0.0
6.4606256,10.896911,0.0
22.000217,10.817012,5.0
13.770595,10.626187,2.0
19.777351,12.418197,5.0
8.564895,11.946185,0.0
10.780687,11.382289,1.0
20.967077,11.565103,5.0
12.102714,11.542309,2.0
17.43254,12.246514,4.0
10.818935,12.7903805,0.0
10.538341,12.960196,0.0
11.9962225,11.302117,2.0
6.2335925,10.992627,0.0
7.770529,10.305505,0.0
15.451775,13.637389,3.0
14.207655,13.852778,2.0
16.13322,13.736629,3.0
14.881834,10.816795,3.0
9.30843,12.16957,0.0
19.204483,11.401911,5.0
9.587152,13.140006,0.0
19.961863,12.942772,5.0
22.370203,12.334778,5.0
23.938702,12.573537,5.0
11.190377,12.713539,1.0
24.443556,11.633735,5.0
12.991348,12.177407,2.0
16.12561,12.395214,4.0
9.336031,13.139352,0.0
16.66873,11.603047,4.0
23.867609,11.3852005,5.0
14.503202,11.312189,3.0
4.4343796,10.090667,0.0
7.4715214,11.51774,0.0
8.948119,12.526669,0.0
9.849477,12.321722,0.0
20.230204,11.031708,5.0
20.36453,13.000088,5.0
9.534134,11.829882,0.0
22.885153,10.636872,5.0
23.953485,11.456879,5.0
21.549984,12.2089815,5.0
7.1282053,10.376661,0.0
9.049632,10.059293,0.0
8.565258,11.243705,0.0
19.19587,12.50614,5.0
14.6301365,12.090048,3.0
9.068752,12.463809,0.0
24.450726,12.221408,5.0
21.72994,11.3949795,5.0
23.7946,11.325498,5.0
21.899607,11.446132,5.0
13.419809,10.423523,2.0
7.9671054,11.246112,0.0
16.441402,11.753754,4.0
11.192099,12.097386,1.0
7.3358407,11.857495,0.0
17.571194,10.375807,4.0
9.674828,11.040132,0.0
17.35868,11.360392,4.0
10.822766,12.138489,0.0
13.147349,12.237245,2.0
8.612615,11.074515,0.0
7.9502897,12.010296,0.0
21.902435,11.218489,5.0
8.799047,11.453423,0.0
21.442038,11.702784,5.0
14.585545,11.529939,3.0
10.906406,11.933647,1.0
8.914903,11.326155,0.0
18.228153,12.29998,4.0
8.7043705,10.734574,0.0
9.989455,12.900656,0.0
5.5389104,10.8926,0.0
11.706325,12.160813,1.0
8.808262,10.62481,0.0
21.754004,10.664604,5.0
8.114887,11.393915,0.0
12.307078,12.856599,2.0
17.689644,12.439914,5.0
5.906482,11.386017,0.0
14.12196,11.554645,3.0
12.219391,11.890724,2.0
8.593687,12.681253,0.0
21.527689,12.327618,5.0
12.691502,12.03733,2.0
7.6974626,12.272546,0.0
14.566163,11.874922,3.0
12.620812,12.179951,2.0
9.653109,12.434315,0.0
14.676515,12.23344,3.0
11.087357,12.668917,0.0
23.278044,11.327823,5.0
22.7497,10.676771,5.0
8.976323,12.765473,0.0
6.1135964,10.269151,0.0
15.39052,13.069519,3.0
13.835435,12.42881,3.0
13.592475,11.320633,3.0
7.9278665,11.859794,0.0
11.726629,13.0396595,2.0
6.906054,10.368466,0.0
19.791227,12.65179,5.0
11.715333,12.257091,1.0
11.349799,12.43096,1.0
20.149078,10.550017,4.0
19.7624,12.720662,5.0
18.245348,11.770081,4.0
12.753847,12.617714,2.0
10.544285,13.107481,0.0
10.035832,11.747107,1.0
18.934845,12.153684,5.0
6.953574,10.585241,0.0
14.795497,11.530681,3.0
9.459307,12.2186575,0.0
7.6452627,10.886216,0.0
18.559286,12.147655,5.0
9.535234,11.562014,0.0
11.370589,12.957715,1.0
7.760841,11.997582,0.0
9.99614,11.127735,1.0
10.565494,10.68895,1.0
10.385204,13.073382,0.0
11.490344,11.239284,1.0
14.732639,12.621352,3.0
14.0037985,13.538507,2.0
12.717528,12.735763,2.0
5.1125464,10.421894,0.0
7.8638144,11.456621,0.0
14.512124,10.809202,3.0
5.0004573,10.044791,0.0
13.231834,10.4556465,2.0
10.045435,11.208962,0.0
6.3062654,11.686588,0.0
11.168427,12.055383,1.0
16.961004,12.210407,4.0
17.042734,12.626607,3.0
15.226846,13.189705,3.0
12.586996,12.189089,2.0
13.764815,12.393485,3.0
23.702389,11.085951,5.0
22.394325,11.334167,5.0
19.216038,11.083381,4.0
12.981254,12.311025,2.0
8.854981,12.187164,0.0
11.080265,12.292381,1.0
14.808451,12.637321,3.0
10.35251,12.874383,0.0
11.404754,11.90828,1.0
9.516285,12.659193,0.0
9.4578705,12.788581,0.0
10.617724,12.687345,0.0
8.4661665,11.961529,0.0
16.475492,12.0217,4.0
14.137787,12.16827,3.0
8.771902,11.51843,0.0
23.175512,11.122646,5.0
8.134894,11.589093,0.0
9.469189,11.147961,1.0
9.255452,11.81719,0.0
3.6830401,9.894853,0.0
20.379545,11.442583,5.0
6.571163,10.6396055,0.0
9.931344,12.580313,0.0
11.106074,13.0942745,0.0
10.553906,12.897,1.0
19.578846,12.731612,5.0
9.983095,11.51385,0.0
8.011739,10.686428,0.0
6.7432327,10.733255,0.0
11.3248,11.635711,1.0
11.965016,12.3324585,1.0
11.297545,13.022525,0.0
4.566729,9.990883,0.0
21.062048,10.704315,5.0
6.5483065,9.848912,0.0
17.0408,11.738909,4.0
4.310353,10.050719,0.0
7.7988405,10.878353,0.0
15.476052,11.612753,3.0
7.7396455,11.124528,0.0
18.26399,10.964558,4.0
23.747046,11.944436,5.0
8.927862,10.252164,0.0
16.950327,10.568953,3.0
7.3806677,12.0342245,0.0
20.009125,11.148548,5.0
8.5874,10.856624,0.0
18.171738,10.462365,4.0
12.900373,10.914988,2.0
6.6981735,11.895466,0.0
3.4937239,9.999798,0.0
24.078627,11.328224,5.0
23.825253,11.879645,5.0
18.735107,10.619256,4.0
23.689814,11.283631,5.0
7.508025,11.559924,0.0
8.000058,10.349316,0.0
22.118443,10.5890255,5.0
23.818254,12.622819,5.0
16.784197,11.226212,4.0
10.9537115,13.028666,1.0
16.836409,11.598884,3.0
16.068962,11.945846,4.0
12.228247,12.312781,1.0
6.0279074,11.263334,0.0
13.612566,12.295856,2.0
16.542519,11.235722,3.0
4.394586,10.384485,0.0
9.75795,12.299024,0.0
10.250696,12.1405,2.0
14.331906,12.603093,3.0
12.508982,12.906341,2.0
16.2268,11.139601,3.0
5.8321657,10.8585005,0.0
12.352119,12.39315,1.0
19.24707,11.138232,5.0
8.488508,11.071414,0.0
14.238718,12.308912,3.0
10.764216,11.361699,1.0
7.3405457,11.649157,0.0
8.352283,12.036135,0.0
18.830467,11.395326,4.0
14.315635,13.530326,2.0
18.574663,12.828327,5.0
8.13898,11.509094,0.0
16.215063,11.495822,3.0
18.184189,12.436563,5.0
16.228325,10.733363,3.0
10.713713,13.103428,0.0
5.506432,10.879676,0.0
8.125432,12.546729,0.0
16.08212,11.181241,3.0
21.67406,12.066191,5.0
12.134073,11.541665,2.0
20.8615,11.326236,5.0
11.922563,12.903287,1.0
5.806007,11.009905,0.0
10.20307,11.857072,0.0
9.987063,11.820828,1.0
11.112957,13.025981,1.0
3.8169131,9.912463,0.0
7.5219007,12.043032,0.0
16.618029,13.209844,4.0
9.581903,12.9201,0.0
9.984208,12.0660925,1.0
6.970206,12.313681,0.0
17.216461,12.559921,3.0
13.985522,10.256777,2.0
17.116163,10.643685,4.0
11.926648,13.000566,2.0
9.961508,13.063665,0.0
8.389043,11.977862,0.0
8.64532,11.984173,0.0
18.328577,12.146045,5.0
8.063602,12.409775,0.0
7.5455046,10.02635,0.0
10.531127,12.937298,0.0
11.135132,11.395068,1.0
12.878147,12.449043,2.0
10.277614,11.712825,1.0
12.801312,12.6274185,2.0
6.671123,11.934741,0.0
14.681661,11.22857,2.0
11.289621,12.759461,2.0
9.471868,10.998088,0.0
8.823548,11.824712,0.0
10.216207,13.030309,0.0
21.12423,13.256951,5.0
14.636539,12.053644,3.0
9.263687,11.794549,0.0
4.835008,10.132225,0.0
17.773838,12.237461,4.0
7.519664,10.079045,0.0
8.420843,12.915892,0.0
5.527093,9.930437,0.0
13.70598,12.488663,3.0
17.568373,10.454171,4.0
8.734151,12.960041,0.0
12.710649,12.273701,1.0
12.22116,12.26157,1.0
6.2625766,9.951254,0.0
11.374416,11.572053,1.0
11.103008,12.784442,1.0
11.299226,12.910619,1.0
17.0416,11.704506,4.0
16.744045,13.557071,3.0
11.426269,12.779482,0.0
15.069407,11.847664,4.0
24.299679,11.276642,5.0
21.829569,10.848936,5.0
12.5738,12.7753,2.0
22.743607,11.849233,5.0
16.05362,10.840889,3.0
12.22681,12.118744,1.0
16.557653,11.336921,3.0
16.058357,12.298157,3.0
9.60489,10.265188,0.0
22.750801,11.314102,5.0
13.087502,11.82563,2.0
24.401224,11.436128,5.0
18.050407,11.367263,4.0
3.8398952,9.754611,0.0
4.724367,10.576881,0.0
7.734112,11.568716,0.0
6.99319,12.165259,0.0
22.54506,11.125311,5.0
21.185986,10.45195,4.0
24.240906,11.352882,5.0
22.699265,11.953639,5.0
3.9973884,9.773699,0.0
14.880476,12.19027,3.0
3.7202547,9.737958,0.0
20.03512,11.495051,5.0
7.636009,12.026094,0.0
18.770483,11.412111,5.0
16.838339,11.028693,3.0
10.043564,12.906,1.0
9.332038,12.873186,0.0
9.267724,12.012016,0.0
13.57298,12.51625,2.0
20.491467,11.228222,5.0
10.95014,11.274116,1.0
16.56313,13.134973,4.0
6.6936455,11.839434,0.0
19.61048,11.977359,5.0
15.762826,11.471278,3.0
19.701933,11.376469,5.0
3.4846876,9.976369,0.0
20.196152,11.293225,5.0
19.318436,12.730486,5.0
21.195692,13.036108,5.0
9.427952,10.841901,0.0
8.824952,12.283091,0.0
11.242996,12.857175,2.0
9.02276,10.916225,1.0
8.234698,11.39246,0.0
10.740671,11.949306,1.0
6.398635,11.794844,0.0
22.243784,10.693034,5.0
9.254268,11.3312235,1.0
17.65165,12.145417,4.0
8.589658,12.242059,0.0
11.816788,11.994218,2.0
17.81216,11.398349,4.0
22.193521,11.240061,5.0
16.332912,10.526827,3.0
17.828606,11.707356,5.0
5.802195,10.954304,0.0
23.963612,11.576959,5.0
9.73391,13.1134615,0.0
14.246947,13.319881,2.0
14.190908,12.15724,3.0
23.1754,11.853412,5.0
20.581694,12.844362,5.0
5.8799233,10.997685,0.0
12.435106,12.893618,2.0
22.3369,11.209391,5.0
12.408919,12.482647,2.0
8.308685,11.479563,0.0
4.138507,9.8737,0.0
21.033346,10.474756,5.0
22.207045,12.621862,5.0
21.844103,10.640746,5.0
14.430555,11.487163,3.0
18.121,11.434349,4.0
8.465584,11.337146,0.0
7.3035274,11.486497,0.0
4.954923,10.745762,0.0
5.913251,10.589345,0.0
5.1273665,9.793484,0.0
24.065884,11.431144,5.0
6.908806,10.092131,0.0
14.067275,12.518516,3.0
21.249945,11.574295,5.0
15.434944,11.343637,3.0
17.73858,11.500903,4.0
20.287983,12.49859,5.0
14.058331,12.44774,3.0
17.907389,12.948232,5.0
9.114451,10.166416,0.0
20.450714,11.869707,5.0
6.71881,10.491569,0.0
14.25883,12.205575,3.0
