subtype,observed_group,roi,abs_error
0,stage0,CTX_LH_BANKSSTS_SUVR,0.0151083342465754
0,stage0,CTX_LH_CAUDALANTERIORCINGULATE_SUVR,0.0016823917808219
0,stage0,CTX_LH_CAUDALMIDDLEFRONTAL_SUVR,0.003798893150685
0,stage0,CTX_LH_CUNEUS_SUVR,0.005731924657534
0,stage0,CTX_LH_ENTORHINAL_SUVR,0.0106361945205478
0,stage0,CTX_LH_FUSIFORM_SUVR,0.006093704109589
0,stage0,CTX_LH_INFERIORPARIETAL_SUVR,0.0097331753424656
0,stage0,CTX_LH_INFERIORTEMPORAL_SUVR,0.0062884999999999
0,stage0,CTX_LH_ISTHMUSCINGULATE_SUVR,0.0217601397260276
0,stage0,CTX_LH_LATERALOCCIPITAL_SUVR,0.0013557835616437
0,stage0,CTX_LH_LATERALORBITOFRONTAL_SUVR,0.0119316712328765
0,stage0,CTX_LH_LINGUAL_SUVR,0.0045622627397259
0,stage0,CTX_LH_MEDIALORBITOFRONTAL_SUVR,0.0033665999999998
0,stage0,CTX_LH_MIDDLETEMPORAL_SUVR,0.0048440560273971
0,stage0,CTX_LH_PARAHIPPOCAMPAL_SUVR,0.0160571139726029
0,stage0,CTX_LH_PARACENTRAL_SUVR,0.0085559726027395
0,stage0,CTX_LH_PARSOPERCULARIS_SUVR,0.0011465739726026
0,stage0,CTX_LH_PARSORBITALIS_SUVR,0.0002193836986301
0,stage0,CTX_LH_PARSTRIANGULARIS_SUVR,0.0001388246575342
0,stage0,CTX_LH_PERICALCARINE_SUVR,0.0053157082191781
0,stage0,CTX_LH_POSTCENTRAL_SUVR,0.0006314756164382
0,stage0,CTX_LH_POSTERIORCINGULATE_SUVR,0.0120403315068493
0,stage0,CTX_LH_PRECENTRAL_SUVR,0.002498708219178
0,stage0,CTX_LH_PRECUNEUS_SUVR,0.0175709780821919
0,stage0,CTX_LH_ROSTRALANTERIORCINGULATE_SUVR,0.0051458232876712
0,stage0,CTX_LH_ROSTRALMIDDLEFRONTAL_SUVR,0.006234209589041
0,stage0,CTX_LH_SUPERIORFRONTAL_SUVR,0.0039955335616438
0,stage0,CTX_LH_SUPERIORPARIETAL_SUVR,0.0109234095890411
0,stage0,CTX_LH_SUPERIORTEMPORAL_SUVR,0.0071427356164384
0,stage0,CTX_LH_SUPRAMARGINAL_SUVR,0.0012966589041094
0,stage0,CTX_LH_FRONTALPOLE_SUVR,0.0037339052054795
0,stage0,CTX_LH_TEMPORALPOLE_SUVR,0.0101061684931507
0,stage0,CTX_LH_TRANSVERSETEMPORAL_SUVR,0.0046547342465754
0,stage0,CTX_LH_INSULA_SUVR,0.0035568739726027
0,stage0,CTX_RH_BANKSSTS_SUVR,0.0014615205479451
0,stage0,CTX_RH_CAUDALANTERIORCINGULATE_SUVR,0.0052618493150684
0,stage0,CTX_RH_CAUDALMIDDLEFRONTAL_SUVR,0.0002442698630138
0,stage0,CTX_RH_CUNEUS_SUVR,0.008933698630137
0,stage0,CTX_RH_ENTORHINAL_SUVR,0.0114527369863013
0,stage0,CTX_RH_FUSIFORM_SUVR,0.0101295671232878
0,stage0,CTX_RH_INFERIORPARIETAL_SUVR,0.0094063887671234
0,stage0,CTX_RH_INFERIORTEMPORAL_SUVR,0.0096720732876711
0,stage0,CTX_RH_ISTHMUSCINGULATE_SUVR,0.0202055095890409
0,stage0,CTX_RH_LATERALOCCIPITAL_SUVR,0.000432987671233
0,stage0,CTX_RH_LATERALORBITOFRONTAL_SUVR,0.0066372520547943
0,stage0,CTX_RH_LINGUAL_SUVR,0.009635105479452
0,stage0,CTX_RH_MEDIALORBITOFRONTAL_SUVR,0.0038272041095891
0,stage0,CTX_RH_MIDDLETEMPORAL_SUVR,0.0017179246575341
0,stage0,CTX_RH_PARAHIPPOCAMPAL_SUVR,0.0253000342465752
0,stage0,CTX_RH_PARACENTRAL_SUVR,0.0062832602739726
0,stage0,CTX_RH_PARSOPERCULARIS_SUVR,0.0054931232876711
0,stage0,CTX_RH_PARSORBITALIS_SUVR,0.0016854520547944
0,stage0,CTX_RH_PARSTRIANGULARIS_SUVR,0.0001511630136987
0,stage0,CTX_RH_PERICALCARINE_SUVR,0.0017437931506849
0,stage0,CTX_RH_POSTCENTRAL_SUVR,0.0011807726027396
0,stage0,CTX_RH_POSTERIORCINGULATE_SUVR,0.0122699671232877
0,stage0,CTX_RH_PRECENTRAL_SUVR,0.0006913150684932
0,stage0,CTX_RH_PRECUNEUS_SUVR,0.0204062219178081
0,stage0,CTX_RH_ROSTRALANTERIORCINGULATE_SUVR,0.0003416369863012
0,stage0,CTX_RH_ROSTRALMIDDLEFRONTAL_SUVR,0.0120917205479451
0,stage0,CTX_RH_SUPERIORFRONTAL_SUVR,0.0035485589041094
0,stage0,CTX_RH_SUPERIORPARIETAL_SUVR,0.0120451383561643
0,stage0,CTX_RH_SUPERIORTEMPORAL_SUVR,0.0061125861643835
0,stage0,CTX_RH_SUPRAMARGINAL_SUVR,0.0019051452054793
0,stage0,CTX_RH_FRONTALPOLE_SUVR,0.0111613938356165
0,stage0,CTX_RH_TEMPORALPOLE_SUVR,0.0044067917808218
0,stage0,CTX_RH_TRANSVERSETEMPORAL_SUVR,0.0081733783561643
0,stage0,CTX_RH_INSULA_SUVR,0.001042505479452
0,bin0,CTX_LH_BANKSSTS_SUVR,0.0247010281407034
0,bin0,CTX_LH_CAUDALANTERIORCINGULATE_SUVR,0.0026876085427134
0,bin0,CTX_LH_CAUDALMIDDLEFRONTAL_SUVR,0.0002919814070352
0,bin0,CTX_LH_CUNEUS_SUVR,0.0162056120603015
0,bin0,CTX_LH_ENTORHINAL_SUVR,0.0122896844221104
0,bin0,CTX_LH_FUSIFORM_SUVR,0.0043132577889446
0,bin0,CTX_LH_INFERIORPARIETAL_SUVR,0.0019943231155776
0,bin0,CTX_LH_INFERIORTEMPORAL_SUVR,0.0016835809045225
0,bin0,CTX_LH_ISTHMUSCINGULATE_SUVR,0.0036795914572862
0,bin0,CTX_LH_LATERALOCCIPITAL_SUVR,0.0063555366834171
0,bin0,CTX_LH_LATERALORBITOFRONTAL_SUVR,0.0079009266331657
0,bin0,CTX_LH_LINGUAL_SUVR,0.0105611356783921
0,bin0,CTX_LH_MEDIALORBITOFRONTAL_SUVR,0.0113999572864322
0,bin0,CTX_LH_MIDDLETEMPORAL_SUVR,0.0138389233668342
0,bin0,CTX_LH_PARAHIPPOCAMPAL_SUVR,0.0164035979899497
0,bin0,CTX_LH_PARACENTRAL_SUVR,0.0069350567839194
0,bin0,CTX_LH_PARSOPERCULARIS_SUVR,0.0022336055276379
0,bin0,CTX_LH_PARSORBITALIS_SUVR,0.0116973753768845
0,bin0,CTX_LH_PARSTRIANGULARIS_SUVR,0.0173024306532663
0,bin0,CTX_LH_PERICALCARINE_SUVR,0.0127789924623114
0,bin0,CTX_LH_POSTCENTRAL_SUVR,0.0050945236180903
0,bin0,CTX_LH_POSTERIORCINGULATE_SUVR,0.0072007804020099
0,bin0,CTX_LH_PRECENTRAL_SUVR,0.0007397658291456
0,bin0,CTX_LH_PRECUNEUS_SUVR,0.0009675738693468
0,bin0,CTX_LH_ROSTRALANTERIORCINGULATE_SUVR,0.0114437809045224
0,bin0,CTX_LH_ROSTRALMIDDLEFRONTAL_SUVR,0.0030318914572864
0,bin0,CTX_LH_SUPERIORFRONTAL_SUVR,0.0036537879396982
0,bin0,CTX_LH_SUPERIORPARIETAL_SUVR,0.0015754407035176
0,bin0,CTX_LH_SUPERIORTEMPORAL_SUVR,0.0110977592964824
0,bin0,CTX_LH_SUPRAMARGINAL_SUVR,0.0092115844221105
0,bin0,CTX_LH_FRONTALPOLE_SUVR,0.0248842949748744
0,bin0,CTX_LH_TEMPORALPOLE_SUVR,0.0075377540201004
0,bin0,CTX_LH_TRANSVERSETEMPORAL_SUVR,0.0066384678391957
0,bin0,CTX_LH_INSULA_SUVR,0.0026123211055275
0,bin0,CTX_RH_BANKSSTS_SUVR,0.0043609165829143
0,bin0,CTX_RH_CAUDALANTERIORCINGULATE_SUVR,0.0097116698492463
0,bin0,CTX_RH_CAUDALMIDDLEFRONTAL_SUVR,0.0006889391959798
0,bin0,CTX_RH_CUNEUS_SUVR,0.0088945211055275
0,bin0,CTX_RH_ENTORHINAL_SUVR,0.0104036713567838
0,bin0,CTX_RH_FUSIFORM_SUVR,0.0096985969849245
0,bin0,CTX_RH_INFERIORPARIETAL_SUVR,0.0036823130653267
0,bin0,CTX_RH_INFERIORTEMPORAL_SUVR,0.0085624917587937
0,bin0,CTX_RH_ISTHMUSCINGULATE_SUVR,0.000851704522613
0,bin0,CTX_RH_LATERALOCCIPITAL_SUVR,0.0043214924623113
0,bin0,CTX_RH_LATERALORBITOFRONTAL_SUVR,0.0078112150753768
0,bin0,CTX_RH_LINGUAL_SUVR,0.0093893351758792
0,bin0,CTX_RH_MEDIALORBITOFRONTAL_SUVR,0.0129194412060302
0,bin0,CTX_RH_MIDDLETEMPORAL_SUVR,0.0044293826130654
0,bin0,CTX_RH_PARAHIPPOCAMPAL_SUVR,0.0328237959798992
0,bin0,CTX_RH_PARACENTRAL_SUVR,0.0101678326633167
0,bin0,CTX_RH_PARSOPERCULARIS_SUVR,0.007320435678392
0,bin0,CTX_RH_PARSORBITALIS_SUVR,0.0005993331658289
0,bin0,CTX_RH_PARSTRIANGULARIS_SUVR,0.0014440613065327
0,bin0,CTX_RH_PERICALCARINE_SUVR,0.0034115457286429
0,bin0,CTX_RH_POSTCENTRAL_SUVR,0.0055463722110554
0,bin0,CTX_RH_POSTERIORCINGULATE_SUVR,0.0078173753768844
0,bin0,CTX_RH_PRECENTRAL_SUVR,0.0053106371859297
0,bin0,CTX_RH_PRECUNEUS_SUVR,0.0010619909547735
0,bin0,CTX_RH_ROSTRALANTERIORCINGULATE_SUVR,0.0096593311557788
0,bin0,CTX_RH_ROSTRALMIDDLEFRONTAL_SUVR,0.0013111859296484
0,bin0,CTX_RH_SUPERIORFRONTAL_SUVR,0.0048888959798996
0,bin0,CTX_RH_SUPERIORPARIETAL_SUVR,0.0078446281407033
0,bin0,CTX_RH_SUPERIORTEMPORAL_SUVR,0.0004624432160805
0,bin0,CTX_RH_SUPRAMARGINAL_SUVR,0.0003748396984923
0,bin0,CTX_RH_FRONTALPOLE_SUVR,0.0084250243718593
0,bin0,CTX_RH_TEMPORALPOLE_SUVR,0.005496962562814
0,bin0,CTX_RH_TRANSVERSETEMPORAL_SUVR,0.0104397663316582
0,bin0,CTX_RH_INSULA_SUVR,0.0168042844221105
0,bin1,CTX_LH_BANKSSTS_SUVR,0.0264928746478871
0,bin1,CTX_LH_CAUDALANTERIORCINGULATE_SUVR,0.0203249760563382
0,bin1,CTX_LH_CAUDALMIDDLEFRONTAL_SUVR,0.0114451305164318
0,bin1,CTX_LH_CUNEUS_SUVR,0.0163464535211268
0,bin1,CTX_LH_ENTORHINAL_SUVR,0.0138107816901409
0,bin1,CTX_LH_FUSIFORM_SUVR,0.0103571220657274
0,bin1,CTX_LH_INFERIORPARIETAL_SUVR,0.0171996460093895
0,bin1,CTX_LH_INFERIORTEMPORAL_SUVR,0.0061518070422534
0,bin1,CTX_LH_ISTHMUSCINGULATE_SUVR,0.0167253399061033
0,bin1,CTX_LH_LATERALOCCIPITAL_SUVR,0.0298343732394366
0,bin1,CTX_LH_LATERALORBITOFRONTAL_SUVR,0.0205110755868545
0,bin1,CTX_LH_LINGUAL_SUVR,0.0197383882629109
0,bin1,CTX_LH_MEDIALORBITOFRONTAL_SUVR,0.0102997384976526
0,bin1,CTX_LH_MIDDLETEMPORAL_SUVR,0.0184576887323943
0,bin1,CTX_LH_PARAHIPPOCAMPAL_SUVR,0.0133000042253521
0,bin1,CTX_LH_PARACENTRAL_SUVR,0.0172639535211267
0,bin1,CTX_LH_PARSOPERCULARIS_SUVR,0.0257808098591549
0,bin1,CTX_LH_PARSORBITALIS_SUVR,0.0317474600938967
0,bin1,CTX_LH_PARSTRIANGULARIS_SUVR,0.0327337615023475
0,bin1,CTX_LH_PERICALCARINE_SUVR,0.0084885328638497
0,bin1,CTX_LH_POSTCENTRAL_SUVR,0.0001135075117371
0,bin1,CTX_LH_POSTERIORCINGULATE_SUVR,0.0182417464788731
0,bin1,CTX_LH_PRECENTRAL_SUVR,0.0036415262910798
0,bin1,CTX_LH_PRECUNEUS_SUVR,0.0033517863849763
0,bin1,CTX_LH_ROSTRALANTERIORCINGULATE_SUVR,0.0105471028169015
0,bin1,CTX_LH_ROSTRALMIDDLEFRONTAL_SUVR,0.0173008338028166
0,bin1,CTX_LH_SUPERIORFRONTAL_SUVR,0.0121611924882629
0,bin1,CTX_LH_SUPERIORPARIETAL_SUVR,0.0233728460093898
0,bin1,CTX_LH_SUPERIORTEMPORAL_SUVR,0.0173040549295775
0,bin1,CTX_LH_SUPRAMARGINAL_SUVR,0.0100498826291079
0,bin1,CTX_LH_FRONTALPOLE_SUVR,0.0174177019718311
0,bin1,CTX_LH_TEMPORALPOLE_SUVR,0.0138545201877935
0,bin1,CTX_LH_TRANSVERSETEMPORAL_SUVR,0.0116111394366198
0,bin1,CTX_LH_INSULA_SUVR,0.0147502352112673
0,bin1,CTX_RH_BANKSSTS_SUVR,0.0011859014084505
0,bin1,CTX_RH_CAUDALANTERIORCINGULATE_SUVR,0.0367521929577465
0,bin1,CTX_RH_CAUDALMIDDLEFRONTAL_SUVR,5.584507042266651e-05
0,bin1,CTX_RH_CUNEUS_SUVR,0.0110715018779341
0,bin1,CTX_RH_ENTORHINAL_SUVR,0.0173788010328638
0,bin1,CTX_RH_FUSIFORM_SUVR,0.0109588981220658
0,bin1,CTX_RH_INFERIORPARIETAL_SUVR,0.0225992328638495
0,bin1,CTX_RH_INFERIORTEMPORAL_SUVR,0.0180416131455398
0,bin1,CTX_RH_ISTHMUSCINGULATE_SUVR,0.0162213769953052
0,bin1,CTX_RH_LATERALOCCIPITAL_SUVR,0.0234059981220657
0,bin1,CTX_RH_LATERALORBITOFRONTAL_SUVR,0.0087598023474178
0,bin1,CTX_RH_LINGUAL_SUVR,0.015874861971831
0,bin1,CTX_RH_MEDIALORBITOFRONTAL_SUVR,0.0028189953051642
0,bin1,CTX_RH_MIDDLETEMPORAL_SUVR,0.0098679906103287
0,bin1,CTX_RH_PARAHIPPOCAMPAL_SUVR,0.016822309859155
0,bin1,CTX_RH_PARACENTRAL_SUVR,0.011769399061033
0,bin1,CTX_RH_PARSOPERCULARIS_SUVR,0.010852976056338
0,bin1,CTX_RH_PARSORBITALIS_SUVR,0.0042258352112678
0,bin1,CTX_RH_PARSTRIANGULARIS_SUVR,0.0093482
0,bin1,CTX_RH_PERICALCARINE_SUVR,0.0094354051643192
0,bin1,CTX_RH_POSTCENTRAL_SUVR,0.008347617370892
0,bin1,CTX_RH_POSTERIORCINGULATE_SUVR,0.0181000521126759
0,bin1,CTX_RH_PRECENTRAL_SUVR,0.0097368154929577
0,bin1,CTX_RH_PRECUNEUS_SUVR,0.0020585258215961
0,bin1,CTX_RH_ROSTRALANTERIORCINGULATE_SUVR,0.0195058863849766
0,bin1,CTX_RH_ROSTRALMIDDLEFRONTAL_SUVR,0.0020261403755867
0,bin1,CTX_RH_SUPERIORFRONTAL_SUVR,0.0036970136150236
0,bin1,CTX_RH_SUPERIORPARIETAL_SUVR,0.0284583873239436
0,bin1,CTX_RH_SUPERIORTEMPORAL_SUVR,0.0005184103286384
0,bin1,CTX_RH_SUPRAMARGINAL_SUVR,0.001625839906103
0,bin1,CTX_RH_FRONTALPOLE_SUVR,0.0132934046948357
0,bin1,CTX_RH_TEMPORALPOLE_SUVR,0.0001323801877934
0,bin1,CTX_RH_TRANSVERSETEMPORAL_SUVR,0.002486420657277
0,bin1,CTX_RH_INSULA_SUVR,0.0031454150234742
0,bin2,CTX_LH_BANKSSTS_SUVR,0.0094224034220533
0,bin2,CTX_LH_CAUDALANTERIORCINGULATE_SUVR,0.0279991030418249
0,bin2,CTX_LH_CAUDALMIDDLEFRONTAL_SUVR,0.0276893619771863
0,bin2,CTX_LH_CUNEUS_SUVR,0.0011381102661593
0,bin2,CTX_LH_ENTORHINAL_SUVR,0.028467534258555
0,bin2,CTX_LH_FUSIFORM_SUVR,0.0170328722433459
0,bin2,CTX_LH_INFERIORPARIETAL_SUVR,0.0150386847908743
0,bin2,CTX_LH_INFERIORTEMPORAL_SUVR,0.0098545193916348
0,bin2,CTX_LH_ISTHMUSCINGULATE_SUVR,0.019877349809886
0,bin2,CTX_LH_LATERALOCCIPITAL_SUVR,0.0397190730038021
0,bin2,CTX_LH_LATERALORBITOFRONTAL_SUVR,0.0211264977186311
0,bin2,CTX_LH_LINGUAL_SUVR,0.0147989441064639
0,bin2,CTX_LH_MEDIALORBITOFRONTAL_SUVR,0.0201006079847907
0,bin2,CTX_LH_MIDDLETEMPORAL_SUVR,0.0337189817490493
0,bin2,CTX_LH_PARAHIPPOCAMPAL_SUVR,0.002133186311787
0,bin2,CTX_LH_PARACENTRAL_SUVR,0.0170780159695815
0,bin2,CTX_LH_PARSOPERCULARIS_SUVR,0.025806022813688
0,bin2,CTX_LH_PARSORBITALIS_SUVR,0.0204864418250951
0,bin2,CTX_LH_PARSTRIANGULARIS_SUVR,0.0389165699619771
0,bin2,CTX_LH_PERICALCARINE_SUVR,0.0069159768060835
0,bin2,CTX_LH_POSTCENTRAL_SUVR,0.0051493973384029
0,bin2,CTX_LH_POSTERIORCINGULATE_SUVR,0.0243317509505704
0,bin2,CTX_LH_PRECENTRAL_SUVR,0.0315502034220531
0,bin2,CTX_LH_PRECUNEUS_SUVR,0.01472112243346
0,bin2,CTX_LH_ROSTRALANTERIORCINGULATE_SUVR,0.0208158543726233
0,bin2,CTX_LH_ROSTRALMIDDLEFRONTAL_SUVR,0.0169365030418249
0,bin2,CTX_LH_SUPERIORFRONTAL_SUVR,0.0138885346007604
0,bin2,CTX_LH_SUPERIORPARIETAL_SUVR,0.0357819060836501
0,bin2,CTX_LH_SUPERIORTEMPORAL_SUVR,0.0352097243346007
0,bin2,CTX_LH_SUPRAMARGINAL_SUVR,0.0096856205323192
0,bin2,CTX_LH_FRONTALPOLE_SUVR,0.0170192524714827
0,bin2,CTX_LH_TEMPORALPOLE_SUVR,0.0266135893536121
0,bin2,CTX_LH_TRANSVERSETEMPORAL_SUVR,0.0325815182509505
0,bin2,CTX_LH_INSULA_SUVR,0.0255576095057035
0,bin2,CTX_RH_BANKSSTS_SUVR,0.0103087752851709
0,bin2,CTX_RH_CAUDALANTERIORCINGULATE_SUVR,0.0264124174904942
0,bin2,CTX_RH_CAUDALMIDDLEFRONTAL_SUVR,0.0125912996197716
0,bin2,CTX_RH_CUNEUS_SUVR,0.0091010193916349
0,bin2,CTX_RH_ENTORHINAL_SUVR,0.0271454038022812
0,bin2,CTX_RH_FUSIFORM_SUVR,0.0286035863117872
0,bin2,CTX_RH_INFERIORPARIETAL_SUVR,0.0298375186311785
0,bin2,CTX_RH_INFERIORTEMPORAL_SUVR,0.0298325490494297
0,bin2,CTX_RH_ISTHMUSCINGULATE_SUVR,0.0106493608365019
0,bin2,CTX_RH_LATERALOCCIPITAL_SUVR,0.0386271015209123
0,bin2,CTX_RH_LATERALORBITOFRONTAL_SUVR,0.0148123859315587
0,bin2,CTX_RH_LINGUAL_SUVR,0.0178888950570341
0,bin2,CTX_RH_MEDIALORBITOFRONTAL_SUVR,0.0110548247148289
0,bin2,CTX_RH_MIDDLETEMPORAL_SUVR,0.0078366828897336
0,bin2,CTX_RH_PARAHIPPOCAMPAL_SUVR,0.019292345247148
0,bin2,CTX_RH_PARACENTRAL_SUVR,0.0044758942965779
0,bin2,CTX_RH_PARSOPERCULARIS_SUVR,0.0199826136882128
0,bin2,CTX_RH_PARSORBITALIS_SUVR,0.0149644136882129
0,bin2,CTX_RH_PARSTRIANGULARIS_SUVR,0.0176169901140683
0,bin2,CTX_RH_PERICALCARINE_SUVR,0.0179311950570342
0,bin2,CTX_RH_POSTCENTRAL_SUVR,0.0078089079847907
0,bin2,CTX_RH_POSTERIORCINGULATE_SUVR,0.0109444418250954
0,bin2,CTX_RH_PRECENTRAL_SUVR,0.0117073197718631
0,bin2,CTX_RH_PRECUNEUS_SUVR,0.0343643768060835
0,bin2,CTX_RH_ROSTRALANTERIORCINGULATE_SUVR,0.0305658893536122
0,bin2,CTX_RH_ROSTRALMIDDLEFRONTAL_SUVR,0.0084602323193914
0,bin2,CTX_RH_SUPERIORFRONTAL_SUVR,0.0008356627376424
0,bin2,CTX_RH_SUPERIORPARIETAL_SUVR,0.0477715889733842
0,bin2,CTX_RH_SUPERIORTEMPORAL_SUVR,0.0021105406844106
0,bin2,CTX_RH_SUPRAMARGINAL_SUVR,0.0166789307984791
0,bin2,CTX_RH_FRONTALPOLE_SUVR,0.0081863908745245
0,bin2,CTX_RH_TEMPORALPOLE_SUVR,0.0124106155133079
0,bin2,CTX_RH_TRANSVERSETEMPORAL_SUVR,0.001533717110266
0,bin2,CTX_RH_INSULA_SUVR,0.0121621045627378
0,bin3,CTX_LH_BANKSSTS_SUVR,0.0165457027027027
0,bin3,CTX_LH_CAUDALANTERIORCINGULATE_SUVR,0.0417839378378379
0,bin3,CTX_LH_CAUDALMIDDLEFRONTAL_SUVR,0.026039935135135
0,bin3,CTX_LH_CUNEUS_SUVR,0.0214748810810809
0,bin3,CTX_LH_ENTORHINAL_SUVR,0.0310888837837837
0,bin3,CTX_LH_FUSIFORM_SUVR,0.0286392945945945
0,bin3,CTX_LH_INFERIORPARIETAL_SUVR,0.0136629216216215
0,bin3,CTX_LH_INFERIORTEMPORAL_SUVR,0.0254766891891891
0,bin3,CTX_LH_ISTHMUSCINGULATE_SUVR,0.0216901783783782
0,bin3,CTX_LH_LATERALOCCIPITAL_SUVR,0.0464410189189188
0,bin3,CTX_LH_LATERALORBITOFRONTAL_SUVR,0.0238969972972973
0,bin3,CTX_LH_LINGUAL_SUVR,0.0049173783783784
0,bin3,CTX_LH_MEDIALORBITOFRONTAL_SUVR,0.0207558243243242
0,bin3,CTX_LH_MIDDLETEMPORAL_SUVR,0.0159044648648649
0,bin3,CTX_LH_PARAHIPPOCAMPAL_SUVR,0.024329435135135
0,bin3,CTX_LH_PARACENTRAL_SUVR,0.0312256432432431
0,bin3,CTX_LH_PARSOPERCULARIS_SUVR,0.0451240837837838
0,bin3,CTX_LH_PARSORBITALIS_SUVR,0.029809208108108
0,bin3,CTX_LH_PARSTRIANGULARIS_SUVR,0.0456355405405406
0,bin3,CTX_LH_PERICALCARINE_SUVR,0.0248227486486485
0,bin3,CTX_LH_POSTCENTRAL_SUVR,0.0180052378378376
0,bin3,CTX_LH_POSTERIORCINGULATE_SUVR,0.0264586054054054
0,bin3,CTX_LH_PRECENTRAL_SUVR,0.0338481675675674
0,bin3,CTX_LH_PRECUNEUS_SUVR,0.0165198729729729
0,bin3,CTX_LH_ROSTRALANTERIORCINGULATE_SUVR,0.0200525621621623
0,bin3,CTX_LH_ROSTRALMIDDLEFRONTAL_SUVR,0.0312654000000001
0,bin3,CTX_LH_SUPERIORFRONTAL_SUVR,0.0186034756756756
0,bin3,CTX_LH_SUPERIORPARIETAL_SUVR,0.0190941351351352
0,bin3,CTX_LH_SUPERIORTEMPORAL_SUVR,0.0332150729729732
0,bin3,CTX_LH_SUPRAMARGINAL_SUVR,0.0154949513513511
0,bin3,CTX_LH_FRONTALPOLE_SUVR,0.0102517837837834
0,bin3,CTX_LH_TEMPORALPOLE_SUVR,0.0180424972972974
0,bin3,CTX_LH_TRANSVERSETEMPORAL_SUVR,0.0456956783783784
0,bin3,CTX_LH_INSULA_SUVR,0.0303043378378378
0,bin3,CTX_RH_BANKSSTS_SUVR,0.0219686054054053
0,bin3,CTX_RH_CAUDALANTERIORCINGULATE_SUVR,0.0227167648648649
0,bin3,CTX_RH_CAUDALMIDDLEFRONTAL_SUVR,0.0004920594594592
0,bin3,CTX_RH_CUNEUS_SUVR,0.0163547999999997
0,bin3,CTX_RH_ENTORHINAL_SUVR,0.0386397567567565
0,bin3,CTX_RH_FUSIFORM_SUVR,0.0321338135135136
0,bin3,CTX_RH_INFERIORPARIETAL_SUVR,0.027764308108108
0,bin3,CTX_RH_INFERIORTEMPORAL_SUVR,0.0336294918918917
0,bin3,CTX_RH_ISTHMUSCINGULATE_SUVR,0.0179846621621619
0,bin3,CTX_RH_LATERALOCCIPITAL_SUVR,0.0490933864864864
0,bin3,CTX_RH_LATERALORBITOFRONTAL_SUVR,0.0032019810810808
0,bin3,CTX_RH_LINGUAL_SUVR,0.0128051189189188
0,bin3,CTX_RH_MEDIALORBITOFRONTAL_SUVR,0.0109595081081079
0,bin3,CTX_RH_MIDDLETEMPORAL_SUVR,0.0154135621621622
0,bin3,CTX_RH_PARAHIPPOCAMPAL_SUVR,0.0217616594594596
0,bin3,CTX_RH_PARACENTRAL_SUVR,0.0064214837837837
0,bin3,CTX_RH_PARSOPERCULARIS_SUVR,0.0257094594594593
0,bin3,CTX_RH_PARSORBITALIS_SUVR,0.008959935135135
0,bin3,CTX_RH_PARSTRIANGULARIS_SUVR,0.0185008540540543
0,bin3,CTX_RH_PERICALCARINE_SUVR,0.009590462162162
0,bin3,CTX_RH_POSTCENTRAL_SUVR,0.0154871324324323
0,bin3,CTX_RH_POSTERIORCINGULATE_SUVR,0.0040102675675677
0,bin3,CTX_RH_PRECENTRAL_SUVR,0.001470635135135
0,bin3,CTX_RH_PRECUNEUS_SUVR,0.0099825216216218
0,bin3,CTX_RH_ROSTRALANTERIORCINGULATE_SUVR,0.0263429513513511
0,bin3,CTX_RH_ROSTRALMIDDLEFRONTAL_SUVR,0.001631637837838
0,bin3,CTX_RH_SUPERIORFRONTAL_SUVR,0.0076805702702702
0,bin3,CTX_RH_SUPERIORPARIETAL_SUVR,0.0480499
0,bin3,CTX_RH_SUPERIORTEMPORAL_SUVR,0.0010869189189188
0,bin3,CTX_RH_SUPRAMARGINAL_SUVR,0.0157606513513512
0,bin3,CTX_RH_FRONTALPOLE_SUVR,0.0102744135135135
0,bin3,CTX_RH_TEMPORALPOLE_SUVR,0.0145173135135134
0,bin3,CTX_RH_TRANSVERSETEMPORAL_SUVR,0.0001102810810809
0,bin3,CTX_RH_INSULA_SUVR,0.0089343027027026
1,stage0,CTX_LH_BANKSSTS_SUVR,0.0151083342465754
1,stage0,CTX_LH_CAUDALANTERIORCINGULATE_SUVR,0.0016823917808219
1,stage0,CTX_LH_CAUDALMIDDLEFRONTAL_SUVR,0.003798893150685
1,stage0,CTX_LH_CUNEUS_SUVR,0.005731924657534
1,stage0,CTX_LH_ENTORHINAL_SUVR,0.0106361945205478
1,stage0,CTX_LH_FUSIFORM_SUVR,0.006093704109589
1,stage0,CTX_LH_INFERIORPARIETAL_SUVR,0.0097331753424656
1,stage0,CTX_LH_INFERIORTEMPORAL_SUVR,0.0062884999999999
1,stage0,CTX_LH_ISTHMUSCINGULATE_SUVR,0.0217601397260276
1,stage0,CTX_LH_LATERALOCCIPITAL_SUVR,0.0013557835616437
1,stage0,CTX_LH_LATERALORBITOFRONTAL_SUVR,0.0119316712328765
1,stage0,CTX_LH_LINGUAL_SUVR,0.0045622627397259
1,stage0,CTX_LH_MEDIALORBITOFRONTAL_SUVR,0.0033665999999998
1,stage0,CTX_LH_MIDDLETEMPORAL_SUVR,0.0048440560273971
1,stage0,CTX_LH_PARAHIPPOCAMPAL_SUVR,0.0160571139726029
1,stage0,CTX_LH_PARACENTRAL_SUVR,0.0085559726027395
1,stage0,CTX_LH_PARSOPERCULARIS_SUVR,0.0011465739726026
1,stage0,CTX_LH_PARSORBITALIS_SUVR,0.0002193836986301
1,stage0,CTX_LH_PARSTRIANGULARIS_SUVR,0.0001388246575342
1,stage0,CTX_LH_PERICALCARINE_SUVR,0.0053157082191781
1,stage0,CTX_LH_POSTCENTRAL_SUVR,0.0006314756164382
1,stage0,CTX_LH_POSTERIORCINGULATE_SUVR,0.0120403315068493
1,stage0,CTX_LH_PRECENTRAL_SUVR,0.002498708219178
1,stage0,CTX_LH_PRECUNEUS_SUVR,0.0175709780821919
1,stage0,CTX_LH_ROSTRALANTERIORCINGULATE_SUVR,0.0051458232876712
1,stage0,CTX_LH_ROSTRALMIDDLEFRONTAL_SUVR,0.006234209589041
1,stage0,CTX_LH_SUPERIORFRONTAL_SUVR,0.0039955335616438
1,stage0,CTX_LH_SUPERIORPARIETAL_SUVR,0.0109234095890411
1,stage0,CTX_LH_SUPERIORTEMPORAL_SUVR,0.0071427356164384
1,stage0,CTX_LH_SUPRAMARGINAL_SUVR,0.0012966589041094
1,stage0,CTX_LH_FRONTALPOLE_SUVR,0.0037339052054795
1,stage0,CTX_LH_TEMPORALPOLE_SUVR,0.0101061684931507
1,stage0,CTX_LH_TRANSVERSETEMPORAL_SUVR,0.0046547342465754
1,stage0,CTX_LH_INSULA_SUVR,0.0035568739726027
1,stage0,CTX_RH_BANKSSTS_SUVR,0.0014615205479451
1,stage0,CTX_RH_CAUDALANTERIORCINGULATE_SUVR,0.0052618493150684
1,stage0,CTX_RH_CAUDALMIDDLEFRONTAL_SUVR,0.0002442698630138
1,stage0,CTX_RH_CUNEUS_SUVR,0.008933698630137
1,stage0,CTX_RH_ENTORHINAL_SUVR,0.0114527369863013
1,stage0,CTX_RH_FUSIFORM_SUVR,0.0101295671232878
1,stage0,CTX_RH_INFERIORPARIETAL_SUVR,0.0094063887671234
1,stage0,CTX_RH_INFERIORTEMPORAL_SUVR,0.0096720732876711
1,stage0,CTX_RH_ISTHMUSCINGULATE_SUVR,0.0202055095890409
1,stage0,CTX_RH_LATERALOCCIPITAL_SUVR,0.000432987671233
1,stage0,CTX_RH_LATERALORBITOFRONTAL_SUVR,0.0066372520547943
1,stage0,CTX_RH_LINGUAL_SUVR,0.009635105479452
1,stage0,CTX_RH_MEDIALORBITOFRONTAL_SUVR,0.0038272041095891
1,stage0,CTX_RH_MIDDLETEMPORAL_SUVR,0.0017179246575341
1,stage0,CTX_RH_PARAHIPPOCAMPAL_SUVR,0.0253000342465752
1,stage0,CTX_RH_PARACENTRAL_SUVR,0.0062832602739726
1,stage0,CTX_RH_PARSOPERCULARIS_SUVR,0.0054931232876711
1,stage0,CTX_RH_PARSORBITALIS_SUVR,0.0016854520547944
1,stage0,CTX_RH_PARSTRIANGULARIS_SUVR,0.0001511630136987
1,stage0,CTX_RH_PERICALCARINE_SUVR,0.0017437931506849
1,stage0,CTX_RH_POSTCENTRAL_SUVR,0.0011807726027396
1,stage0,CTX_RH_POSTERIORCINGULATE_SUVR,0.0122699671232877
1,stage0,CTX_RH_PRECENTRAL_SUVR,0.0006913150684932
1,stage0,CTX_RH_PRECUNEUS_SUVR,0.0204062219178081
1,stage0,CTX_RH_ROSTRALANTERIORCINGULATE_SUVR,0.0003416369863012
1,stage0,CTX_RH_ROSTRALMIDDLEFRONTAL_SUVR,0.0120917205479451
1,stage0,CTX_RH_SUPERIORFRONTAL_SUVR,0.0035485589041094
1,stage0,CTX_RH_SUPERIORPARIETAL_SUVR,0.0120451383561643
1,stage0,CTX_RH_SUPERIORTEMPORAL_SUVR,0.0061125861643835
1,stage0,CTX_RH_SUPRAMARGINAL_SUVR,0.0019051452054793
1,stage0,CTX_RH_FRONTALPOLE_SUVR,0.0111613938356165
1,stage0,CTX_RH_TEMPORALPOLE_SUVR,0.0044067917808218
1,stage0,CTX_RH_TRANSVERSETEMPORAL_SUVR,0.0081733783561643
1,stage0,CTX_RH_INSULA_SUVR,0.001042505479452
1,bin0,CTX_LH_BANKSSTS_SUVR,0.0126658428571431
1,bin0,CTX_LH_CAUDALANTERIORCINGULATE_SUVR,0.0098510220779219
1,bin0,CTX_LH_CAUDALMIDDLEFRONTAL_SUVR,0.0057246415584415
1,bin0,CTX_LH_CUNEUS_SUVR,0.0130162597402596
1,bin0,CTX_LH_ENTORHINAL_SUVR,0.0204216105194805
1,bin0,CTX_LH_FUSIFORM_SUVR,0.0052247714285715
1,bin0,CTX_LH_INFERIORPARIETAL_SUVR,0.0021124129870129
1,bin0,CTX_LH_INFERIORTEMPORAL_SUVR,0.0157541363636364
1,bin0,CTX_LH_ISTHMUSCINGULATE_SUVR,0.0002903376623375
1,bin0,CTX_LH_LATERALOCCIPITAL_SUVR,0.021538774025974
1,bin0,CTX_LH_LATERALORBITOFRONTAL_SUVR,0.0020295441558439
1,bin0,CTX_LH_LINGUAL_SUVR,0.0041991714285714
1,bin0,CTX_LH_MEDIALORBITOFRONTAL_SUVR,0.0048640948051947
1,bin0,CTX_LH_MIDDLETEMPORAL_SUVR,0.0023917896103895
1,bin0,CTX_LH_PARAHIPPOCAMPAL_SUVR,0.0244851253246753
1,bin0,CTX_LH_PARACENTRAL_SUVR,0.0053764337662338
1,bin0,CTX_LH_PARSOPERCULARIS_SUVR,0.0041769311688311
1,bin0,CTX_LH_PARSORBITALIS_SUVR,0.0056217337662336
1,bin0,CTX_LH_PARSTRIANGULARIS_SUVR,0.0068761662337661
1,bin0,CTX_LH_PERICALCARINE_SUVR,0.0083026857142858
1,bin0,CTX_LH_POSTCENTRAL_SUVR,0.0005059129870128
1,bin0,CTX_LH_POSTERIORCINGULATE_SUVR,0.0062182779220778
1,bin0,CTX_LH_PRECENTRAL_SUVR,0.0007654311688309
1,bin0,CTX_LH_PRECUNEUS_SUVR,0.0083652558441558
1,bin0,CTX_LH_ROSTRALANTERIORCINGULATE_SUVR,0.0031666012987012
1,bin0,CTX_LH_ROSTRALMIDDLEFRONTAL_SUVR,0.0015782389610388
1,bin0,CTX_LH_SUPERIORFRONTAL_SUVR,0.0006083831168831
1,bin0,CTX_LH_SUPERIORPARIETAL_SUVR,0.0054891558441558
1,bin0,CTX_LH_SUPERIORTEMPORAL_SUVR,0.0084230285714286
1,bin0,CTX_LH_SUPRAMARGINAL_SUVR,0.0037673506493507
1,bin0,CTX_LH_FRONTALPOLE_SUVR,0.0177206298701299
1,bin0,CTX_LH_TEMPORALPOLE_SUVR,0.0052592249350649
1,bin0,CTX_LH_TRANSVERSETEMPORAL_SUVR,0.0087595584415585
1,bin0,CTX_LH_INSULA_SUVR,0.0045782376623376
1,bin0,CTX_RH_BANKSSTS_SUVR,0.0058119415584414
1,bin0,CTX_RH_CAUDALANTERIORCINGULATE_SUVR,0.0129963987012988
1,bin0,CTX_RH_CAUDALMIDDLEFRONTAL_SUVR,0.0029470324675324
1,bin0,CTX_RH_CUNEUS_SUVR,0.0136510584415585
1,bin0,CTX_RH_ENTORHINAL_SUVR,0.0191346687012987
1,bin0,CTX_RH_FUSIFORM_SUVR,0.0130085155844155
1,bin0,CTX_RH_INFERIORPARIETAL_SUVR,0.0025887545454543
1,bin0,CTX_RH_INFERIORTEMPORAL_SUVR,0.0155820922077922
1,bin0,CTX_RH_ISTHMUSCINGULATE_SUVR,0.0092848584415583
1,bin0,CTX_RH_LATERALOCCIPITAL_SUVR,0.0179594467532466
1,bin0,CTX_RH_LATERALORBITOFRONTAL_SUVR,0.0061094974025974
1,bin0,CTX_RH_LINGUAL_SUVR,0.0006295337662336
1,bin0,CTX_RH_MEDIALORBITOFRONTAL_SUVR,0.0055879532467532
1,bin0,CTX_RH_MIDDLETEMPORAL_SUVR,0.0084520949350648
1,bin0,CTX_RH_PARAHIPPOCAMPAL_SUVR,0.0306056298701298
1,bin0,CTX_RH_PARACENTRAL_SUVR,0.0012461857142855
1,bin0,CTX_RH_PARSOPERCULARIS_SUVR,0.0136707077922078
1,bin0,CTX_RH_PARSORBITALIS_SUVR,0.0043997129870128
1,bin0,CTX_RH_PARSTRIANGULARIS_SUVR,0.0034930103896104
1,bin0,CTX_RH_PERICALCARINE_SUVR,0.0119475142857143
1,bin0,CTX_RH_POSTCENTRAL_SUVR,0.003817375194805
1,bin0,CTX_RH_POSTERIORCINGULATE_SUVR,0.0013208766233765
1,bin0,CTX_RH_PRECENTRAL_SUVR,0.0020221116883116
1,bin0,CTX_RH_PRECUNEUS_SUVR,0.0002066103896105
1,bin0,CTX_RH_ROSTRALANTERIORCINGULATE_SUVR,0.0010606493506495
1,bin0,CTX_RH_ROSTRALMIDDLEFRONTAL_SUVR,0.0047739090909091
1,bin0,CTX_RH_SUPERIORFRONTAL_SUVR,0.0005594207792207
1,bin0,CTX_RH_SUPERIORPARIETAL_SUVR,0.0083426233766235
1,bin0,CTX_RH_SUPERIORTEMPORAL_SUVR,0.0055828103896105
1,bin0,CTX_RH_SUPRAMARGINAL_SUVR,0.007200251948052
1,bin0,CTX_RH_FRONTALPOLE_SUVR,0.0072397037662337
1,bin0,CTX_RH_TEMPORALPOLE_SUVR,0.0023755477922078
1,bin0,CTX_RH_TRANSVERSETEMPORAL_SUVR,0.0060689038961038
1,bin0,CTX_RH_INSULA_SUVR,0.0092559974025971
1,bin1,CTX_LH_BANKSSTS_SUVR,0.0213992120567376
1,bin1,CTX_LH_CAUDALANTERIORCINGULATE_SUVR,0.0012278276595747
1,bin1,CTX_LH_CAUDALMIDDLEFRONTAL_SUVR,0.0042142120567374
1,bin1,CTX_LH_CUNEUS_SUVR,0.0119134361702128
1,bin1,CTX_LH_ENTORHINAL_SUVR,0.0159677751773048
1,bin1,CTX_LH_FUSIFORM_SUVR,0.0109297858156027
1,bin1,CTX_LH_INFERIORPARIETAL_SUVR,0.0064238007092196
1,bin1,CTX_LH_INFERIORTEMPORAL_SUVR,0.0043119929078014
1,bin1,CTX_LH_ISTHMUSCINGULATE_SUVR,0.0009375134751772
1,bin1,CTX_LH_LATERALOCCIPITAL_SUVR,0.0186554893617021
1,bin1,CTX_LH_LATERALORBITOFRONTAL_SUVR,0.0005736453900708
1,bin1,CTX_LH_LINGUAL_SUVR,0.0053691453900706
1,bin1,CTX_LH_MEDIALORBITOFRONTAL_SUVR,0.0067463687943263
1,bin1,CTX_LH_MIDDLETEMPORAL_SUVR,0.0169913631205671
1,bin1,CTX_LH_PARAHIPPOCAMPAL_SUVR,0.0134172996453902
1,bin1,CTX_LH_PARACENTRAL_SUVR,0.0034458716312055
1,bin1,CTX_LH_PARSOPERCULARIS_SUVR,0.0058076184397162
1,bin1,CTX_LH_PARSORBITALIS_SUVR,0.0079841673758866
1,bin1,CTX_LH_PARSTRIANGULARIS_SUVR,0.0126581063829789
1,bin1,CTX_LH_PERICALCARINE_SUVR,0.0037443851063831
1,bin1,CTX_LH_POSTCENTRAL_SUVR,0.0020888489361703
1,bin1,CTX_LH_POSTERIORCINGULATE_SUVR,0.0012334382978724
1,bin1,CTX_LH_PRECENTRAL_SUVR,0.0009247539007091
1,bin1,CTX_LH_PRECUNEUS_SUVR,0.0092687127659571
1,bin1,CTX_LH_ROSTRALANTERIORCINGULATE_SUVR,0.0008259184397165
1,bin1,CTX_LH_ROSTRALMIDDLEFRONTAL_SUVR,0.0073198226950355
1,bin1,CTX_LH_SUPERIORFRONTAL_SUVR,0.0009951078014187
1,bin1,CTX_LH_SUPERIORPARIETAL_SUVR,0.0161174446808509
1,bin1,CTX_LH_SUPERIORTEMPORAL_SUVR,0.0140744851063832
1,bin1,CTX_LH_SUPRAMARGINAL_SUVR,0.0049165730496454
1,bin1,CTX_LH_FRONTALPOLE_SUVR,0.0234919031914894
1,bin1,CTX_LH_TEMPORALPOLE_SUVR,0.0164626741134753
1,bin1,CTX_LH_TRANSVERSETEMPORAL_SUVR,0.0209675943262412
1,bin1,CTX_LH_INSULA_SUVR,0.0045558297872341
1,bin1,CTX_RH_BANKSSTS_SUVR,0.0050416787234042
1,bin1,CTX_RH_CAUDALANTERIORCINGULATE_SUVR,0.0094445914893617
1,bin1,CTX_RH_CAUDALMIDDLEFRONTAL_SUVR,0.009748343262411
1,bin1,CTX_RH_CUNEUS_SUVR,0.0014285063829788
1,bin1,CTX_RH_ENTORHINAL_SUVR,0.0174380853900709
1,bin1,CTX_RH_FUSIFORM_SUVR,0.0148558815602837
1,bin1,CTX_RH_INFERIORPARIETAL_SUVR,0.0080903070921984
1,bin1,CTX_RH_INFERIORTEMPORAL_SUVR,0.0101842652482269
1,bin1,CTX_RH_ISTHMUSCINGULATE_SUVR,0.0139899709219859
1,bin1,CTX_RH_LATERALOCCIPITAL_SUVR,0.0042833113475175
1,bin1,CTX_RH_LATERALORBITOFRONTAL_SUVR,0.0033370021276593
1,bin1,CTX_RH_LINGUAL_SUVR,0.0060003758865245
1,bin1,CTX_RH_MEDIALORBITOFRONTAL_SUVR,0.0063179943262412
1,bin1,CTX_RH_MIDDLETEMPORAL_SUVR,0.0012895921985816
1,bin1,CTX_RH_PARAHIPPOCAMPAL_SUVR,0.0253828741134752
1,bin1,CTX_RH_PARACENTRAL_SUVR,0.0050271588652481
1,bin1,CTX_RH_PARSOPERCULARIS_SUVR,0.0228085985815602
1,bin1,CTX_RH_PARSORBITALIS_SUVR,0.0041971659574466
1,bin1,CTX_RH_PARSTRIANGULARIS_SUVR,0.0130809319148934
1,bin1,CTX_RH_PERICALCARINE_SUVR,0.0172898730496453
1,bin1,CTX_RH_POSTCENTRAL_SUVR,0.0131116539007092
1,bin1,CTX_RH_POSTERIORCINGULATE_SUVR,0.0027765127659575
1,bin1,CTX_RH_PRECENTRAL_SUVR,0.0126261773049645
1,bin1,CTX_RH_PRECUNEUS_SUVR,0.0040791687943264
1,bin1,CTX_RH_ROSTRALANTERIORCINGULATE_SUVR,0.0117461680851063
1,bin1,CTX_RH_ROSTRALMIDDLEFRONTAL_SUVR,0.0102250397163117
1,bin1,CTX_RH_SUPERIORFRONTAL_SUVR,0.0046385432624111
1,bin1,CTX_RH_SUPERIORPARIETAL_SUVR,0.0170719340425531
1,bin1,CTX_RH_SUPERIORTEMPORAL_SUVR,0.0047526510638296
1,bin1,CTX_RH_SUPRAMARGINAL_SUVR,0.0109408886524822
1,bin1,CTX_RH_FRONTALPOLE_SUVR,0.0151071435460992
1,bin1,CTX_RH_TEMPORALPOLE_SUVR,0.0060786378014184
1,bin1,CTX_RH_TRANSVERSETEMPORAL_SUVR,0.0102632276595742
1,bin1,CTX_RH_INSULA_SUVR,0.0084044709219859
1,bin2,CTX_LH_BANKSSTS_SUVR,0.0105612347826087
1,bin2,CTX_LH_CAUDALANTERIORCINGULATE_SUVR,0.0102655434782605
1,bin2,CTX_LH_CAUDALMIDDLEFRONTAL_SUVR,0.0032261652173912
1,bin2,CTX_LH_CUNEUS_SUVR,0.0001098826086955
1,bin2,CTX_LH_ENTORHINAL_SUVR,0.0237383565217391
1,bin2,CTX_LH_FUSIFORM_SUVR,0.0235906086956518
1,bin2,CTX_LH_INFERIORPARIETAL_SUVR,0.0317403130434781
1,bin2,CTX_LH_INFERIORTEMPORAL_SUVR,0.0129743913043482
1,bin2,CTX_LH_ISTHMUSCINGULATE_SUVR,0.0085967478260871
1,bin2,CTX_LH_LATERALOCCIPITAL_SUVR,0.0258390826086956
1,bin2,CTX_LH_LATERALORBITOFRONTAL_SUVR,0.0146553347826083
1,bin2,CTX_LH_LINGUAL_SUVR,0.0014231521739129
1,bin2,CTX_LH_MEDIALORBITOFRONTAL_SUVR,0.0150241913043476
1,bin2,CTX_LH_MIDDLETEMPORAL_SUVR,0.0017181347826087
1,bin2,CTX_LH_PARAHIPPOCAMPAL_SUVR,0.0214068130434784
1,bin2,CTX_LH_PARACENTRAL_SUVR,0.0034354826086955
1,bin2,CTX_LH_PARSOPERCULARIS_SUVR,0.0085725565217391
1,bin2,CTX_LH_PARSORBITALIS_SUVR,0.0197976434782607
1,bin2,CTX_LH_PARSTRIANGULARIS_SUVR,0.0054771043478258
1,bin2,CTX_LH_PERICALCARINE_SUVR,0.0037907434782609
1,bin2,CTX_LH_POSTCENTRAL_SUVR,0.0046440565217391
1,bin2,CTX_LH_POSTERIORCINGULATE_SUVR,0.0143054347826088
1,bin2,CTX_LH_PRECENTRAL_SUVR,0.0085922869565215
1,bin2,CTX_LH_PRECUNEUS_SUVR,0.031505839130435
1,bin2,CTX_LH_ROSTRALANTERIORCINGULATE_SUVR,0.0029096086956523
1,bin2,CTX_LH_ROSTRALMIDDLEFRONTAL_SUVR,0.0095634347826087
1,bin2,CTX_LH_SUPERIORFRONTAL_SUVR,0.0036052956521741
1,bin2,CTX_LH_SUPERIORPARIETAL_SUVR,0.0392672347826086
1,bin2,CTX_LH_SUPERIORTEMPORAL_SUVR,0.0076558391304348
1,bin2,CTX_LH_SUPRAMARGINAL_SUVR,0.0242938217391304
1,bin2,CTX_LH_FRONTALPOLE_SUVR,0.0316715826086957
1,bin2,CTX_LH_TEMPORALPOLE_SUVR,0.0101166086956522
1,bin2,CTX_LH_TRANSVERSETEMPORAL_SUVR,0.0484939739130434
1,bin2,CTX_LH_INSULA_SUVR,0.0064820304347827
1,bin2,CTX_RH_BANKSSTS_SUVR,0.0087110173913045
1,bin2,CTX_RH_CAUDALANTERIORCINGULATE_SUVR,0.0254989869565211
1,bin2,CTX_RH_CAUDALMIDDLEFRONTAL_SUVR,0.0124190826086951
1,bin2,CTX_RH_CUNEUS_SUVR,0.0337963913043479
1,bin2,CTX_RH_ENTORHINAL_SUVR,0.0230792139130434
1,bin2,CTX_RH_FUSIFORM_SUVR,0.0297203086956518
1,bin2,CTX_RH_INFERIORPARIETAL_SUVR,0.0235929782608699
1,bin2,CTX_RH_INFERIORTEMPORAL_SUVR,0.028954717391304
1,bin2,CTX_RH_ISTHMUSCINGULATE_SUVR,0.0125054347826087
1,bin2,CTX_RH_LATERALOCCIPITAL_SUVR,0.0140431434782606
1,bin2,CTX_RH_LATERALORBITOFRONTAL_SUVR,0.0126642478260869
1,bin2,CTX_RH_LINGUAL_SUVR,0.0177697391304347
1,bin2,CTX_RH_MEDIALORBITOFRONTAL_SUVR,0.0058680130434782
1,bin2,CTX_RH_MIDDLETEMPORAL_SUVR,0.0019188565217387
1,bin2,CTX_RH_PARAHIPPOCAMPAL_SUVR,0.0323257869565216
1,bin2,CTX_RH_PARACENTRAL_SUVR,0.0142861608695652
1,bin2,CTX_RH_PARSOPERCULARIS_SUVR,0.0310795782608692
1,bin2,CTX_RH_PARSORBITALIS_SUVR,0.0319459000000001
1,bin2,CTX_RH_PARSTRIANGULARIS_SUVR,0.0143147391304347
1,bin2,CTX_RH_PERICALCARINE_SUVR,0.0323237391304351
1,bin2,CTX_RH_POSTCENTRAL_SUVR,0.0181173695652172
1,bin2,CTX_RH_POSTERIORCINGULATE_SUVR,0.0439918173913043
1,bin2,CTX_RH_PRECENTRAL_SUVR,0.0042005565217391
1,bin2,CTX_RH_PRECUNEUS_SUVR,0.0315337826086954
1,bin2,CTX_RH_ROSTRALANTERIORCINGULATE_SUVR,0.0059128043478262
1,bin2,CTX_RH_ROSTRALMIDDLEFRONTAL_SUVR,0.0111894478260872
1,bin2,CTX_RH_SUPERIORFRONTAL_SUVR,0.0139438260869566
1,bin2,CTX_RH_SUPERIORPARIETAL_SUVR,0.0501543826086954
1,bin2,CTX_RH_SUPERIORTEMPORAL_SUVR,0.0027452478260869
1,bin2,CTX_RH_SUPRAMARGINAL_SUVR,0.0461884739130431
1,bin2,CTX_RH_FRONTALPOLE_SUVR,0.0144537260869566
1,bin2,CTX_RH_TEMPORALPOLE_SUVR,0.0177045643478259
1,bin2,CTX_RH_TRANSVERSETEMPORAL_SUVR,0.0285397304347825
1,bin2,CTX_RH_INSULA_SUVR,0.0062749869565217
1,bin3,CTX_LH_BANKSSTS_SUVR,0.0439817073170729
1,bin3,CTX_LH_CAUDALANTERIORCINGULATE_SUVR,0.0304070097560975
1,bin3,CTX_LH_CAUDALMIDDLEFRONTAL_SUVR,0.0180544731707317
1,bin3,CTX_LH_CUNEUS_SUVR,0.0194438292682928
1,bin3,CTX_LH_ENTORHINAL_SUVR,0.0147318717073171
1,bin3,CTX_LH_FUSIFORM_SUVR,0.0446726219512194
1,bin3,CTX_LH_INFERIORPARIETAL_SUVR,0.0408378780487803
1,bin3,CTX_LH_INFERIORTEMPORAL_SUVR,0.0285011170731708
1,bin3,CTX_LH_ISTHMUSCINGULATE_SUVR,0.0302382585365854
1,bin3,CTX_LH_LATERALOCCIPITAL_SUVR,0.0538772048780489
1,bin3,CTX_LH_LATERALORBITOFRONTAL_SUVR,0.002757719512195
1,bin3,CTX_LH_LINGUAL_SUVR,0.0012012024390242
1,bin3,CTX_LH_MEDIALORBITOFRONTAL_SUVR,0.0168531926829267
1,bin3,CTX_LH_MIDDLETEMPORAL_SUVR,0.0391121292682927
1,bin3,CTX_LH_PARAHIPPOCAMPAL_SUVR,0.0398933999999999
1,bin3,CTX_LH_PARACENTRAL_SUVR,0.0029771512195122
1,bin3,CTX_LH_PARSOPERCULARIS_SUVR,0.0028845878048779
1,bin3,CTX_LH_PARSORBITALIS_SUVR,0.0103151439024391
1,bin3,CTX_LH_PARSTRIANGULARIS_SUVR,0.0068770731707317
1,bin3,CTX_LH_PERICALCARINE_SUVR,0.0111644121951219
1,bin3,CTX_LH_POSTCENTRAL_SUVR,0.0045624292682926
1,bin3,CTX_LH_POSTERIORCINGULATE_SUVR,0.032138736585366
1,bin3,CTX_LH_PRECENTRAL_SUVR,0.0110000048780489
1,bin3,CTX_LH_PRECUNEUS_SUVR,0.0210183170731708
1,bin3,CTX_LH_ROSTRALANTERIORCINGULATE_SUVR,0.0077038414634145
1,bin3,CTX_LH_ROSTRALMIDDLEFRONTAL_SUVR,0.0213754268292682
1,bin3,CTX_LH_SUPERIORFRONTAL_SUVR,0.0171272975609757
1,bin3,CTX_LH_SUPERIORPARIETAL_SUVR,0.0593556585365853
1,bin3,CTX_LH_SUPERIORTEMPORAL_SUVR,0.0261056634146343
1,bin3,CTX_LH_SUPRAMARGINAL_SUVR,0.0324876731707317
1,bin3,CTX_LH_FRONTALPOLE_SUVR,0.0363982731707317
1,bin3,CTX_LH_TEMPORALPOLE_SUVR,0.0314717926829268
1,bin3,CTX_LH_TRANSVERSETEMPORAL_SUVR,0.0277287121951219
1,bin3,CTX_LH_INSULA_SUVR,0.0060001
1,bin3,CTX_RH_BANKSSTS_SUVR,0.0356187829268292
1,bin3,CTX_RH_CAUDALANTERIORCINGULATE_SUVR,0.0434367024390243
1,bin3,CTX_RH_CAUDALMIDDLEFRONTAL_SUVR,0.0066187707317073
1,bin3,CTX_RH_CUNEUS_SUVR,0.0488357975609754
1,bin3,CTX_RH_ENTORHINAL_SUVR,0.0099337504878048
1,bin3,CTX_RH_FUSIFORM_SUVR,0.0053068585365856
1,bin3,CTX_RH_INFERIORPARIETAL_SUVR,0.0149640926829268
1,bin3,CTX_RH_INFERIORTEMPORAL_SUVR,0.015403119512195
1,bin3,CTX_RH_ISTHMUSCINGULATE_SUVR,0.006304319512195
1,bin3,CTX_RH_LATERALOCCIPITAL_SUVR,0.0167604658536586
1,bin3,CTX_RH_LATERALORBITOFRONTAL_SUVR,0.0118319707317073
1,bin3,CTX_RH_LINGUAL_SUVR,0.0386732292682927
1,bin3,CTX_RH_MEDIALORBITOFRONTAL_SUVR,0.0631546756097563
1,bin3,CTX_RH_MIDDLETEMPORAL_SUVR,0.0370803975609757
1,bin3,CTX_RH_PARAHIPPOCAMPAL_SUVR,0.0099604219512194
1,bin3,CTX_RH_PARACENTRAL_SUVR,0.0117238121951217
1,bin3,CTX_RH_PARSOPERCULARIS_SUVR,0.0094400975609758
1,bin3,CTX_RH_PARSORBITALIS_SUVR,0.0215658951219512
1,bin3,CTX_RH_PARSTRIANGULARIS_SUVR,0.0042591243902438
1,bin3,CTX_RH_PERICALCARINE_SUVR,0.0524218048780489
1,bin3,CTX_RH_POSTCENTRAL_SUVR,0.0033713926829268
1,bin3,CTX_RH_POSTERIORCINGULATE_SUVR,0.0101392585365851
1,bin3,CTX_RH_PRECENTRAL_SUVR,0.0017680853658537
1,bin3,CTX_RH_PRECUNEUS_SUVR,0.0064879292682928
1,bin3,CTX_RH_ROSTRALANTERIORCINGULATE_SUVR,0.0759123536585364
1,bin3,CTX_RH_ROSTRALMIDDLEFRONTAL_SUVR,0.0339794414634146
1,bin3,CTX_RH_SUPERIORFRONTAL_SUVR,0.0374140463414633
1,bin3,CTX_RH_SUPERIORPARIETAL_SUVR,0.0510016512195121
1,bin3,CTX_RH_SUPERIORTEMPORAL_SUVR,0.0458864317073171
1,bin3,CTX_RH_SUPRAMARGINAL_SUVR,0.0400748512195123
1,bin3,CTX_RH_FRONTALPOLE_SUVR,0.0543316146341463
1,bin3,CTX_RH_TEMPORALPOLE_SUVR,0.0240349914634144
1,bin3,CTX_RH_TRANSVERSETEMPORAL_SUVR,0.0150420097560977
1,bin3,CTX_RH_INSULA_SUVR,0.007045056097561
