scheme,rmse_followup
A,0.1348268592867102
A,0.0547225713365645
A,0.0810381338915971
A,0.0720720471766282
A,0.0759697175153214
A,0.041138544809719
A,0.0479913816533994
A,0.0620929550444391
A,0.0532366809040023
A,0.2342683046724246
A,0.0869932277224999
A,0.0900630874886221
A,0.1631769648087414
A,0.0922623647984474
A,0.0673797722804097
A,0.0656978519837769
A,0.1098578748261592
A,0.0549050721153949
A,0.0872773573519234
A,0.1221773303860168
A,0.0857992173388281
A,0.0588479865954242
A,0.1091320868317341
A,0.3366619227742796
A,0.0664218734828564
A,0.0619224704806451
A,0.0758904597642768
A,0.0422804221515381
A,0.0466709705783087
A,0.0539894540087553
A,0.0540603800853114
A,0.0675070073814333
A,0.0609379300774904
A,0.0554183589267904
A,0.0513147165064198
A,0.1290369753398053
A,0.0470712839934957
A,0.1019840693769565
A,0.0582473989334743
A,0.0594882817627558
A,0.0899522766815856
A,0.090800304543451
A,0.1390730494732622
A,0.1763742183903711
A,0.0590539553692055
A,0.078447388151327
A,0.1433142522106746
A,0.1063574104453158
A,0.0634360834161488
A,0.1492634822202488
A,0.091269105194786
A,0.1795902395796093
A,0.085917655058669
A,0.0602428396052755
A,0.1373145869887215
A,0.0698416672347687
A,0.1075311955276277
A,0.0454200813879093
A,0.0454936108531101
A,0.0681175507340699
A,0.08656838514495
A,0.0761766814432654
A,0.0579011194561608
A,0.1381590324072933
A,0.2123816376668442
A,0.148620084049
A,0.1227873712766557
A,0.0580785881842209
A,0.0790788011365048
A,0.0341398134649233
A,0.0645082292179932
A,0.0713892699656891
A,0.127345176938762
A,0.0575160717945683
A,0.0669737677039889
A,0.0686906315061908
A,0.0903264120256676
A,0.0433279744899369
A,0.0569334568570958
A,0.07475570358123
A,0.1115235831474067
A,0.1829420743354476
A,0.0478806587538203
A,0.1449708506000744
A,0.0507789841851596
A,0.0469063636895462
A,0.0729973621562085
A,0.1992661955208383
A,0.0802295500584866
A,0.071641350730798
A,0.0617577711613328
A,0.1155922662609473
A,0.1642754723134347
A,0.0549120582499188
A,0.0933347551214031
A,0.1057860707353697
A,0.1614442981985434
A,0.0988125567885425
A,0.0992254379637175
A,0.1180553150485814
A,0.0450600533422081
A,0.0973650096271444
A,0.0717019652697878
A,0.0429161779550579
A,0.0442988093474212
A,0.0671928939847185
A,0.1064690998065431
A,0.0621537268087057
A,0.1185313480919613
A,0.055321685915399
A,0.070932659629472
A,0.2985978705337329
A,0.1261202404500355
A,0.1265919785964133
A,0.0582483003840789
A,0.1273994867560671
A,0.0423695657911651
A,0.0432525010414595
A,0.0777922190517835
A,0.0469763389692202
A,0.0676171617272882
A,0.0564135242312991
A,0.0736955773493202
A,0.0551325830650321
A,0.0531664473172399
A,0.0887291972723475
A,0.098029805370249
A,0.1799554192759683
A,0.0571302694804031
A,0.0627398608543449
A,0.048045923660076
A,0.13169181529444
A,0.0670252584801862
A,0.0764033444650211
A,0.0730965402640775
A,0.0560906868824647
A,0.0778241335028303
A,0.0608103240805965
A,0.0790209302609654
A,0.0530294098350024
A,0.0806773455342881
A,0.1810725113693037
A,0.0663121340559115
A,0.1232506796993439
A,0.0726156267934985
A,0.0813526029920592
A,0.1048585382129937
A,0.2841786524549158
A,0.0663615058297844
A,0.1520304205096815
A,0.0673026436514559
A,0.0852263352751373
A,0.1354800398845302
A,0.203332713752945
A,0.0769767666173056
A,0.0561629464431337
A,0.1548111386233494
A,0.0586564833667777
A,0.2281663675331444
A,0.1170466412607606
A,0.1098492336585176
A,0.1731866957115719
A,0.1559031675972978
A,0.0438506553347909
A,0.0561278384339141
A,0.1117840086753062
A,0.0967670264775816
A,0.0546935191190189
A,0.0729723103472137
A,0.0469750614854761
A,0.0720194095368039
A,0.3550425456215897
A,0.1013400027679533
A,0.0740414800543711
A,0.0739541731824055
A,0.0704541321271639
A,0.2339253549396819
A,0.1196816974395667
A,0.1045811825883214
A,0.1034513029637091
A,0.0498773687427729
A,0.0641586323407233
A,0.1114086946336847
A,0.0655655753470156
A,0.0850742177512167
A,0.0724111557186032
A,0.0722975624925255
A,0.0432966026260227
A,0.0608761942218613
A,0.0432172134105983
A,0.0761863796827152
A,0.142628561765891
A,0.0521244817530097
A,0.0757353043106103
A,0.1085916961219927
A,0.0530441629141817
A,0.0702114046364035
A,0.0683762846246621
A,0.0690409829415578
A,0.0421853330481444
A,0.0616797625606163
A,0.1435781011360328
A,0.3168128166908821
A,0.1065671919179866
A,0.0814307485228222
A,0.0645008455877841
A,0.0613507453668951
A,0.0980353347016457
A,0.0712015765447434
A,0.1439761589525175
A,0.068279644395887
A,0.0922979085491594
A,0.0667787666992855
A,0.060680883703905
A,0.0963904409018768
A,0.0669000664499563
A,0.0778517296383762
A,0.058721494100226
A,0.0661650018170693
A,0.0561176090567778
A,0.0356703756319115
A,0.0462675367254243
A,0.0612258002423268
A,0.0662119332934853
A,0.0995665162622693
A,0.0631329141087601
A,0.0911856647466545
A,0.1145041293300033
A,0.1452035170445059
A,0.1158973429775106
A,0.1053938825118174
A,0.0618263724555234
A,0.0620150761055828
A,0.0572314152679071
A,0.0585751346871422
A,0.0329915419371549
A,0.0552731229880404
A,0.0650735748716633
A,0.0773370727622667
A,0.1250298539740728
A,0.1383854550079618
A,0.0401436886071489
A,0.0368853567293549
A,0.0628927545528534
A,0.0746484248443032
A,0.0908189118400351
A,0.0644305235470781
A,0.1579259730124885
A,0.1978998892974562
A,0.0830315188387462
A,0.1121178031843385
A,0.0554745053897981
A,0.0908238588582333
A,0.0495437707098519
A,0.0925420946551938
A,0.0496859299204161
A,0.0794458358803142
A,0.0767561972445134
A,0.1557449766546083
A,0.0663852769070426
A,0.0720605908484642
A,0.0526865977538072
A,0.0705367949063546
A,0.2228327050355995
A,0.1517435831879317
A,0.0757821942547378
A,0.0880651401868271
A,0.0689750204728878
A,0.0464865889342479
A,0.0524893638248968
A,0.0908778023094438
A,0.0453642654230274
A,0.1637872030222038
A,0.0326410539949644
A,0.0517772221419767
A,0.1076011196060945
A,0.0699912957652386
A,0.0693881286586349
A,0.1440199560278277
A,0.1536412363677956
A,0.0753873574143579
A,0.071180539523442
A,0.1502794726714247
A,0.0548874487247867
A,0.0356434668391064
A,0.2101849485988652
A,0.0599817250158558
A,0.0474836335059738
A,0.1897181885014763
A,0.1007927621882027
A,0.1206238683539097
A,0.1499570046183234
A,0.0577084296754997
A,0.1022859036393185
A,0.0749451050664378
A,0.0875296090334125
A,0.0939243013987607
A,0.2920086876347096
A,0.0626829444150675
A,0.0698653519601541
A,0.0490457308577817
A,0.0458523062460075
A,0.2900935410220533
A,0.0671318904025612
A,0.0797221080609627
A,0.2185247462687501
A,0.0619038922899335
A,0.0826815355850313
A,0.1792780665872156
A,0.3090174419626179
A,0.0471862231029055
A,0.0951349537149958
A,0.0620433176387174
A,0.089859840941325
A,0.0807104441366355
A,0.1761355357768995
A,0.0588994211898318
A,0.0563066230232585
A,0.0577976126024117
A,0.1042755804999719
A,0.0766471666611836
A,0.2073557128060405
A,0.068606756626941
A,0.0568563871782882
A,0.094311034101381
A,0.0401803940274037
A,0.0757458733349928
A,0.0930123071579103
A,0.1037144349741012
A,0.121934955376363
A,0.0690028130213023
A,0.1445599466881565
A,0.2667285040771804
A,0.1104444656069309
A,0.0378581703206839
A,0.0472778197346452
A,0.0982349907908205
A,0.1233642883234419
A,0.0683721778974059
A,0.1238878312520651
A,0.0776547711689722
A,0.0622208237974944
A,0.0587485649173082
A,0.0627439523134293
A,0.0486609547949281
A,0.1511059778911029
A,0.1907347888347569
A,0.1862345083743322
A,0.0356616171278922
A,0.0538352184475284
A,0.0502024220089079
A,0.3994135238187301
A,0.0653332131980403
A,0.0896734992739249
A,0.0628830854715625
A,0.1398719925442198
A,0.0582926945980667
A,0.0647958937312138
A,0.0973169715520996
A,0.0597500761409595
A,0.1158745809950003
A,0.0768540066361758
B,0.1099034060645366
B,0.0481655114398495
B,0.0598944602290484
B,0.0915820126556785
B,0.0623000762781149
B,0.0760130364945504
B,0.0392794078730894
B,0.0727546329366931
B,0.2195340710227882
B,0.0692968384554939
B,0.1062245016300728
B,0.1287582894237612
B,0.0455462707539904
B,0.0887725266575971
B,0.0801134397225791
B,0.125890002509775
B,0.0572091717614057
B,0.0492982604664073
B,0.0644268648918483
B,0.0547836142641952
B,0.1390741455079114
B,0.0778432451133935
B,0.0723854774336183
B,0.0923409478054493
B,0.0526613508702555
B,0.0440437948396213
B,0.0451602987804979
B,0.0412469294061717
B,0.033609992549799
B,0.0456303729306757
B,0.0582649900662273
B,0.056095916847498
B,0.0405136214673688
B,0.0537274768093411
B,0.118663927539865
B,0.0505796642231461
B,0.127537193338785
B,0.0616634767128137
B,0.0516130090308199
B,0.0766885855532923
B,0.0847072497904135
B,0.0627849920986872
B,0.1060057934322677
B,0.0703805813952349
B,0.0460498714287938
B,0.1332108334100197
B,0.1537517937295179
B,0.1292748771222847
B,0.0973109415547371
B,0.0655290675193293
B,0.0616597779511219
B,0.0800720457343516
B,0.0517511902344821
B,0.1371669208350338
B,0.0493676111920564
B,0.0414079910338025
B,0.0515528541589855
B,0.0423826774797551
B,0.1063030990906289
B,0.04901787009919
B,0.063291710400117
B,0.0330680433961951
B,0.1205181810106466
B,0.0534773618903862
B,0.0334970813178215
B,0.0849770377193475
B,0.0653635878902106
B,0.0626903146315879
B,0.0500837475475606
B,0.0341116180770733
B,0.0606889221667236
B,0.0437945822887452
B,0.0437876996716211
B,0.0653547811070201
B,0.0669846085013014
B,0.0493087282160513
B,0.0861904984444045
B,0.1198546671311747
B,0.0485073321013114
B,0.0704910074948689
B,0.0402873520637116
B,0.0435320141559993
B,0.0773730539462715
B,0.0673328610525426
B,0.0779082396214625
B,0.0975056968971815
B,0.0801056269302083
B,0.0762437359090772
B,0.1358090398847639
B,0.0524997874687128
B,0.0879214333466894
B,0.0568687509680335
B,0.0642260995874099
B,0.0932966051887341
B,0.1391936043443334
B,0.073745380234408
B,0.0541747681693388
B,0.0673074224148175
B,0.1030289521391627
B,0.0358001345268522
B,0.0789523741211063
B,0.0362950162037086
B,0.0342915971236371
B,0.0539023643335853
B,0.053407604017934
B,0.0582443577284908
B,0.0442873085788693
B,0.080449246135582
B,0.1058187759350089
B,0.0980062946952065
B,0.106709277066546
B,0.137946778799389
B,0.033505375185068
B,0.062078195082434
B,0.0375297840021096
B,0.0315036896389093
B,0.0829385832483428
B,0.0434861518264959
B,0.0866122118602184
B,0.0653450825691527
B,0.1536769236423465
B,0.091750752589676
B,0.0656637234118048
B,0.1079018582398628
B,0.1510979782194654
B,0.0461816592179181
B,0.0546226090187797
B,0.0419080720934954
B,0.0983356906458326
B,0.0672191327596744
B,0.0661273732633435
B,0.1091047601046527
B,0.0408317311138014
B,0.0700836961598041
B,0.0833381589423663
B,0.0455150582819633
B,0.0502845549462115
B,0.0404150286942906
B,0.1883152290264241
B,0.0621656836062717
B,0.0469424150795194
B,0.0644846592668386
B,0.0702370404314584
B,0.0740611673130664
B,0.1073609411940103
B,0.12634118905401
B,0.0951730111042691
B,0.196260210648802
B,0.0565121157049191
B,0.0686201834402114
B,0.0639805231608068
B,0.0577373537096359
B,0.0826627602184313
B,0.0960914197263419
B,0.0909959330632472
B,0.059722514183192
B,0.0952230311288636
B,0.1079082768257389
B,0.07687048323965
B,0.1264213941331825
B,0.1409751149847098
B,0.1337513741510565
B,0.040763092992814
B,0.044860449705983
B,0.0751006373439684
B,0.089290653546544
B,0.0908449961888747
B,0.0575119212828263
B,0.0648771071910851
B,0.0902596254051981
B,0.0458231487185255
B,0.0753903090507251
B,0.0565173263914665
B,0.2307571556252588
B,0.0948550103653596
B,0.0694869804990742
B,0.0513740847871347
B,0.2128686732886836
B,0.0829819826061051
B,0.0647838911238383
B,0.0750290089122145
B,0.039862759599393
B,0.0715839420929452
B,0.0550008060864627
B,0.0784785522370965
B,0.0660948052794035
B,0.0712125760850993
B,0.0495589680015605
B,0.0529508259150943
B,0.0407147974895035
B,0.0476455024093386
B,0.0552844565757474
B,0.1179379256927899
B,0.0708862188787504
B,0.0462309175013034
B,0.0771638928673573
B,0.0850759918342316
B,0.0429040312094432
B,0.0598291135157374
B,0.0461296921851453
B,0.0787804488435757
B,0.0945646837096299
B,0.0387084736737969
B,0.0434426853550705
B,0.0772873958974084
B,0.1827211806152903
B,0.059728034494805
B,0.1154847933879751
B,0.0657061553668516
B,0.0611455875081439
B,0.0430110757276935
B,0.0483860667339598
B,0.0716459750817043
B,0.1823379955158251
B,0.0487622832484224
B,0.0804823015155459
B,0.0509849564106114
B,0.0494444718179688
B,0.0690776629854272
B,0.0799323997351138
B,0.056137801664179
B,0.0749356745261206
B,0.03539261204117
B,0.0375304749404081
B,0.0506074184789764
B,0.0534950380281594
B,0.0823999050900775
B,0.0794076587364371
B,0.0543907278331062
B,0.0866448417196245
B,0.199196550038768
B,0.0425303799002295
B,0.1174723093336734
B,0.0713607705607176
B,0.058404441525124
B,0.0525402282299784
B,0.0506463168138571
B,0.0475941981052957
B,0.0439085395770694
B,0.0349812829327315
B,0.0498303553467289
B,0.0622912633736112
B,0.0570606691240075
B,0.07955042092753
B,0.0575949567529885
B,0.1219114578925894
B,0.0432878165682507
B,0.0455089952531271
B,0.0748168038609443
B,0.0620084821126634
B,0.054968042724873
B,0.0623811179771807
B,0.1263651631378745
B,0.0626156278073282
B,0.0666708422734857
B,0.0903806167132101
B,0.0604861189576462
B,0.0635381884673861
B,0.0870691491898218
B,0.0676532840843223
B,0.0472363521462731
B,0.0692695527268613
B,0.0471569575230684
B,0.0833064332137217
B,0.0454217692653466
B,0.043830780334629
B,0.0581582843262566
B,0.063147779472611
B,0.0483341734881946
B,0.0621734285837292
B,0.0602331219484665
B,0.0800452768268916
B,0.0575593178617712
B,0.1240645301491503
B,0.0632377483509752
B,0.0773049046383346
B,0.0758295585061773
B,0.0544071329406906
B,0.0549208963615545
B,0.1345216842979975
B,0.0605253359841281
B,0.1647101982711329
B,0.0303362746286409
B,0.0403430858583524
B,0.0501798367384835
B,0.1072482146182012
B,0.0549512151281002
B,0.0458997539986818
B,0.1351985114450004
B,0.0514087161018207
B,0.0838193218351803
B,0.0467662331591642
B,0.088730605246457
B,0.0373402908409802
B,0.0912897397634089
B,0.0474750053125336
B,0.04113930166686
B,0.0435732018858095
B,0.1379287973143259
B,0.1741836990253789
B,0.0999448621706279
B,0.1648315542241417
B,0.1036152679174262
B,0.0892680577445285
B,0.0469202180781693
B,0.1187032973231139
B,0.079302614635435
B,0.0639577032497216
B,0.1502053843388252
B,0.0549861060723409
B,0.098488622912351
B,0.0760556193197006
B,0.0994506517482193
B,0.0880690661068757
B,0.1981734113169075
B,0.0516787968500732
B,0.1089304873429037
B,0.0624495533021887
B,0.1180464206437462
B,0.0444052939875356
B,0.0675521276979598
B,0.138117383864276
B,0.0400899711171481
B,0.052982201765531
B,0.08550978922339
B,0.0486476771097872
B,0.0473788983750434
B,0.0513555683483642
B,0.0760676807695354
B,0.1399681092362387
B,0.0640093518642047
B,0.0855300003145747
B,0.0822556199692845
B,0.0719391378417745
B,0.0618638983874167
B,0.0582353572294049
B,0.0955443558922652
B,0.1085565437599355
B,0.0459859665691113
B,0.0470411892611662
B,0.0623658388230816
B,0.046398051111523
B,0.0665548020994129
B,0.0921249643058745
B,0.0531677570526053
B,0.0765651208311049
B,0.1018848171255299
B,0.1107305086710968
B,0.0783004139314169
B,0.083983262047044
B,0.1567936588082663
B,0.0653852879423588
B,0.0458425524012677
B,0.0448373356544385
B,0.1073371798551976
B,0.0814946738830952
B,0.1034677587742769
B,0.0897465051205508
B,0.0885653278667799
B,0.0983493503484166
B,0.0515834389652164
B,0.0531275325148085
B,0.0592882409316744
B,0.0703830893447455
B,0.043421621096258
B,0.1031783570691007
B,0.1035830011111673
B,0.0801213654614786
B,0.2283036197740444
B,0.0363198023448002
B,0.0491457373343194
B,0.2238224163708659
B,0.091196222106568
B,0.0540841420871937
B,0.0917678543310713
B,0.0973553722386543
B,0.0519487290030201
B,0.1044777282181407
C,0.1357516145080644
C,0.0524900254454463
C,0.0513438544687166
C,0.0582201727989553
C,0.0790875972230873
C,0.0638486617947801
C,0.0492594878762658
C,0.0363455597439327
C,0.0595167887491406
C,0.0526533668415868
C,0.1347175836680285
C,0.0656455161740909
C,0.1119127665611507
C,0.0589263863915616
C,0.113207564348951
C,0.0368213772864916
C,0.0529006910693311
C,0.0742459540386324
C,0.052708389814527
C,0.0429120777828924
C,0.0526513262671908
C,0.0640946017754434
C,0.1866181189135926
C,0.0696597827938425
C,0.0793617880793027
C,0.0476144052348381
C,0.0348904631588004
C,0.0516559608240233
C,0.0387708068026925
C,0.0605542505547539
C,0.0387859229568576
C,0.0496313153453383
C,0.0891143472733973
C,0.0514553586064972
C,0.1239000289066725
C,0.0603766827641162
C,0.0501287370006431
C,0.0637141969259011
C,0.0754172134001308
C,0.0653071609181557
C,0.1244843709854512
C,0.0620484567932991
C,0.1425949371139595
C,0.1418687008466172
C,0.0563010198445997
C,0.0782230441683102
C,0.1258287101785893
C,0.0638066276539847
C,0.0655248417622655
C,0.0530368497068561
C,0.0792343427682433
C,0.0703391068243945
C,0.1418312596959519
C,0.0503184181815599
C,0.0350196237813131
C,0.0469958378035566
C,0.0400867981056989
C,0.0560215480100924
C,0.1000782398783354
C,0.0478029762912222
C,0.0517336391906198
C,0.0485122638886638
C,0.1854763123547632
C,0.0574236202396631
C,0.0860546535062155
C,0.0284636513029817
C,0.0764012707384987
C,0.0622095507024951
C,0.0835879736114211
C,0.0585717666655988
C,0.0599069866768515
C,0.0443112366757052
C,0.0509314298624284
C,0.0500700118949817
C,0.1857584550261536
C,0.0477277998319303
C,0.1215242201274491
C,0.0456277708533469
C,0.0722423640186852
C,0.0650012973785459
C,0.0578448337237875
C,0.0577618376598796
C,0.0721278831356656
C,0.1221933589222867
C,0.0498568450575247
C,0.0678579357005849
C,0.1145172743793007
C,0.0903547449554686
C,0.2269003454195286
C,0.0729975600855951
C,0.055049498960501
C,0.0761953282277904
C,0.0612745364034176
C,0.1232879768088309
C,0.0383548397338835
C,0.0842571122240158
C,0.0486840855020977
C,0.0374899627149159
C,0.0348052660653263
C,0.0445127700067378
C,0.068086568795226
C,0.0398283772743994
C,0.0495175870519986
C,0.0791972237686971
C,0.1801638687203416
C,0.0950396857796727
C,0.1217189361898938
C,0.0609293381982358
C,0.1517389646217211
C,0.0333637418193263
C,0.0611512064104114
C,0.0350391904069799
C,0.031345774001791
C,0.0521274988394732
C,0.0820792978243214
C,0.0460030525480715
C,0.0644635850443855
C,0.0426513122248216
C,0.0582219424465282
C,0.0897366940848309
C,0.1005134169393547
C,0.0750814696586234
C,0.045873618084531
C,0.0864103021088094
C,0.1372275710677154
C,0.0587372070372217
C,0.0514029766811573
C,0.0925727051078177
C,0.0915913691124917
C,0.0674377034445642
C,0.1015316016053093
C,0.0337750553118497
C,0.0643445621042884
C,0.0947146258030353
C,0.0426386239409254
C,0.0461628783583456
C,0.0571640993116326
C,0.0506630466299733
C,0.0647946604853051
C,0.0354689837385708
C,0.1597922209516833
C,0.0643630149178312
C,0.0603536038873025
C,0.1028913516219873
C,0.127245059737531
C,0.070099381036318
C,0.2148993438233817
C,0.0527603891710492
C,0.0343622022520602
C,0.0658849536338868
C,0.0540068420088791
C,0.0806353981331804
C,0.0553797162272086
C,0.0484602974689717
C,0.1056313633974297
C,0.08953070799419
C,0.1044284540016296
C,0.0674105416389023
C,0.1312969654364379
C,0.051287588105586
C,0.1269586568446793
C,0.1229112196748618
C,0.0821095042151882
C,0.0937864641268992
C,0.1044669757465933
C,0.1290195692274408
C,0.0416603681629138
C,0.0688812534492382
C,0.1291515746194232
C,0.0904044350649102
C,0.0632981808357356
C,0.0438955452708381
C,0.0692028726884621
C,0.0400123095202165
C,0.0828626638737257
C,0.0698858753150196
C,0.0523203033668415
C,0.1899699489436611
C,0.1074604313866758
C,0.0601609771331696
C,0.0579762728753576
C,0.2666760486586479
C,0.0845198966666026
C,0.0615657635585837
C,0.1069648532955554
C,0.1164166031468453
C,0.0633567528738149
C,0.0584903855331766
C,0.0754998888115355
C,0.0458842696261459
C,0.0614146443999466
C,0.0629614512290542
C,0.0677891578893473
C,0.0569625606921062
C,0.0322108007701853
C,0.0571022601268686
C,0.0449517562510297
C,0.0413033863259444
C,0.0438251897362158
C,0.1030199151475165
C,0.0831719663541032
C,0.0464879169778824
C,0.0653819031569173
C,0.0387176247501807
C,0.0523188422640555
C,0.0417611352454892
C,0.0484094314935812
C,0.0963022625787016
C,0.0689098214341241
C,0.0400753887092304
C,0.0367481728982765
C,0.079382116560474
C,0.076528125108839
C,0.2351267473074853
C,0.0591319085974271
C,0.0548013926471185
C,0.0432851544920436
C,0.1638374122592311
C,0.0358489646852023
C,0.1015586509475341
C,0.0683543698024253
C,0.0627697005266112
C,0.1036874787349411
C,0.0699661481873263
C,0.055694402683479
C,0.0522332171476505
C,0.0751735906548391
C,0.0517776703921269
C,0.0842028228370116
C,0.0652172886217084
C,0.0581602639362594
C,0.0850820260072525
C,0.2175360769449653
C,0.0480525194384791
C,0.0734317827275705
C,0.0622449211298557
C,0.0588489862810552
C,0.0449300946072091
C,0.0433726303911523
C,0.0577171305752725
C,0.0294332200116841
C,0.0487007516181678
C,0.0544271219934375
C,0.0437964225796147
C,0.0516995715745204
C,0.1157398203207865
C,0.0846608714322418
C,0.1435506800908351
C,0.0347987239588006
C,0.0437500538722438
C,0.0668395025239576
C,0.0570883563842389
C,0.0472830529459183
C,0.0858449877862152
C,0.0844296851403905
C,0.0608580614726706
C,0.0698195342158782
C,0.0970544738636338
C,0.0783321644789968
C,0.0509992426514996
C,0.0543465426094228
C,0.0957848124767623
C,0.0377063120858087
C,0.0376178133884499
C,0.0636150660710455
C,0.0561034174100308
C,0.082342766295871
C,0.0760837227600906
C,0.0569605163752162
C,0.0489894272053616
C,0.0469649004128219
C,0.0541926478650716
C,0.1264123323149041
C,0.0642164921125433
C,0.0620469183028754
C,0.0739232524846167
C,0.0599748094677689
C,0.0469349202825648
C,0.0471050703663555
C,0.0848089511152748
C,0.0504443451087692
C,0.1186984967559852
C,0.0378867729721832
C,0.0463918438847609
C,0.0862972302118414
C,0.0517412272072041
C,0.0608554403747457
C,0.0468427985973771
C,0.0987153617629811
C,0.0557519020142113
C,0.086945295296316
C,0.0374344597433052
C,0.1463927633952779
C,0.042695091365005
C,0.0504047609771284
C,0.1580990743683827
C,0.1330551433362182
C,0.1109151045724666
C,0.1403355440134177
C,0.1355641414823719
C,0.1008120868842741
C,0.0481423696261988
C,0.1217129633201587
C,0.0459526727260368
C,0.0506811274704049
C,0.0509003264149522
C,0.1448103064889625
C,0.0629167057717455
C,0.0958636889737235
C,0.0571850630116328
C,0.2474462408473558
C,0.0454880043702022
C,0.1048932986832611
C,0.0561859854729795
C,0.1611473500185199
C,0.046384104177773
C,0.1857202922523235
C,0.0368112346610246
C,0.0719374602672339
C,0.0551991698924075
C,0.0536879234528023
C,0.0827603494629441
C,0.0447028566046497
C,0.0471871083833052
C,0.045656624970638
C,0.059420754414468
C,0.0699945350783566
C,0.1513736294501826
C,0.0639293310724271
C,0.0751062578827103
C,0.0723183455092766
C,0.0610976690989544
C,0.0643779503883371
C,0.0486317128106698
C,0.061237559389099
C,0.1125416095501399
C,0.1737707860535237
C,0.028929321947728
C,0.0526380427535701
C,0.0497877490770583
C,0.0472627615107566
C,0.0591874386635499
C,0.0486953210776334
C,0.054182894379289
C,0.0582545361887141
C,0.1223446729110532
C,0.1010602535686208
C,0.0983555600886796
C,0.2323525604191604
C,0.0559311835025589
C,0.0422289770277541
C,0.0383637504434976
C,0.0421122447894575
C,0.1254209882403708
C,0.0931761545838505
C,0.0600550714518227
C,0.059921468862012
C,0.0822522858155499
C,0.0445124991335534
C,0.0509857110320646
C,0.0587885988728563
C,0.0423785465278626
C,0.0515564135822786
C,0.1068287351822135
C,0.0937843467391149
C,0.2426361540279048
C,0.0389892490085796
C,0.0481124563945297
C,0.2035046146918542
C,0.0668334939133254
C,0.1112218477393128
C,0.104087383164679
C,0.0470159798825394
C,0.0910734351843602
C,0.0888551820720304
D,0.1634770914216962
D,0.0482002901398947
D,0.0659929856484538
D,0.076153984037432
D,0.0360265795049826
D,0.3294313217644435
D,0.0834196210541755
D,0.1373460562975956
D,0.2457290825899267
D,0.1729352414973931
D,0.1123602489675868
D,0.1976424573086865
D,0.0361327362433406
D,0.1515609998495241
D,0.182636652364627
D,0.0471961061447546
D,0.2543765363774823
D,0.0955659967050216
D,0.0461100263367289
D,0.0379601213908753
D,0.0510897449513405
D,0.0383506847266921
D,0.0517988004572092
D,0.043448754209942
D,0.1681591440020495
D,0.04927759701058
D,0.0550774170765596
D,0.0515997207228078
D,0.0740112251698891
D,0.0857199452768012
D,0.2887146592885029
D,0.1767122753237884
D,0.219063687221174
D,0.0996433621626018
D,0.0461202178331584
D,0.1585526128142371
D,0.0643963043203382
D,0.2759232666935602
D,0.2570792466551584
D,0.0548057975773033
D,0.0464657435139884
D,0.0373142651461396
D,0.0951451925319622
D,0.0635170745715229
D,0.1802476133297546
D,0.0755308849335647
D,0.1117989141118653
D,0.0514921804383632
D,0.0701096918535385
D,0.0307896247173297
D,0.0663252099584467
D,0.0524006822168237
D,0.0613621881785176
D,0.0442196633757694
D,0.0517761081511592
D,0.1549913311742503
D,0.0478669787166764
D,0.2052098408623441
D,0.0842041935986488
D,0.1612889018271994
D,0.0466707296920134
D,0.1373007483998505
D,0.2002632094991816
D,0.1330447055235319
D,0.0435114086954259
D,0.0401510499360134
D,0.0373682032249517
D,0.2505404212627694
D,0.1668725990100471
D,0.3274654931168387
D,0.041815812762155
D,0.2336083075549737
D,0.1306340375397311
D,0.1075267890962682
D,0.0616647103625318
D,0.1323768554076902
D,0.0340668375639709
D,0.03222514715225
D,0.0445939948500904
D,0.0405251680590877
D,0.276358198366662
D,0.0487966290918059
D,0.0459386768307748
D,0.3464364190101251
D,0.0650632197986216
D,0.0459897006652123
D,0.0412170371295284
D,0.2407557956973067
D,0.0656271805315879
D,0.105796707230795
D,0.1055983988441099
D,0.2822374116675147
D,0.0505095305777539
D,0.041679089838968
D,0.0563676837736781
D,0.0410158090478837
D,0.1074375482428313
D,0.1152306673831924
D,0.0738225477580399
D,0.1027443864471638
D,0.1757881295550358
D,0.0947089335046596
D,0.2542802392333455
D,0.1075829053419553
D,0.1727376043703974
D,0.1749440665382198
D,0.0973542209973742
D,0.1998692422256829
D,0.2126080152232883
D,0.1226496858194266
D,0.0418876308173413
D,0.1466096592561664
D,0.140987669530971
D,0.0837746680655606
D,0.0573664317187676
D,0.0390805222429504
D,0.1024872961430556
D,0.0905045619400351
D,0.2485825701264207
D,0.0951172099525065
D,0.0614863805084193
D,0.05849146649911
D,0.0593339172962977
D,0.2722142600752114
D,0.1173823461879786
D,0.140871138426054
D,0.1646310518904412
D,0.0445650709558041
D,0.0599980171459949
D,0.0714131573179589
D,0.0375956206402313
D,0.109780625155759
D,0.0351881618799591
D,0.129330146072065
D,0.0547480188990306
D,0.0419928671158981
D,0.0409781022672394
D,0.0501383562739636
D,0.0450439606791864
D,0.2940669170241405
D,0.0563909192305608
D,0.0511668415407528
D,0.1538289422238098
D,0.1665101136308484
D,0.0731297335554723
D,0.1679669695322938
D,0.0712505076882896
D,0.051180910635819
D,0.1063980149939499
D,0.0569193335571444
D,0.0828256631742121
D,0.0962302135215279
D,0.0546194756245053
D,0.0496222024634849
D,0.0461744129971238
D,0.0301764241707692
D,0.043032197666271
D,0.053561930490187
D,0.0457792558605074
D,0.1534431020084858
D,0.2452035595726715
D,0.1890776716705585
D,0.0498946749382875
D,0.2782616633723944
D,0.148181053467639
D,0.0428383520459424
D,0.0513464025262472
D,0.2533249454354159
D,0.2097763410614443
D,0.0354727707868236
D,0.0379955055095626
D,0.1339559898912539
D,0.2198326456960717
D,0.0435999499550576
D,0.0433532334321266
D,0.0657217182186149
D,0.053444006410972
D,0.3527621388742788
D,0.1350985672995971
D,0.1435201280436291
D,0.0415031335230295
D,0.1526429663955007
D,0.0637328156631029
D,0.2291463140399663
D,0.0371312881778193
D,0.1115976955389433
D,0.2361498212993018
D,0.1798323981218883
D,0.2503649190211842
D,0.0449169765135503
D,0.1615541079471356
D,0.1863197439048744
D,0.1460938936404195
D,0.0433761001028715
D,0.1068665411424511
D,0.2051531698980956
D,0.370485614738661
D,0.0954896040678799
D,0.2005199177658147
D,0.3977860833130648
D,0.0485702657974105
D,0.0542767218656806
D,0.2739297272043621
D,0.0419494935907318
D,0.3313025877857947
D,0.0332997331452396
D,0.0461545838165734
D,0.0488421048230756
D,0.0790876884925676
D,0.0494720617479108
D,0.0320022267413809
D,0.2790039577138216
D,0.0598900719252926
D,0.0656221382966391
D,0.0473539615009691
D,0.2424856473985554
D,0.0342814537668925
D,0.1307120505675434
D,0.0401927474553404
D,0.1084736972645759
D,0.1369057599556789
D,0.0936603779897129
D,0.379540240637822
D,0.04196772018228
D,0.0419594279831528
D,0.1759883336132964
D,0.1873402266837494
D,0.0574263991149067
D,0.0440962449188935
D,0.199820021791633
D,0.1932080713312035
D,0.1783664516796136
D,0.0411470197901569
D,0.0508023821641332
D,0.3408950538946943
D,0.106839381409752
D,0.0538142026819683
E,0.1578300235060128
E,0.0516884536193463
E,0.0492324859219756
E,0.082419973486192
E,0.1707096361804376
E,0.0642086197888247
E,0.0358514993137157
E,0.3529676930039618
E,0.0790000321688496
E,0.1153381539950818
E,0.1668723715886771
E,0.181292787499989
E,0.1639411716586007
E,0.1592276803104943
E,0.081961423849412
E,0.1225955204739286
E,0.036592081982301
E,0.1463173848745257
E,0.2098139937762941
E,0.0470973210629234
E,0.1317335692725968
E,0.2565783903977138
E,0.072829086916702
E,0.1513979256917285
E,0.0432119045309577
E,0.0476130435154561
E,0.2248298195005875
E,0.0911285951167533
E,0.0475499946835088
E,0.2210098376795768
E,0.0500984452384822
E,0.1220028554218009
E,0.0570964357586708
E,0.0569031235423752
E,0.074537000203359
E,0.0829080491788834
E,0.1182089419162219
E,0.2575620285713472
E,0.2071399015948961
E,0.1625529641868486
E,0.0990093610115138
E,0.2281881658990362
E,0.1598565986295048
E,0.0731032552138351
E,0.1927128377085071
E,0.1892782187397124
E,0.0512028228540718
E,0.0445884233729504
E,0.0455940305239762
E,0.0695681730999929
E,0.0925429145829862
E,0.1741059793507271
E,0.0455590580021819
E,0.1192782824203469
E,0.1130859543860561
E,0.0531756664382106
E,0.0686251957696797
E,0.0295338025753506
E,0.078250502659955
E,0.064522510640571
E,0.0652468312973741
E,0.0377878941371459
E,0.0601765440458425
E,0.0462383479314071
E,0.0510716545411922
E,0.0432900004795037
E,0.0559970615433924
E,0.0707537822151791
E,0.1495009143911914
E,0.0469969255095096
E,0.1998826497473313
E,0.0557379964561671
E,0.0474964360082216
E,0.0580576359793444
E,0.1736999988306175
E,0.0797863983673417
E,0.1393701471097577
E,0.0619904790158612
E,0.2200412461447886
E,0.0476790621782342
E,0.094121220297081
E,0.0983551456206253
E,0.1489207612144144
E,0.1395291091199684
E,0.0601055871254658
E,0.110108301067319
E,0.0378676906720992
E,0.0396605995465651
E,0.0378428106059751
E,0.0544995123941539
E,0.05270519920382
E,0.1602841331217626
E,0.1542707416737689
E,0.2689594237705622
E,0.0423210840940398
E,0.1876674226814778
E,0.1741683718173708
E,0.0974655858779392
E,0.0924003669936984
E,0.1094090413031019
E,0.0318898028245936
E,0.0707878890491941
E,0.0373621692273597
E,0.0356622158212579
E,0.0891000353461699
E,0.0522339718625773
E,0.0936830989899624
E,0.0423188984258211
E,0.1170989624920971
E,0.0604954346645548
E,0.2518557611253358
E,0.0533286383055793
E,0.0426718190498537
E,0.1004206015353742
E,0.0714183915431214
E,0.2060314908306318
E,0.1125517376396014
E,0.0413355380613987
E,0.0510802919885689
E,0.0667306389608198
E,0.0347066372624382
E,0.1885247073207233
E,0.060041387479204
E,0.0581138575667115
E,0.105134297748934
E,0.0546900189723195
E,0.1216182228012244
E,0.0611303100456823
E,0.108880678721526
E,0.1315225076286849
E,0.0880901619747735
E,0.3405821713849256
E,0.0546384672483219
E,0.0474002343348368
E,0.0638395724119278
E,0.060446237965864
E,0.0555769346258001
E,0.0660680173312213
E,0.1492620840409669
E,0.1584794219850417
E,0.1465272903938812
E,0.178232846221075
E,0.279571887084503
E,0.1035015709232762
E,0.2720115708238362
E,0.1194848941634863
E,0.1187067687676972
E,0.152276960306334
E,0.1416059473722484
E,0.0865702310168381
E,0.107137726871045
E,0.1839420858629102
E,0.1158224177675847
E,0.0470152547957051
E,0.2338494401616563
E,0.1523170985551641
E,0.1140107802336411
E,0.0868046787536588
E,0.0381276081463175
E,0.083181951209372
E,0.0918251533694717
E,0.2688693694028437
E,0.0814650434774405
E,0.0559242567311676
E,0.0911405418453999
E,0.0611375835328069
E,0.0553457172903277
E,0.2183629263829249
E,0.1510117769512031
E,0.1521739329452648
E,0.0524790819266643
E,0.2122807937515149
E,0.047498436160301
E,0.0597525499218049
E,0.0697661878609432
E,0.0432732357001227
E,0.0365602205284866
E,0.0443154260344241
E,0.0464289561057498
E,0.2132541801290144
E,0.0478918750380546
E,0.1022448743741057
E,0.0426303682395593
E,0.0536633536202156
E,0.0492217222930178
E,0.0865762754988054
E,0.0435253573403429
E,0.0417230012476311
E,0.1989190354094754
E,0.3607448353447917
E,0.0693298653640617
E,0.0636661375809072
E,0.0556298655014259
E,0.0496721288675397
E,0.082532389607838
E,0.079321884107123
E,0.1898060869028657
E,0.0573306664671211
E,0.0756969198166448
E,0.0495292935410706
E,0.1230737261681767
E,0.0699621816823375
E,0.0866604568403325
E,0.1070854394557594
E,0.054680125922131
E,0.0616228930764867
E,0.0487563740463204
E,0.0488819011538943
E,0.1078947865268771
E,0.1632260404437733
E,0.080563083780941
E,0.1334007621895924
E,0.0432062816271891
E,0.078244008503505
E,0.0590351355268607
E,0.0511844773525661
E,0.043399204004954
E,0.0528001444927545
E,0.0486114098565064
E,0.0306718252591224
E,0.051199249448013
E,0.0525959124228603
E,0.0668355917764857
E,0.0732566651940051
E,0.184601433029851
E,0.1578981707147743
E,0.042731063753891
E,0.0826958929132379
E,0.0528187238272737
E,0.0512890759371334
E,0.0803875167275503
E,0.2865847865351894
E,0.085765747523404
E,0.0652212446889713
E,0.0866097208595472
E,0.0442895980960898
E,0.0547948619104041
E,0.0902920807018437
E,0.0399143184181176
E,0.0413930489481097
E,0.1735628731140182
E,0.055437936886413
E,0.0506584117792666
E,0.096032381491847
E,0.056015155287287
E,0.2756887823372186
E,0.0679395552224866
E,0.0743989177785125
E,0.0846425990440453
E,0.0513116054176091
E,0.1396177512899835
E,0.0469723817648872
E,0.1664065356554802
E,0.0322675461969119
E,0.0450931426584508
E,0.0864132464464361
E,0.0888077952470211
E,0.1893820488017199
E,0.2419572814080499
E,0.0520448237321382
E,0.0578349071805881
E,0.1237840380481997
E,0.2306657553996134
E,0.0443727615118662
E,0.042262914849905
E,0.1659829571457738
E,0.1006440563497421
E,0.2151113337005648
E,0.1804093679110869
E,0.04688209027453
E,0.1536743729246237
E,0.1284775311609167
E,0.258288901605729
E,0.0961335551739863
E,0.0680271739244233
E,0.4089005665548813
E,0.0484369462644305
E,0.0560698605947866
E,0.2926388121111237
E,0.0405607340265329
E,0.0676730472077833
E,0.1229346135998004
E,0.3189996307310456
E,0.0349036367701696
E,0.048672584730602
E,0.0475626080883785
E,0.0800500038239631
E,0.0498752539004156
E,0.0566087434617121
E,0.1391248174383005
E,0.0629576711664499
E,0.0558775512018575
E,0.0655898056197215
E,0.286870261970353
E,0.0639343992303743
E,0.0690981549390409
E,0.0614311201709489
E,0.1026703374099721
E,0.2145744536655345
E,0.0359098090294955
E,0.0701533395748148
E,0.0490156719924977
E,0.1013729610497543
E,0.0557718152805475
E,0.1163056587482934
E,0.1024827429469142
E,0.0856810309541873
E,0.3054600038076177
E,0.0594268143245914
E,0.0396924336019781
E,0.046959684458674
E,0.0856531579079219
E,0.1290598975841745
E,0.1099315587815101
E,0.1959658203521106
E,0.0557765691057751
E,0.0589175180403075
E,0.1911472238421703
E,0.0446027302324021
E,0.1664691477723842
E,0.1767919013401845
E,0.1920784455584835
E,0.0361940561149569
E,0.0504875266297151
E,0.2799689585318998
E,0.0645856992344079
E,0.1379153701046138
E,0.0529260325526017
E,0.0786710191235446
E,0.0961791057906844
E,0.0522875689446424
E,0.1238404348027012
E,0.1919094975521405
F,0.1291773685620094
F,0.0514501765885271
F,0.0523167081137934
F,0.0888386427198569
F,0.0551586128257253
F,0.0554683971289897
F,0.0408497797699805
F,0.0399554865217784
F,0.0533819001595895
F,0.2642131482280207
F,0.0989411006276436
F,0.1036869571288461
F,0.1500326378194192
F,0.0988978129760994
F,0.0836010283430489
F,0.1229372995149184
F,0.0455928609033747
F,0.0748998625959732
F,0.1297454134265042
F,0.10680952905731
F,0.0480590982963523
F,0.1227271293763977
F,0.2927921177881538
F,0.0693167252097832
F,0.0479861147324934
F,0.0429333305975768
F,0.0466142700118888
F,0.051601747977973
F,0.1750238675557458
F,0.0537686864754356
F,0.0412835021875149
F,0.0604865707270338
F,0.0509996155018089
F,0.0702701578380952
F,0.1185610097156855
F,0.048368941150558
F,0.1059639257922438
F,0.0601521474445856
F,0.0552318348045407
F,0.0819868474108832
F,0.0936771636367277
F,0.074458463803827
F,0.1352728956102489
F,0.1326980984196682
F,0.0583897785241621
F,0.0672426534124995
F,0.166326053463588
F,0.1051279709600657
F,0.14756261965998
F,0.0955853091148219
F,0.1516216068687567
F,0.0824511546795605
F,0.0664270397422084
F,0.1209273379531396
F,0.0786485959811444
F,0.1057198547017586
F,0.0454265067518501
F,0.0900708385750372
F,0.0457047912763547
F,0.0587140708332762
F,0.1032379537041309
F,0.0691145643281382
F,0.0523861136731974
F,0.1250618162947821
F,0.1909461296669246
F,0.132886861385645
F,0.0604339858102215
F,0.0765875852160259
F,0.0343040761045456
F,0.064825181504464
F,0.0690029157201577
F,0.1329842657386662
F,0.0726869453564445
F,0.062874839465514
F,0.0943284222975547
F,0.0432823345781141
F,0.0462075260680295
F,0.0662850237697987
F,0.0911433895181581
F,0.1386483709079416
F,0.0467612126858777
F,0.1385279140333712
F,0.0429023417408411
F,0.0435913590550394
F,0.050013108884647
F,0.0703607326594334
F,0.1457989520134676
F,0.1107926554963861
F,0.1001690293773752
F,0.0981000777002106
F,0.1719943926152306
F,0.0523704341931956
F,0.0851417815169826
F,0.0734459691066202
F,0.1306935153514654
F,0.0663965167356846
F,0.0914946843856991
F,0.0425059441766056
F,0.0942026677364571
F,0.0389924570108786
F,0.0385124616901384
F,0.0886453933070648
F,0.1023796197748571
F,0.0558687991609253
F,0.0506276383926123
F,0.0474128597933467
F,0.0801947069721194
F,0.1723708062919318
F,0.1202562079021054
F,0.108405136428175
F,0.0736678299874766
F,0.1320103933962505
F,0.0362814770837359
F,0.0396078188511716
F,0.0431448067887197
F,0.0548991514028795
F,0.0802315811874955
F,0.0571490465932422
F,0.0844346941853882
F,0.101590670141421
F,0.1562670670286675
F,0.2116386896146359
F,0.064658855814245
F,0.0505779645378433
F,0.0384666522844069
F,0.1098321914139194
F,0.0823291520828637
F,0.0701401683140471
F,0.0751183034116995
F,0.0481926246174043
F,0.0934406222290666
F,0.0455121175197044
F,0.0804406399020753
F,0.2640165426737594
F,0.0642184096376154
F,0.1202269043851754
F,0.0719593741067325
F,0.103066370809633
F,0.1940023062521232
F,0.2538764164984888
F,0.0590058585796798
F,0.0770382613725047
F,0.1079349902852011
F,0.095878374688776
F,0.0539189859319478
F,0.068781280318554
F,0.1098190225648945
F,0.1488992515436853
F,0.0827904070406687
F,0.0609081024848736
F,0.1884243287193095
F,0.0606108752540289
F,0.2391479266093846
F,0.1148728455849423
F,0.1606996717802709
F,0.2357989240123483
F,0.1132720158322923
F,0.0380922921610511
F,0.0507437239102964
F,0.1312431603988383
F,0.0859457387596279
F,0.0511411013565559
F,0.0702673550019449
F,0.0394648456359251
F,0.056906913522206
F,0.3220135818687685
F,0.0940724897270478
F,0.0989321437613988
F,0.0637806683505967
F,0.0578880977348848
F,0.2077997717426415
F,0.1121141016032015
F,0.074905064605944
F,0.1379508215841632
F,0.1081109402646207
F,0.0567141383275359
F,0.0876640599180539
F,0.0650769091184119
F,0.0658322091684977
F,0.0576407974708756
F,0.0559064836516722
F,0.0448292292778442
F,0.0463594468635304
F,0.0813222341616007
F,0.150076901751035
F,0.0522427352421866
F,0.0742814522574294
F,0.1441158541355406
F,0.0457304437138231
F,0.0574581082743869
F,0.0492414796662304
F,0.0674551988431065
F,0.0420953875578806
F,0.0515780342201955
F,0.1502438757347089
F,0.2493270740892402
F,0.0911524286261426
F,0.0695228174293468
F,0.0637500961230539
F,0.0476791663943411
F,0.0531023855734232
F,0.0683098159615225
F,0.0998582444980135
F,0.1405797351219952
F,0.1243877734441741
F,0.0913849066863518
F,0.0747669232013093
F,0.0733080381903047
F,0.1309998991815805
F,0.0635927079416666
F,0.1725226912389565
F,0.0775815979732833
F,0.0561537557925838
F,0.1043752214750995
F,0.0331535092694974
F,0.0396132213974744
F,0.0567311233737695
F,0.0522098939345041
F,0.1114499644341692
F,0.0825850092428469
F,0.0832485622477124
F,0.1310398892974762
F,0.135633657065255
F,0.0950030571702867
F,0.0914315289114092
F,0.0563775331340306
F,0.054767497801748
F,0.0480468020942235
F,0.0503477017104642
F,0.0359884815394649
F,0.0469409213491304
F,0.0623246201738072
F,0.1044144636014726
F,0.0746943665994563
F,0.1724674676061167
F,0.0577865796209836
F,0.0420541056336042
F,0.1441509150051517
F,0.0720121822173329
F,0.0690351367364408
F,0.0974084961456197
F,0.0578687036415559
F,0.1183281907761792
F,0.1770256707552631
F,0.0758434550571281
F,0.0910833308368331
F,0.0438335352892556
F,0.0754383986997123
F,0.0638585006947973
F,0.0474024388996542
F,0.0844011612566333
F,0.0421903186335045
F,0.0754594433108026
F,0.0638669445261854
F,0.1357669638213007
F,0.0934303880947774
F,0.10355747750438
F,0.0631515205060502
F,0.1502386203476855
F,0.1018884808495094
F,0.0760542389114241
F,0.0875232007967448
F,0.0543318623218198
F,0.1048254204196361
F,0.0488285180193417
F,0.1888763085162076
F,0.042462188041098
F,0.0425285991241564
F,0.046453604758826
F,0.0930400258168645
F,0.0804629608517434
F,0.0577229474240049
F,0.1209069508218776
F,0.1791041200170433
F,0.1152741349586672
F,0.0702272574916922
F,0.0786245821251571
F,0.1614098688914717
F,0.1049354316483484
F,0.0336965336004386
F,0.1784236058425367
F,0.0482877008554251
F,0.0444728392255284
F,0.0428924916802161
F,0.177791164895772
F,0.124284422661501
F,0.1650307570976295
F,0.1779789489185479
F,0.0541621734380542
F,0.1128914448206979
F,0.0714863015745006
F,0.0898404503925153
F,0.1103172827769286
F,0.286018682923283
F,0.0723201829051633
F,0.0787833473212688
F,0.0612910079231515
F,0.2252012202466509
F,0.0546140446896247
F,0.0707583857076588
F,0.2326502713621161
F,0.049926720635142
F,0.0796493865238253
F,0.1668922750143143
F,0.3560651364824396
F,0.040024903686744
F,0.0591068291104914
F,0.0817363115516297
F,0.0753627042982424
F,0.1255403162142901
F,0.0767415716919625
F,0.1077957487396874
F,0.2302539026021591
F,0.0580924831541332
F,0.0621767742259412
F,0.0611435843999896
F,0.1062842478519452
F,0.0702163107483313
F,0.2547581279801728
F,0.0740479179688825
F,0.057726799860089
F,0.061447649230116
F,0.0677655635368959
F,0.0716418163521807
F,0.0568076242600868
F,0.097824723875266
F,0.0685266262176788
F,0.101598624200584
F,0.1163974538054777
F,0.0784368795961325
F,0.1309912692648401
F,0.2360150718585277
F,0.09967245533997
F,0.0706483414230863
F,0.0417699781252198
F,0.0432818589930356
F,0.1077821083660835
F,0.1116457890251299
F,0.0550491855178863
F,0.1276461438645041
F,0.0624348110660767
F,0.059766315629351
F,0.0442481023204795
F,0.1064874624425183
F,0.1298009261388427
F,0.1818957346132463
F,0.0380252234030287
F,0.051999221193727
F,0.3659995100693453
F,0.0896820885906657
F,0.1326128463574568
F,0.0595382348724452
F,0.0829414338889796
F,0.0508472453148146
F,0.0966159014399095
